hour_index,generation_kw,load_kw,generation_kwh,load_kwh,grid_import,grid_export,curtailed_kwh,unmet_load_kwh,soc,cloud,inverter_failed_frac,season,strategy,time_step_min
0,0.0,0.5,0.0,0.5,0.0,0.0,0.0,0.0,6.22295372330527,0.5479320779751089,0.0,Spring,LOAD_PRIORITY,60
1,0.5850189394998155,0.5,0.5850189394998155,0.5,0.0,0.0,0.0,0.0,6.3036097712267125,0.5479320779751089,0.0,Spring,LOAD_PRIORITY,60
2,1.1301698050622275,0.5,1.1301698050622275,0.5,0.0,0.0,0.0,0.0,6.901441340224996,0.5479320779751089,0.0,Spring,LOAD_PRIORITY,60
3,1.5983014661035595,0.5,1.5983014661035595,0.5,0.0,0.0,0.0,0.0,7.943381597341835,0.5479320779751089,0.0,Spring,LOAD_PRIORITY,60
4,1.957511523547992,0.5,1.957511523547992,0.5,0.0,0.0,0.0,0.0,9.326098436447973,0.5479320779751089,0.0,Spring,LOAD_PRIORITY,60
5,2.1833204056033746,0.5,2.1833204056033746,0.5,0.0,0.0,0.0,0.0,10.92303639051151,0.5479320779751089,0.0,Spring,LOAD_PRIORITY,60
6,2.2603396101244555,0.5,2.2603396101244555,0.5,0.0,0.0,0.0,0.0,12.593041177533335,0.5479320779751089,0.0,Spring,LOAD_PRIORITY,60
7,2.183320405603375,0.5,2.183320405603375,0.5,0.0,0.7273018646103905,0.0,0.0,13.5,0.5479320779751089,0.0,Spring,LOAD_PRIORITY,60
8,1.9575115235479923,0.5,1.9575115235479923,0.5,0.0,1.4575115235479923,0.0,0.0,13.5,0.5479320779751089,0.0,Spring,LOAD_PRIORITY,60
9,1.5983014661035595,0.5,1.5983014661035595,0.5,0.0,1.0983014661035595,0.0,0.0,13.5,0.5479320779751089,0.0,Spring,LOAD_PRIORITY,60
10,1.1301698050622286,0.5,1.1301698050622286,0.5,0.0,0.6301698050622286,0.0,0.0,13.5,0.5479320779751089,0.0,Spring,LOAD_PRIORITY,60
11,0.5850189394998162,0.5,0.5850189394998162,0.5,0.0,0.0850189394998162,0.0,0.0,13.5,0.5479320779751089,0.0,Spring,LOAD_PRIORITY,60
12,2.768117668524891e-16,0.5,2.768117668524891e-16,0.5,0.0,0.0,0.0,0.0,12.97295372330527,0.5479320779751089,0.0,Spring,LOAD_PRIORITY,60
13,0.0,0.5,0.0,0.5,0.0,0.0,0.0,0.0,12.44590744661054,0.5479320779751089,0.0,Spring,LOAD_PRIORITY,60
14,0.0,0.5,0.0,0.5,0.0,0.0,0.0,0.0,11.918861169915811,0.5479320779751089,0.0,Spring,LOAD_PRIORITY,60
15,0.0,0.5,0.0,0.5,0.0,0.0,0.0,0.0,11.391814893221081,0.5479320779751089,0.0,Spring,LOAD_PRIORITY,60
16,0.0,0.5,0.0,0.5,0.0,0.0,0.0,0.0,10.864768616526352,0.5479320779751089,0.0,Spring,LOAD_PRIORITY,60
17,0.0,0.5,0.0,0.5,0.0,0.0,0.0,0.0,10.337722339831622,0.5479320779751089,0.0,Spring,LOAD_PRIORITY,60
18,0.0,2.339440795356438,0.0,2.339440795356438,0.0,0.0,0.0,0.0,7.871735218350885,0.5479320779751089,0.0,Spring,LOAD_PRIORITY,60
19,0.0,3.056791463495366,0.0,3.056791463495366,0.0,0.0,0.0,0.0,4.6495940994159515,0.5479320779751089,0.0,Spring,LOAD_PRIORITY,60
20,0.0,2.3702439217023787,0.0,2.3702439217023787,0.0,0.0,0.0,0.0,2.151137631832844,0.5479320779751089,0.0,Spring,LOAD_PRIORITY,60
21,0.0,2.080460712532303,0.0,2.080460712532303,0.039712369404548475,0.0,0.0,0.0,0.0,0.5479320779751089,0.0,Spring,LOAD_PRIORITY,60
22,0.0,0.5,0.0,0.5,0.5,0.0,0.0,0.0,0.0,0.5479320779751089,0.0,Spring,LOAD_PRIORITY,60
23,0.0,0.5,0.0,0.5,0.5,0.0,0.0,0.0,0.0,0.5479320779751089,0.0,Spring,LOAD_PRIORITY,60
24,0.0,0.5,0.0,0.5,0.5,0.0,0.0,0.0,0.0,0.6097433893111933,0.0,Spring,LOAD_PRIORITY,60
25,0.5050292166171156,0.5,0.5050292166171156,0.5,0.0,0.0,0.0,0.0,0.004771133806935713,0.6097433893111933,0.0,Spring,LOAD_PRIORITY,60
26,0.9756415267220165,0.5,0.9756415267220165,0.5,0.0,0.0,0.0,0.0,0.4560043060673599,0.6097433893111933,0.0,Spring,LOAD_PRIORITY,60
27,1.3797654791046685,0.5,1.3797654791046685,0.5,0.0,0.0,0.0,0.0,1.2906231222953672,0.6097433893111933,0.0,Spring,LOAD_PRIORITY,60
28,1.6898606942566012,0.5,1.6898606942566012,0.5,0.0,0.0,0.0,0.0,2.4194240899433934,0.6097433893111933,0.0,Spring,LOAD_PRIORITY,60
29,1.8847946957217838,0.5,1.8847946957217838,0.5,0.0,0.0,0.0,0.0,3.733155689003593,0.6097433893111933,0.0,Spring,LOAD_PRIORITY,60
30,1.9512830534440333,0.5,1.9512830534440333,0.5,0.0,0.0,0.0,0.0,5.109963682549698,0.6097433893111933,0.0,Spring,LOAD_PRIORITY,60
31,1.8847946957217843,0.5,1.8847946957217843,0.5,0.0,0.0,0.0,0.0,6.4236952816098984,0.6097433893111933,0.0,Spring,LOAD_PRIORITY,60
32,1.6898606942566017,0.5,1.6898606942566017,0.5,0.0,0.0,0.0,0.0,7.552496249257925,0.6097433893111933,0.0,Spring,LOAD_PRIORITY,60
33,1.3797654791046685,0.5,1.3797654791046685,0.5,0.0,0.0,0.0,0.0,8.387115065485933,0.6097433893111933,0.0,Spring,LOAD_PRIORITY,60
34,0.9756415267220174,0.5,0.9756415267220174,0.5,0.0,0.0,0.0,0.0,8.838348237746358,0.6097433893111933,0.0,Spring,LOAD_PRIORITY,60
35,0.5050292166171162,0.5,0.5050292166171162,0.5,0.0,0.0,0.0,0.0,8.843119371553295,0.6097433893111933,0.0,Spring,LOAD_PRIORITY,60
36,2.3896325456307095e-16,0.5,2.3896325456307095e-16,0.5,0.0,0.0,0.0,0.0,8.316073094858565,0.6097433893111933,0.0,Spring,LOAD_PRIORITY,60
37,0.0,0.5,0.0,0.5,0.0,0.0,0.0,0.0,7.789026818163835,0.6097433893111933,0.0,Spring,LOAD_PRIORITY,60
38,0.0,0.5,0.0,0.5,0.0,0.0,0.0,0.0,7.261980541469105,0.6097433893111933,0.0,Spring,LOAD_PRIORITY,60
39,0.0,0.5,0.0,0.5,0.0,0.0,0.0,0.0,6.734934264774376,0.6097433893111933,0.0,Spring,LOAD_PRIORITY,60
40,0.0,0.5,0.0,0.5,0.0,0.0,0.0,0.0,6.207887988079646,0.6097433893111933,0.0,Spring,LOAD_PRIORITY,60
41,0.0,0.5,0.0,0.5,0.0,0.0,0.0,0.0,5.680841711384916,0.6097433893111933,0.0,Spring,LOAD_PRIORITY,60
42,0.0,2.564576656559755,0.0,2.564576656559755,0.0,0.0,0.0,0.0,2.97754055510884,0.6097433893111933,0.0,Spring,LOAD_PRIORITY,60
43,0.0,2.712728602137194,0.0,2.712728602137194,0.0,0.0,0.0,0.0,0.11807353622942518,0.6097433893111933,0.0,Spring,LOAD_PRIORITY,60
44,0.0,2.6719519945211463,0.0,2.6719519945211463,2.5599376027585286,0.0,0.0,0.0,0.0,0.6097433893111933,0.0,Spring,LOAD_PRIORITY,60
45,0.0,2.477226226570538,0.0,2.477226226570538,2.477226226570538,0.0,0.0,0.0,0.0,0.6097433893111933,0.0,Spring,LOAD_PRIORITY,60
46,0.0,0.5,0.0,0.5,0.5,0.0,0.0,0.0,0.0,0.6097433893111933,0.0,Spring,LOAD_PRIORITY,60
47,0.0,0.5,0.0,0.5,0.5,0.0,0.0,0.0,0.0,0.6097433893111933,0.0,Spring,LOAD_PRIORITY,60
48,0.0,0.5,0.0,0.5,0.5,0.0,0.0,0.0,0.0,0.009272124019628736,0.0,Spring,LOAD_PRIORITY,60
49,1.2820962140884413,0.5,1.2820962140884413,0.5,0.0,0.0,0.0,0.0,0.7419616157742432,0.009272124019628736,0.0,Spring,LOAD_PRIORITY,60
50,2.476819689950928,0.5,2.476819689950928,0.5,0.0,0.0,0.0,0.0,2.6173374388880832,0.009272124019628736,0.0,Spring,LOAD_PRIORITY,60
51,3.5027519970813272,0.5,3.5027519970813272,0.5,0.0,0.0,0.0,0.0,5.465998106706964,0.009272124019628736,0.0,Spring,LOAD_PRIORITY,60
52,4.0,0.5,4.0,0.5,0.0,0.0,0.0,0.0,8.786389649883763,0.009272124019628736,0.0,Spring,LOAD_PRIORITY,60
53,4.0,0.5,4.0,0.5,0.0,0.0,0.0,0.0,12.106781193060561,0.009272124019628736,0.0,Spring,LOAD_PRIORITY,60
54,4.0,0.5,4.0,0.5,0.0,2.03141843036299,0.0,0.0,13.5,0.009272124019628736,0.0,Spring,LOAD_PRIORITY,60
55,4.0,0.5,4.0,0.5,0.0,3.5,0.0,0.0,13.5,0.009272124019628736,0.0,Spring,LOAD_PRIORITY,60
56,4.0,0.5,4.0,0.5,0.0,3.5,0.0,0.0,13.5,0.009272124019628736,0.0,Spring,LOAD_PRIORITY,60
57,3.5027519970813272,0.5,3.5027519970813272,0.5,0.0,3.0027519970813272,0.0,0.0,13.5,0.009272124019628736,0.0,Spring,LOAD_PRIORITY,60
58,2.47681968995093,0.5,2.47681968995093,0.5,0.0,1.97681968995093,0.0,0.0,13.5,0.009272124019628736,0.0,Spring,LOAD_PRIORITY,60
59,1.2820962140884427,0.5,1.2820962140884427,0.5,0.0,0.7820962140884427,0.0,0.0,13.5,0.009272124019628736,0.0,Spring,LOAD_PRIORITY,60
60,6.066458610727088e-16,0.5,6.066458610727088e-16,0.5,0.0,0.0,0.0,0.0,12.97295372330527,0.009272124019628736,0.0,Spring,LOAD_PRIORITY,60
61,0.0,0.5,0.0,0.5,0.0,0.0,0.0,0.0,12.44590744661054,0.009272124019628736,0.0,Spring,LOAD_PRIORITY,60
62,0.0,0.5,0.0,0.5,0.0,0.0,0.0,0.0,11.918861169915811,0.009272124019628736,0.0,Spring,LOAD_PRIORITY,60
63,0.0,0.5,0.0,0.5,0.0,0.0,0.0,0.0,11.391814893221081,0.009272124019628736,0.0,Spring,LOAD_PRIORITY,60
64,0.0,0.5,0.0,0.5,0.0,0.0,0.0,0.0,10.864768616526352,0.009272124019628736,0.0,Spring,LOAD_PRIORITY,60
65,0.0,0.5,0.0,0.5,0.0,0.0,0.0,0.0,10.337722339831622,0.009272124019628736,0.0,Spring,LOAD_PRIORITY,60
66,0.0,0.63597906462052,0.0,0.63597906462052,0.0,0.0,0.0,0.0,9.667341543703538,0.009272124019628736,0.0,Spring,LOAD_PRIORITY,60
67,0.0,0.6003037756166466,0.0,0.6003037756166466,0.0,0.0,0.0,0.0,9.034565804054454,0.009272124019628736,0.0,Spring,LOAD_PRIORITY,60
68,0.0,0.81619587664345,0.0,0.81619587664345,0.0,0.0,0.0,0.0,8.174219808377412,0.009272124019628736,0.0,Spring,LOAD_PRIORITY,60
69,0.0,3.4197233494965062,0.0,3.4197233494965062,0.0,0.0,0.0,0.0,4.569514891021084,0.009272124019628736,0.0,Spring,LOAD_PRIORITY,60
70,0.0,0.5,0.0,0.5,0.0,0.0,0.0,0.0,4.042468614326355,0.009272124019628736,0.0,Spring,LOAD_PRIORITY,60
71,0.0,0.5,0.0,0.5,0.0,0.0,0.0,0.0,3.515422337631625,0.009272124019628736,0.0,Spring,LOAD_PRIORITY,60
72,0.0,0.5,0.0,0.5,0.0,0.0,0.0,0.0,2.9883760609368952,0.7411479724328303,0.0,Spring,LOAD_PRIORITY,60
73,0.3349791729889312,0.5,0.3349791729889312,0.5,0.0,0.0,0.0,0.0,2.8144288360303573,0.7411479724328303,0.0,Spring,LOAD_PRIORITY,60
74,0.6471300689179242,0.5,0.6471300689179242,0.5,0.0,0.0,0.0,0.0,2.9540086750538133,0.7411479724328303,0.0,Spring,LOAD_PRIORITY,60
75,0.9151801200831643,0.5,0.9151801200831643,0.5,0.0,0.0,0.0,0.0,3.347883120659318,0.7411479724328303,0.0,Spring,LOAD_PRIORITY,60
76,1.120862158471394,0.5,1.120862158471394,0.5,0.0,0.0,0.0,0.0,3.936884680792721,0.7411479724328303,0.0,Spring,LOAD_PRIORITY,60
77,1.2501592930720953,0.5,1.2501592930720953,0.5,0.0,0.0,0.0,0.0,4.648548273007599,0.7411479724328303,0.0,Spring,LOAD_PRIORITY,60
78,1.2942601378358487,0.5,1.2942601378358487,0.5,0.0,0.0,0.0,0.0,5.402049600079767,0.7411479724328303,0.0,Spring,LOAD_PRIORITY,60
79,1.2501592930720955,0.5,1.2501592930720955,0.5,0.0,0.0,0.0,0.0,6.113713192294645,0.7411479724328303,0.0,Spring,LOAD_PRIORITY,60
80,1.1208621584713943,0.5,1.1208621584713943,0.5,0.0,0.0,0.0,0.0,6.702714752428048,0.7411479724328303,0.0,Spring,LOAD_PRIORITY,60
81,0.9151801200831643,0.5,0.9151801200831643,0.5,0.0,0.0,0.0,0.0,7.096589198033553,0.7411479724328303,0.0,Spring,LOAD_PRIORITY,60
82,0.6471300689179248,0.5,0.6471300689179248,0.5,0.0,0.0,0.0,0.0,7.236169037057009,0.7411479724328303,0.0,Spring,LOAD_PRIORITY,60
83,0.3349791729889316,0.5,0.3349791729889316,0.5,0.0,0.0,0.0,0.0,7.062221812150472,0.7411479724328303,0.0,Spring,LOAD_PRIORITY,60
84,1.5850115350646843e-16,0.5,1.5850115350646843e-16,0.5,0.0,0.0,0.0,0.0,6.535175535455743,0.7411479724328303,0.0,Spring,LOAD_PRIORITY,60
85,0.0,0.5,0.0,0.5,0.0,0.0,0.0,0.0,6.008129258761013,0.7411479724328303,0.0,Spring,LOAD_PRIORITY,60
86,0.0,0.5,0.0,0.5,0.0,0.0,0.0,0.0,5.481082982066283,0.7411479724328303,0.0,Spring,LOAD_PRIORITY,60
87,0.0,0.5,0.0,0.5,0.0,0.0,0.0,0.0,4.9540367053715535,0.7411479724328303,0.0,Spring,LOAD_PRIORITY,60
88,0.0,0.5,0.0,0.5,0.0,0.0,0.0,0.0,4.426990428676824,0.7411479724328303,0.0,Spring,LOAD_PRIORITY,60
89,0.0,0.5,0.0,0.5,0.0,0.0,0.0,0.0,3.899944151982094,0.7411479724328303,0.0,Spring,LOAD_PRIORITY,60
90,0.0,2.611540684631195,0.0,2.611540684631195,0.0,0.0,0.0,0.0,1.1471385634387397,0.7411479724328303,0.0,Spring,LOAD_PRIORITY,60
91,0.0,3.4853579399388908,0.0,3.4853579399388908,2.3970867442548984,0.0,0.0,0.0,0.0,0.7411479724328303,0.0,Spring,LOAD_PRIORITY,60
92,0.0,1.5715308382700899,0.0,1.5715308382700899,1.5715308382700899,0.0,0.0,0.0,0.0,0.7411479724328303,0.0,Spring,LOAD_PRIORITY,60
93,0.0,1.2997692081091552,0.0,1.2997692081091552,1.2997692081091552,0.0,0.0,0.0,0.0,0.7411479724328303,0.0,Spring,LOAD_PRIORITY,60
94,0.0,0.5,0.0,0.5,0.5,0.0,0.0,0.0,0.0,0.7411479724328303,0.0,Spring,LOAD_PRIORITY,60
95,0.0,0.5,0.0,0.5,0.5,0.0,0.0,0.0,0.0,0.7411479724328303,0.0,Spring,LOAD_PRIORITY,60
96,0.0,0.5,0.0,0.5,0.5,0.0,0.0,0.0,0.0,0.6079498188265862,0.0,Spring,LOAD_PRIORITY,60
97,0.5073502676178662,0.5,0.5073502676178662,0.5,0.0,0.0,0.0,0.0,0.00697307612527117,0.6079498188265862,0.0,Spring,LOAD_PRIORITY,60
98,0.9801254529335344,0.5,0.9801254529335344,0.5,0.0,0.0,0.0,0.0,0.4624600742922533,0.6079498188265862,0.0,Spring,LOAD_PRIORITY,60
99,1.3861067083656773,0.5,1.3861067083656773,0.5,0.0,0.0,0.0,0.0,1.3030947088092888,0.6079498188265862,0.0,Spring,LOAD_PRIORITY,60
100,1.69762708227234,0.5,1.69762708227234,0.5,0.0,0.0,0.0,0.0,2.4392635190540264,0.6079498188265862,0.0,Spring,LOAD_PRIORITY,60
101,1.8934569759835431,0.5,1.8934569759835431,0.5,0.0,0.0,0.0,0.0,3.7612128787215897,0.6079498188265862,0.0,Spring,LOAD_PRIORITY,60
102,1.9602509058670692,0.5,1.9602509058670692,0.5,0.0,0.0,0.0,0.0,5.146528524080811,0.6079498188265862,0.0,Spring,LOAD_PRIORITY,60
103,1.8934569759835433,0.5,1.8934569759835433,0.5,0.0,0.0,0.0,0.0,6.468477883748374,0.6079498188265862,0.0,Spring,LOAD_PRIORITY,60
104,1.6976270822723405,0.5,1.6976270822723405,0.5,0.0,0.0,0.0,0.0,7.6046466939931125,0.6079498188265862,0.0,Spring,LOAD_PRIORITY,60
105,1.3861067083656773,0.5,1.3861067083656773,0.5,0.0,0.0,0.0,0.0,8.445281328510148,0.6079498188265862,0.0,Spring,LOAD_PRIORITY,60
106,0.9801254529335353,0.5,0.9801254529335353,0.5,0.0,0.0,0.0,0.0,8.900768326677131,0.6079498188265862,0.0,Spring,LOAD_PRIORITY,60
107,0.5073502676178666,0.5,0.5073502676178666,0.5,0.0,0.0,0.0,0.0,8.907741402802403,0.6079498188265862,0.0,Spring,LOAD_PRIORITY,60
108,2.4006149973958057e-16,0.5,2.4006149973958057e-16,0.5,0.0,0.0,0.0,0.0,8.380695126107673,0.6079498188265862,0.0,Spring,LOAD_PRIORITY,60
109,0.0,0.5,0.0,0.5,0.0,0.0,0.0,0.0,7.853648849412943,0.6079498188265862,0.0,Spring,LOAD_PRIORITY,60
110,0.0,0.5,0.0,0.5,0.0,0.0,0.0,0.0,7.326602572718214,0.6079498188265862,0.0,Spring,LOAD_PRIORITY,60
111,0.0,0.5,0.0,0.5,0.0,0.0,0.0,0.0,6.799556296023484,0.6079498188265862,0.0,Spring,LOAD_PRIORITY,60
112,0.0,0.5,0.0,0.5,0.0,0.0,0.0,0.0,6.272510019328754,0.6079498188265862,0.0,Spring,LOAD_PRIORITY,60
113,0.0,0.5,0.0,0.5,0.0,0.0,0.0,0.0,5.7454637426340245,0.6079498188265862,0.0,Spring,LOAD_PRIORITY,60
114,0.0,2.904949990057044,0.0,2.904949990057044,0.0,0.0,0.0,0.0,2.683377590146109,0.6079498188265862,0.0,Spring,LOAD_PRIORITY,60
115,0.0,0.652665968543512,0.0,0.652665968543512,0.0,0.0,0.0,0.0,1.9954072528536737,0.6079498188265862,0.0,Spring,LOAD_PRIORITY,60
116,0.0,1.0554319815391855,0.0,1.0554319815391855,0.0,0.0,0.0,0.0,0.8828842605041365,0.6079498188265862,0.0,Spring,LOAD_PRIORITY,60
117,0.0,1.6521634251900235,0.0,1.6521634251900235,0.8145858731380703,0.0,0.0,0.0,0.0,0.6079498188265862,0.0,Spring,LOAD_PRIORITY,60
118,0.0,0.5,0.0,0.5,0.5,0.0,0.0,0.0,0.0,0.6079498188265862,0.0,Spring,LOAD_PRIORITY,60
119,0.0,0.5,0.0,0.5,0.5,0.0,0.0,0.0,0.0,0.6079498188265862,0.0,Spring,LOAD_PRIORITY,60
120,0.0,0.5,0.0,0.5,0.5,0.0,0.0,0.0,0.0,0.8860174071679731,0.0,Spring,LOAD_PRIORITY,60
121,0.14750432917547318,0.5,0.14750432917547318,0.5,0.3524956708245268,0.0,0.0,0.0,0.0,0.8860174071679731,0.0,Spring,LOAD_PRIORITY,60
122,0.2849564820800673,0.5,0.2849564820800673,0.5,0.2150435179199327,0.0,0.0,0.0,0.0,0.8860174071679731,0.0,Spring,LOAD_PRIORITY,60
123,0.4029893216437571,0.5,0.4029893216437571,0.5,0.09701067835624289,0.0,0.0,0.0,0.0,0.8860174071679731,0.0,Spring,LOAD_PRIORITY,60
124,0.4935591049087669,0.5,0.4935591049087669,0.5,0.006440895091233079,0.0,0.0,0.0,0.0,0.8860174071679731,0.0,Spring,LOAD_PRIORITY,60
125,0.5504936508192302,0.5,0.5504936508192302,0.5,0.0,0.0,0.0,0.0,0.04790248318979832,0.8860174071679731,0.0,Spring,LOAD_PRIORITY,60
126,0.5699129641601347,0.5,0.5699129641601347,0.5,0.0,0.0,0.0,0.0,0.11422774460572227,0.8860174071679731,0.0,Spring,LOAD_PRIORITY,60
127,0.5504936508192303,0.5,0.5504936508192303,0.5,0.0,0.0,0.0,0.0,0.1621302277955207,0.8860174071679731,0.0,Spring,LOAD_PRIORITY,60
128,0.49355910490876703,0.5,0.49355910490876703,0.5,0.0,0.0,0.0,0.0,0.1553409282426893,0.8860174071679731,0.0,Spring,LOAD_PRIORITY,60
129,0.4029893216437571,0.5,0.4029893216437571,0.5,0.0,0.0,0.0,0.0,0.05308269458811364,0.8860174071679731,0.0,Spring,LOAD_PRIORITY,60
130,0.2849564820800676,0.5,0.2849564820800676,0.5,0.16468485214867262,0.0,0.0,0.0,0.0,0.8860174071679731,0.0,Spring,LOAD_PRIORITY,60
131,0.14750432917547335,0.5,0.14750432917547335,0.5,0.35249567082452665,0.0,0.0,0.0,0.0,0.8860174071679731,0.0,Spring,LOAD_PRIORITY,60
132,6.979420873512893e-17,0.5,6.979420873512893e-17,0.5,0.49999999999999994,0.0,0.0,0.0,0.0,0.8860174071679731,0.0,Spring,LOAD_PRIORITY,60
133,0.0,0.5,0.0,0.5,0.5,0.0,0.0,0.0,0.0,0.8860174071679731,0.0,Spring,LOAD_PRIORITY,60
134,0.0,0.5,0.0,0.5,0.5,0.0,0.0,0.0,0.0,0.8860174071679731,0.0,Spring,LOAD_PRIORITY,60
135,0.0,0.5,0.0,0.5,0.5,0.0,0.0,0.0,0.0,0.8860174071679731,0.0,Spring,LOAD_PRIORITY,60
136,0.0,0.5,0.0,0.5,0.5,0.0,0.0,0.0,0.0,0.8860174071679731,0.0,Spring,LOAD_PRIORITY,60
137,0.0,0.5,0.0,0.5,0.5,0.0,0.0,0.0,0.0,0.8860174071679731,0.0,Spring,LOAD_PRIORITY,60
138,0.0,0.7773200811377817,0.0,0.7773200811377817,0.7773200811377817,0.0,0.0,0.0,0.0,0.8860174071679731,0.0,Spring,LOAD_PRIORITY,60
139,0.0,0.5425810074740307,0.0,0.5425810074740307,0.5425810074740307,0.0,0.0,0.0,0.0,0.8860174071679731,0.0,Spring,LOAD_PRIORITY,60
140,0.0,0.8219916617619009,0.0,0.8219916617619009,0.8219916617619009,0.0,0.0,0.0,0.0,0.8860174071679731,0.0,Spring,LOAD_PRIORITY,60
141,0.0,3.0076344261350942,0.0,3.0076344261350942,3.0076344261350942,0.0,0.0,0.0,0.0,0.8860174071679731,0.0,Spring,LOAD_PRIORITY,60
142,0.0,0.5,0.0,0.5,0.5,0.0,0.0,0.0,0.0,0.8860174071679731,0.0,Spring,LOAD_PRIORITY,60
143,0.0,0.5,0.0,0.5,0.5,0.0,0.0,0.0,0.0,0.8860174071679731,0.0,Spring,LOAD_PRIORITY,60
144,0.0,0.5,0.0,0.5,0.5,0.0,0.0,0.0,0.0,0.8724283896593358,0.0,Spring,LOAD_PRIORITY,60
145,0.16508981185280788,0.5,0.16508981185280788,0.5,0.3349101881471921,0.0,0.0,0.0,0.0,0.8724283896593358,0.0,Spring,LOAD_PRIORITY,60
146,0.3189290258516605,0.5,0.3189290258516605,0.5,0.1810709741483395,0.0,0.0,0.0,0.0,0.8724283896593358,0.0,Spring,LOAD_PRIORITY,60
147,0.4510337537938578,0.5,0.4510337537938578,0.5,0.048966246206142205,0.0,0.0,0.0,0.0,0.8724283896593358,0.0,Spring,LOAD_PRIORITY,60
148,0.5524012767835239,0.5,0.5524012767835239,0.5,0.0,0.0,0.0,0.0,0.04971221608105128,0.8724283896593358,0.0,Spring,LOAD_PRIORITY,60
149,0.6161235656466656,0.5,0.6161235656466656,0.5,0.0,0.0,0.0,0.0,0.15987670332011533,0.8724283896593358,0.0,Spring,LOAD_PRIORITY,60
150,0.6378580517033211,0.5,0.6378580517033211,0.5,0.0,0.0,0.0,0.0,0.29066033447284023,0.8724283896593358,0.0,Spring,LOAD_PRIORITY,60
151,0.6161235656466657,0.5,0.6161235656466657,0.5,0.0,0.0,0.0,0.0,0.40082482171190437,0.8724283896593358,0.0,Spring,LOAD_PRIORITY,60
152,0.552401276783524,0.5,0.552401276783524,0.5,0.0,0.0,0.0,0.0,0.45053703779295573,0.8724283896593358,0.0,Spring,LOAD_PRIORITY,60
153,0.4510337537938578,0.5,0.4510337537938578,0.5,0.0,0.0,0.0,0.0,0.39892208229962633,0.8724283896593358,0.0,Spring,LOAD_PRIORITY,60
154,0.3189290258516608,0.5,0.3189290258516608,0.5,0.0,0.0,0.0,0.0,0.20805651681488657,0.8724283896593358,0.0,Spring,LOAD_PRIORITY,60
155,0.16508981185280805,0.5,0.16508981185280805,0.5,0.13753044559434321,0.0,0.0,0.0,0.0,0.8724283896593358,0.0,Spring,LOAD_PRIORITY,60
156,7.811508213288392e-17,0.5,7.811508213288392e-17,0.5,0.49999999999999994,0.0,0.0,0.0,0.0,0.8724283896593358,0.0,Spring,LOAD_PRIORITY,60
157,0.0,0.5,0.0,0.5,0.5,0.0,0.0,0.0,0.0,0.8724283896593358,0.0,Spring,LOAD_PRIORITY,60
158,0.0,0.5,0.0,0.5,0.5,0.0,0.0,0.0,0.0,0.8724283896593358,0.0,Spring,LOAD_PRIORITY,60
159,0.0,0.5,0.0,0.5,0.5,0.0,0.0,0.0,0.0,0.8724283896593358,0.0,Spring,LOAD_PRIORITY,60
160,0.0,0.5,0.0,0.5,0.5,0.0,0.0,0.0,0.0,0.8724283896593358,0.0,Spring,LOAD_PRIORITY,60
161,0.0,0.5,0.0,0.5,0.5,0.0,0.0,0.0,0.0,0.8724283896593358,0.0,Spring,LOAD_PRIORITY,60
162,0.0,3.217990328993401,0.0,3.217990328993401,3.217990328993401,0.0,0.0,0.0,0.0,0.8724283896593358,0.0,Spring,LOAD_PRIORITY,60
163,0.0,2.377116218676853,0.0,2.377116218676853,2.377116218676853,0.0,0.0,0.0,0.0,0.8724283896593358,0.0,Spring,LOAD_PRIORITY,60
164,0.0,2.6077219035312096,0.0,2.6077219035312096,2.6077219035312096,0.0,0.0,0.0,0.0,0.8724283896593358,0.0,Spring,LOAD_PRIORITY,60
165,0.0,1.2898847008146972,0.0,1.2898847008146972,1.2898847008146972,0.0,0.0,0.0,0.0,0.8724283896593358,0.0,Spring,LOAD_PRIORITY,60
166,0.0,0.5,0.0,0.5,0.5,0.0,0.0,0.0,0.0,0.8724283896593358,0.0,Spring,LOAD_PRIORITY,60
167,0.0,0.5,0.0,0.5,0.5,0.0,0.0,0.0,0.0,0.8724283896593358,0.0,Spring,LOAD_PRIORITY,60
168,0.0,0.5,0.0,0.5,0.5,0.0,0.0,0.0,0.0,0.3769347478346838,0.0,Spring,LOAD_PRIORITY,60
169,0.8063057680099421,0.5,0.8063057680099421,0.5,0.0,0.0,0.0,0.0,0.29058716620756747,0.3769347478346838,0.0,Spring,LOAD_PRIORITY,60
170,1.5576631304132902,0.5,1.5576631304132902,0.5,0.0,0.0,0.0,0.0,1.2939745129944782,0.3769347478346838,0.0,Spring,LOAD_PRIORITY,60
171,2.2028683246390064,0.5,2.2028683246390064,0.5,0.0,0.0,0.0,0.0,2.9094572513587638,0.3769347478346838,0.0,Spring,LOAD_PRIORITY,60
172,2.697951682952605,0.5,2.697951682952605,0.5,0.0,0.0,0.0,0.0,4.994617302897918,0.3769347478346838,0.0,Spring,LOAD_PRIORITY,60
173,3.009174092648948,0.5,3.009174092648948,0.5,0.0,0.0,0.0,0.0,7.375028856495027,0.3769347478346838,0.0,Spring,LOAD_PRIORITY,60
174,3.115326260826581,0.5,3.115326260826581,0.5,0.0,0.0,0.0,0.0,9.856145199094106,0.3769347478346838,0.0,Spring,LOAD_PRIORITY,60
175,3.0091740926489488,0.5,3.0091740926489488,0.5,0.0,0.0,0.0,0.0,12.236556752691216,0.3769347478346838,0.0,Spring,LOAD_PRIORITY,60
176,2.6979516829526053,0.5,2.6979516829526053,0.5,0.0,0.8661655643342188,0.0,0.0,13.5,0.3769347478346838,0.0,Spring,LOAD_PRIORITY,60
177,2.2028683246390064,0.5,2.2028683246390064,0.5,0.0,1.7028683246390064,0.0,0.0,13.5,0.3769347478346838,0.0,Spring,LOAD_PRIORITY,60
178,1.5576631304132915,0.5,1.5576631304132915,0.5,0.0,1.0576631304132915,0.0,0.0,13.5,0.3769347478346838,0.0,Spring,LOAD_PRIORITY,60
179,0.8063057680099429,0.5,0.8063057680099429,0.5,0.0,0.3063057680099429,0.0,0.0,13.5,0.3769347478346838,0.0,Spring,LOAD_PRIORITY,60
180,3.815174333620965e-16,0.5,3.815174333620965e-16,0.5,0.0,0.0,0.0,0.0,12.97295372330527,0.3769347478346838,0.0,Spring,LOAD_PRIORITY,60
181,0.0,0.5,0.0,0.5,0.0,0.0,0.0,0.0,12.44590744661054,0.3769347478346838,0.0,Spring,LOAD_PRIORITY,60
182,0.0,0.5,0.0,0.5,0.0,0.0,0.0,0.0,11.918861169915811,0.3769347478346838,0.0,Spring,LOAD_PRIORITY,60
183,0.0,0.5,0.0,0.5,0.0,0.0,0.0,0.0,11.391814893221081,0.3769347478346838,0.0,Spring,LOAD_PRIORITY,60
184,0.0,0.5,0.0,0.5,0.0,0.0,0.0,0.0,10.864768616526352,0.3769347478346838,0.0,Spring,LOAD_PRIORITY,60
185,0.0,0.5,0.0,0.5,0.0,0.0,0.0,0.0,10.337722339831622,0.3769347478346838,0.0,Spring,LOAD_PRIORITY,60
186,0.0,2.526088539210155,0.0,2.526088539210155,0.0,0.0,0.0,0.0,7.674991221447739,0.3769347478346838,0.0,Spring,LOAD_PRIORITY,60
187,0.0,3.47199818342198,0.0,3.47199818342198,0.0,0.0,0.0,0.0,4.015183790920897,0.3769347478346838,0.0,Spring,LOAD_PRIORITY,60
188,0.0,1.4409298279916236,0.0,1.4409298279916236,0.0,0.0,0.0,0.0,2.4963103892781717,0.3769347478346838,0.0,Spring,LOAD_PRIORITY,60
189,0.0,1.5070023225430123,0.0,1.5070023225430123,0.0,0.0,0.0,0.0,0.9077904631449616,0.3769347478346838,0.0,Spring,LOAD_PRIORITY,60
190,0.0,0.5,0.0,0.5,0.0,0.0,0.0,0.0,0.38074418645023167,0.3769347478346838,0.0,Spring,LOAD_PRIORITY,60
191,0.0,0.5,0.0,0.5,0.1387943494848345,0.0,0.0,0.0,0.0,0.3769347478346838,0.0,Spring,LOAD_PRIORITY,60
192,0.0,0.5,0.0,0.5,0.5,0.0,0.0,0.0,0.0,0.3964933858717744,0.0,Spring,LOAD_PRIORITY,60
193,0.780995027908614,0.5,0.780995027908614,0.5,0.0,0.0,0.0,0.0,0.26657528981214007,0.3964933858717744,0.0,Spring,LOAD_PRIORITY,60
194,1.5087665353205637,0.5,1.5087665353205637,0.5,0.0,0.0,0.0,0.0,1.2235752535030424,0.3964933858717744,0.0,Spring,LOAD_PRIORITY,60
195,2.133718096705007,0.5,2.133718096705007,0.5,0.0,0.0,0.0,0.0,2.7734563255699567,0.3964933858717744,0.0,Spring,LOAD_PRIORITY,60
196,2.6132602959348796,0.5,2.6132602959348796,0.5,0.0,0.0,0.0,0.0,4.778271072756663,0.3964933858717744,0.0,Spring,LOAD_PRIORITY,60
197,2.9147131246136206,0.5,2.9147131246136206,0.5,0.0,0.0,0.0,0.0,7.069069083660974,0.3964933858717744,0.0,Spring,LOAD_PRIORITY,60
198,3.017533070641128,0.5,3.017533070641128,0.5,0.0,0.0,0.0,0.0,9.457410660068035,0.3964933858717744,0.0,Spring,LOAD_PRIORITY,60
199,2.914713124613621,0.5,2.914713124613621,0.5,0.0,0.0,0.0,0.0,11.748208670972346,0.3964933858717744,0.0,Spring,LOAD_PRIORITY,60
200,2.61326029593488,0.5,2.61326029593488,0.5,0.0,0.2667101009146051,0.0,0.0,13.5,0.3964933858717744,0.0,Spring,LOAD_PRIORITY,60
201,2.133718096705007,0.5,2.133718096705007,0.5,0.0,1.6337180967050071,0.0,0.0,13.5,0.3964933858717744,0.0,Spring,LOAD_PRIORITY,60
202,1.508766535320565,0.5,1.508766535320565,0.5,0.0,1.008766535320565,0.0,0.0,13.5,0.3964933858717744,0.0,Spring,LOAD_PRIORITY,60
203,0.7809950279086149,0.5,0.7809950279086149,0.5,0.0,0.28099502790861486,0.0,0.0,13.5,0.3964933858717744,0.0,Spring,LOAD_PRIORITY,60
204,3.695412216281942e-16,0.5,3.695412216281942e-16,0.5,0.0,0.0,0.0,0.0,12.97295372330527,0.3964933858717744,0.0,Spring,LOAD_PRIORITY,60
205,0.0,0.5,0.0,0.5,0.0,0.0,0.0,0.0,12.44590744661054,0.3964933858717744,0.0,Spring,LOAD_PRIORITY,60
206,0.0,0.5,0.0,0.5,0.0,0.0,0.0,0.0,11.918861169915811,0.3964933858717744,0.0,Spring,LOAD_PRIORITY,60
207,0.0,0.5,0.0,0.5,0.0,0.0,0.0,0.0,11.391814893221081,0.3964933858717744,0.0,Spring,LOAD_PRIORITY,60
208,0.0,0.5,0.0,0.5,0.0,0.0,0.0,0.0,10.864768616526352,0.3964933858717744,0.0,Spring,LOAD_PRIORITY,60
209,0.0,0.5,0.0,0.5,0.0,0.0,0.0,0.0,10.337722339831622,0.3964933858717744,0.0,Spring,LOAD_PRIORITY,60
210,0.0,1.6490190227880295,0.0,1.6490190227880295,0.0,0.0,0.0,0.0,8.599503667513195,0.3964933858717744,0.0,Spring,LOAD_PRIORITY,60
211,0.0,3.194973162284191,0.0,3.194973162284191,0.0,0.0,0.0,0.0,5.231706248870255,0.3964933858717744,0.0,Spring,LOAD_PRIORITY,60
212,0.0,3.3068160281200814,0.0,3.3068160281200814,0.0,0.0,0.0,0.0,1.7460160981999668,0.3964933858717744,0.0,Spring,LOAD_PRIORITY,60
213,0.0,2.989940390674275,0.0,2.989940390674275,1.3335240801846406,0.0,0.0,0.0,0.0,0.3964933858717744,0.0,Spring,LOAD_PRIORITY,60
214,0.0,0.5,0.0,0.5,0.5,0.0,0.0,0.0,0.0,0.3964933858717744,0.0,Spring,LOAD_PRIORITY,60
215,0.0,0.5,0.0,0.5,0.5,0.0,0.0,0.0,0.0,0.3964933858717744,0.0,Spring,LOAD_PRIORITY,60
216,0.0,0.5,0.0,0.5,0.5,0.0,0.0,0.0,0.0,0.2227795555359387,0.0,Spring,LOAD_PRIORITY,60
217,1.0057972663517256,0.5,1.0057972663517256,0.5,0.0,0.0,0.0,0.0,0.4798414187874892,0.2227795555359387,0.0,Spring,LOAD_PRIORITY,60
218,1.943051111160153,0.5,1.943051111160153,0.5,0.0,0.0,0.0,0.0,1.8488399061783616,0.2227795555359387,0.0,Spring,LOAD_PRIORITY,60
219,2.7478892337868013,0.5,2.7478892337868013,0.5,0.0,0.0,0.0,0.0,3.9813748781394667,0.2227795555359387,0.0,Spring,LOAD_PRIORITY,60
220,3.365463246232548,0.5,3.365463246232548,0.5,0.0,0.0,0.0,0.0,6.699792001017892,0.2227795555359387,0.0,Spring,LOAD_PRIORITY,60
221,3.7536865001385262,0.5,3.7536865001385262,0.5,0.0,0.0,0.0,0.0,9.786510040791743,0.2227795555359387,0.0,Spring,LOAD_PRIORITY,60
222,3.8861022223203068,0.5,3.8861022223203068,0.5,0.0,0.0,0.0,0.0,12.998848664598746,0.2227795555359387,0.0,Spring,LOAD_PRIORITY,60
223,3.7536865001385267,0.5,3.7536865001385267,0.5,0.0,2.725426609370882,0.0,0.0,13.5,0.2227795555359387,0.0,Spring,LOAD_PRIORITY,60
224,3.3654632462325482,0.5,3.3654632462325482,0.5,0.0,2.8654632462325482,0.0,0.0,13.5,0.2227795555359387,0.0,Spring,LOAD_PRIORITY,60
225,2.7478892337868013,0.5,2.7478892337868013,0.5,0.0,2.2478892337868013,0.0,0.0,13.5,0.2227795555359387,0.0,Spring,LOAD_PRIORITY,60
226,1.9430511111601547,0.5,1.9430511111601547,0.5,0.0,1.4430511111601547,0.0,0.0,13.5,0.2227795555359387,0.0,Spring,LOAD_PRIORITY,60
227,1.0057972663517265,0.5,1.0057972663517265,0.5,0.0,0.5057972663517265,0.0,0.0,13.5,0.2227795555359387,0.0,Spring,LOAD_PRIORITY,60
228,4.75910264772398e-16,0.5,4.75910264772398e-16,0.5,0.0,0.0,0.0,0.0,12.97295372330527,0.2227795555359387,0.0,Spring,LOAD_PRIORITY,60
229,0.0,0.5,0.0,0.5,0.0,0.0,0.0,0.0,12.44590744661054,0.2227795555359387,0.0,Spring,LOAD_PRIORITY,60
230,0.0,0.5,0.0,0.5,0.0,0.0,0.0,0.0,11.918861169915811,0.2227795555359387,0.0,Spring,LOAD_PRIORITY,60
231,0.0,0.5,0.0,0.5,0.0,0.0,0.0,0.0,11.391814893221081,0.2227795555359387,0.0,Spring,LOAD_PRIORITY,60
232,0.0,0.5,0.0,0.5,0.0,0.0,0.0,0.0,10.864768616526352,0.2227795555359387,0.0,Spring,LOAD_PRIORITY,60
233,0.0,0.5,0.0,0.5,0.0,0.0,0.0,0.0,10.337722339831622,0.2227795555359387,0.0,Spring,LOAD_PRIORITY,60
234,0.0,2.1720208174981046,0.0,2.1720208174981046,0.0,0.0,0.0,0.0,8.048211370299983,0.2227795555359387,0.0,Spring,LOAD_PRIORITY,60
235,0.0,0.6996762929542302,0.0,0.6996762929542302,0.0,0.0,0.0,0.0,7.3106878001137865,0.2227795555359387,0.0,Spring,LOAD_PRIORITY,60
236,0.0,1.4084184688556625,0.0,1.4084184688556625,0.0,0.0,0.0,0.0,5.826084380036848,0.2227795555359387,0.0,Spring,LOAD_PRIORITY,60
237,0.0,1.2805989729112635,0.0,1.2805989729112635,0.0,0.0,0.0,0.0,4.476214538812894,0.2227795555359387,0.0,Spring,LOAD_PRIORITY,60
238,0.0,0.5,0.0,0.5,0.0,0.0,0.0,0.0,3.9491682621181647,0.2227795555359387,0.0,Spring,LOAD_PRIORITY,60
239,0.0,0.5,0.0,0.5,0.0,0.0,0.0,0.0,3.422121985423435,0.2227795555359387,0.0,Spring,LOAD_PRIORITY,60
240,0.0,0.5,0.0,0.5,0.0,0.0,0.0,0.0,2.8950757087287053,0.7937872331046852,0.0,Spring,LOAD_PRIORITY,60
241,0.26685895707897034,0.5,0.26685895707897034,0.5,0.0,0.0,0.0,0.0,2.6493234714961957,0.7937872331046852,0.0,Spring,LOAD_PRIORITY,60
242,0.5155319172382868,0.5,0.5155319172382868,0.5,0.0,0.0,0.0,0.0,2.6640583419668613,0.7937872331046852,0.0,Spring,LOAD_PRIORITY,60
243,0.7290722291945894,0.5,0.7290722291945894,0.5,0.0,0.0,0.0,0.0,2.8813753398509676,0.7937872331046852,0.0,Spring,LOAD_PRIORITY,60
244,0.8929274735801064,0.5,0.8929274735801064,0.5,0.0,0.0,0.0,0.0,3.254139071381599,0.7937872331046852,0.0,Spring,LOAD_PRIORITY,60
245,0.9959311862735595,0.5,0.9959311862735595,0.5,0.0,0.0,0.0,0.0,3.724620704781703,0.7937872331046852,0.0,Spring,LOAD_PRIORITY,60
246,1.0310638344765737,0.5,1.0310638344765737,0.5,0.0,0.0,0.0,0.0,4.228432094748291,0.7937872331046852,0.0,Spring,LOAD_PRIORITY,60
247,0.9959311862735597,0.5,0.9959311862735597,0.5,0.0,0.0,0.0,0.0,4.698913728148395,0.7937872331046852,0.0,Spring,LOAD_PRIORITY,60
248,0.8929274735801065,0.5,0.8929274735801065,0.5,0.0,0.0,0.0,0.0,5.071677459679027,0.7937872331046852,0.0,Spring,LOAD_PRIORITY,60
249,0.7290722291945894,0.5,0.7290722291945894,0.5,0.0,0.0,0.0,0.0,5.288994457563133,0.7937872331046852,0.0,Spring,LOAD_PRIORITY,60
250,0.5155319172382873,0.5,0.5155319172382873,0.5,0.0,0.0,0.0,0.0,5.303729328033799,0.7937872331046852,0.0,Spring,LOAD_PRIORITY,60
251,0.2668589570789706,0.5,0.2668589570789706,0.5,0.0,0.0,0.0,0.0,5.057977090801289,0.7937872331046852,0.0,Spring,LOAD_PRIORITY,60
252,1.2626890246083326e-16,0.5,1.2626890246083326e-16,0.5,0.0,0.0,0.0,0.0,4.53093081410656,0.7937872331046852,0.0,Spring,LOAD_PRIORITY,60
253,0.0,0.5,0.0,0.5,0.0,0.0,0.0,0.0,4.00388453741183,0.7937872331046852,0.0,Spring,LOAD_PRIORITY,60
254,0.0,0.5,0.0,0.5,0.0,0.0,0.0,0.0,3.4768382607171002,0.7937872331046852,0.0,Spring,LOAD_PRIORITY,60
255,0.0,0.5,0.0,0.5,0.0,0.0,0.0,0.0,2.9497919840223705,0.7937872331046852,0.0,Spring,LOAD_PRIORITY,60
256,0.0,0.5,0.0,0.5,0.0,0.0,0.0,0.0,2.422745707327641,0.7937872331046852,0.0,Spring,LOAD_PRIORITY,60
257,0.0,0.5,0.0,0.5,0.0,0.0,0.0,0.0,1.895699430632911,0.7937872331046852,0.0,Spring,LOAD_PRIORITY,60
258,0.0,1.6757279280363844,0.0,1.6757279280363844,0.0,0.0,0.0,0.0,0.12932710018300964,0.7937872331046852,0.0,Spring,LOAD_PRIORITY,60
259,0.0,1.6217532763754612,0.0,1.6217532763754612,1.4990628164465345,0.0,0.0,0.0,0.0,0.7937872331046852,0.0,Spring,LOAD_PRIORITY,60
260,0.0,1.20291149376521,0.0,1.20291149376521,1.20291149376521,0.0,0.0,0.0,0.0,0.7937872331046852,0.0,Spring,LOAD_PRIORITY,60
261,0.0,1.6814457873917315,0.0,1.6814457873917315,1.6814457873917315,0.0,0.0,0.0,0.0,0.7937872331046852,0.0,Spring,LOAD_PRIORITY,60
262,0.0,0.5,0.0,0.5,0.5,0.0,0.0,0.0,0.0,0.7937872331046852,0.0,Spring,LOAD_PRIORITY,60
263,0.0,0.5,0.0,0.5,0.5,0.0,0.0,0.0,0.0,0.7937872331046852,0.0,Spring,LOAD_PRIORITY,60
264,0.0,0.5,0.0,0.5,0.5,0.0,0.0,0.0,0.0,0.3256960322381247,0.0,Spring,LOAD_PRIORITY,60
265,0.8726135452248475,0.5,0.8726135452248475,0.5,0.0,0.0,0.0,0.0,0.35349224698220255,0.3256960322381247,0.0,Spring,LOAD_PRIORITY,60
266,1.685759919404688,0.5,1.685759919404688,0.5,0.0,0.0,0.0,0.0,1.4784028780191534,0.3256960322381247,0.0,Spring,LOAD_PRIORITY,60
267,2.384024540927086,0.5,2.384024540927086,0.5,0.0,0.0,0.0,0.0,3.2657454931139664,0.3256960322381247,0.0,Spring,LOAD_PRIORITY,60
268,2.9198218297721352,0.5,2.9198218297721352,0.5,0.0,0.0,0.0,0.0,5.5613900472768245,0.3256960322381247,0.0,Spring,LOAD_PRIORITY,60
269,3.256638086151933,0.5,3.256638086151933,0.5,0.0,0.0,0.0,0.0,8.176566558379097,0.3256960322381247,0.0,Spring,LOAD_PRIORITY,60
270,3.3715198388093763,0.5,3.3715198388093763,0.5,0.0,0.0,0.0,0.0,10.900729469478255,0.3256960322381247,0.0,Spring,LOAD_PRIORITY,60
271,3.2566380861519333,0.5,3.2566380861519333,0.5,0.0,0.016766375684291734,0.0,0.0,13.5,0.3256960322381247,0.0,Spring,LOAD_PRIORITY,60
272,2.919821829772136,0.5,2.919821829772136,0.5,0.0,2.419821829772136,0.0,0.0,13.5,0.3256960322381247,0.0,Spring,LOAD_PRIORITY,60
273,2.384024540927086,0.5,2.384024540927086,0.5,0.0,1.884024540927086,0.0,0.0,13.5,0.3256960322381247,0.0,Spring,LOAD_PRIORITY,60
274,1.6857599194046895,0.5,1.6857599194046895,0.5,0.0,1.1857599194046895,0.0,0.0,13.5,0.3256960322381247,0.0,Spring,LOAD_PRIORITY,60
275,0.8726135452248484,0.5,0.8726135452248484,0.5,0.0,0.37261354522484835,0.0,0.0,13.5,0.3256960322381247,0.0,Spring,LOAD_PRIORITY,60
276,4.128920978859703e-16,0.5,4.128920978859703e-16,0.5,0.0,0.0,0.0,0.0,12.97295372330527,0.3256960322381247,0.0,Spring,LOAD_PRIORITY,60
277,0.0,0.5,0.0,0.5,0.0,0.0,0.0,0.0,12.44590744661054,0.3256960322381247,0.0,Spring,LOAD_PRIORITY,60
278,0.0,0.5,0.0,0.5,0.0,0.0,0.0,0.0,11.918861169915811,0.3256960322381247,0.0,Spring,LOAD_PRIORITY,60
279,0.0,0.5,0.0,0.5,0.0,0.0,0.0,0.0,11.391814893221081,0.3256960322381247,0.0,Spring,LOAD_PRIORITY,60
280,0.0,0.5,0.0,0.5,0.0,0.0,0.0,0.0,10.864768616526352,0.3256960322381247,0.0,Spring,LOAD_PRIORITY,60
281,0.0,0.5,0.0,0.5,0.0,0.0,0.0,0.0,10.337722339831622,0.3256960322381247,0.0,Spring,LOAD_PRIORITY,60
282,0.0,0.824086110765973,0.0,0.824086110765973,0.0,0.0,0.0,0.0,9.469059307121528,0.3256960322381247,0.0,Spring,LOAD_PRIORITY,60
283,0.0,2.379222202383419,0.0,2.379222202383419,0.0,0.0,0.0,0.0,6.961138900730296,0.3256960322381247,0.0,Spring,LOAD_PRIORITY,60
284,0.0,0.9562003389287994,0.0,0.9562003389287994,0.0,0.0,0.0,0.0,5.95321524391697,0.3256960322381247,0.0,Spring,LOAD_PRIORITY,60
285,0.0,1.5347127807395697,0.0,1.5347127807395697,0.0,0.0,0.0,0.0,4.335485930147759,0.3256960322381247,0.0,Spring,LOAD_PRIORITY,60
286,0.0,0.5,0.0,0.5,0.0,0.0,0.0,0.0,3.8084396534530294,0.3256960322381247,0.0,Spring,LOAD_PRIORITY,60
287,0.0,0.5,0.0,0.5,0.0,0.0,0.0,0.0,3.2813933767582997,0.3256960322381247,0.0,Spring,LOAD_PRIORITY,60
288,0.0,0.5,0.0,0.5,0.0,0.0,0.0,0.0,2.75434710006357,0.5743234072414357,0.0,Spring,LOAD_PRIORITY,60
289,0.5508660463013311,0.5,0.5508660463013311,0.5,0.0,0.0,0.0,0.0,2.802602868627507,0.5743234072414357,0.0,Spring,LOAD_PRIORITY,60
290,1.0641914818964104,0.5,1.0641914818964104,0.5,0.0,0.0,0.0,0.0,3.3378419044050007,0.5743234072414357,0.0,Spring,LOAD_PRIORITY,60
291,1.504994026659826,0.5,1.504994026659826,0.5,0.0,0.0,0.0,0.0,4.291262952137711,0.5743234072414357,0.0,Spring,LOAD_PRIORITY,60
292,1.8432337156265983,0.5,1.8432337156265983,0.5,0.0,0.0,0.0,0.0,5.565566343530998,0.5743234072414357,0.0,Spring,LOAD_PRIORITY,60
293,2.0558600729611567,0.5,2.0558600729611567,0.5,0.0,0.0,0.0,0.0,7.041584808852901,0.5743234072414357,0.0,Spring,LOAD_PRIORITY,60
294,2.1283829637928213,0.5,2.1283829637928213,0.5,0.0,0.0,0.0,0.0,8.586404529433146,0.5743234072414357,0.0,Spring,LOAD_PRIORITY,60
295,2.055860072961157,0.5,2.055860072961157,0.5,0.0,0.0,0.0,0.0,10.06242299475505,0.5743234072414357,0.0,Spring,LOAD_PRIORITY,60
296,1.8432337156265985,0.5,1.8432337156265985,0.5,0.0,0.0,0.0,0.0,11.336726386148337,0.5743234072414357,0.0,Spring,LOAD_PRIORITY,60
297,1.504994026659826,0.5,1.504994026659826,0.5,0.0,0.0,0.0,0.0,12.290147433881046,0.5743234072414357,0.0,Spring,LOAD_PRIORITY,60
298,1.0641914818964116,0.5,1.0641914818964116,0.5,0.0,0.0,0.0,0.0,12.82538646965854,0.5743234072414357,0.0,Spring,LOAD_PRIORITY,60
299,0.5508660463013316,0.5,0.5508660463013316,0.5,0.0,0.0,0.0,0.0,12.873642238222477,0.5743234072414357,0.0,Spring,LOAD_PRIORITY,60
300,2.606517383968636e-16,0.5,2.606517383968636e-16,0.5,0.0,0.0,0.0,0.0,12.346595961527747,0.5743234072414357,0.0,Spring,LOAD_PRIORITY,60
301,0.0,0.5,0.0,0.5,0.0,0.0,0.0,0.0,11.819549684833017,0.5743234072414357,0.0,Spring,LOAD_PRIORITY,60
302,0.0,0.5,0.0,0.5,0.0,0.0,0.0,0.0,11.292503408138288,0.5743234072414357,0.0,Spring,LOAD_PRIORITY,60
303,0.0,0.5,0.0,0.5,0.0,0.0,0.0,0.0,10.765457131443558,0.5743234072414357,0.0,Spring,LOAD_PRIORITY,60
304,0.0,0.5,0.0,0.5,0.0,0.0,0.0,0.0,10.238410854748828,0.5743234072414357,0.0,Spring,LOAD_PRIORITY,60
305,0.0,0.5,0.0,0.5,0.0,0.0,0.0,0.0,9.711364578054098,0.5743234072414357,0.0,Spring,LOAD_PRIORITY,60
306,0.0,1.8090343041823997,0.0,1.8090343041823997,0.0,0.0,0.0,0.0,7.804474989189348,0.5743234072414357,0.0,Spring,LOAD_PRIORITY,60
307,0.0,1.144598110998004,0.0,1.144598110998004,0.0,0.0,0.0,0.0,6.59796264376271,0.5743234072414357,0.0,Spring,LOAD_PRIORITY,60
308,0.0,1.807665513946918,0.0,1.807665513946918,0.0,0.0,0.0,0.0,4.692515886492332,0.5743234072414357,0.0,Spring,LOAD_PRIORITY,60
309,0.0,0.7768329813052693,0.0,0.7768329813052693,0.0,0.0,0.0,0.0,3.8736620256711145,0.5743234072414357,0.0,Spring,LOAD_PRIORITY,60
310,0.0,0.5,0.0,0.5,0.0,0.0,0.0,0.0,3.346615748976385,0.5743234072414357,0.0,Spring,LOAD_PRIORITY,60
311,0.0,0.5,0.0,0.5,0.0,0.0,0.0,0.0,2.819569472281655,0.5743234072414357,0.0,Spring,LOAD_PRIORITY,60
312,0.0,0.5,0.0,0.5,0.0,0.0,0.0,0.0,2.2925231955869254,0.5229901752301611,0.0,Spring,LOAD_PRIORITY,60
313,0.6172961367572523,0.5,0.6172961367572523,0.5,0.0,0.0,0.0,0.0,2.4038000814543796,0.5229901752301611,0.0,Spring,LOAD_PRIORITY,60
314,1.192524561924597,0.5,1.192524561924597,0.5,0.0,0.0,0.0,0.0,3.0607865668419936,0.5229901752301611,0.0,Spring,LOAD_PRIORITY,60
315,1.6864844089367992,0.5,1.6864844089367992,0.5,0.0,0.0,0.0,0.0,4.186384508997671,0.5229901752301611,0.0,Spring,LOAD_PRIORITY,60
316,2.06551313052722,0.5,2.06551313052722,0.5,0.0,0.0,0.0,0.0,5.6715606688076186,0.5229901752301611,0.0,Spring,LOAD_PRIORITY,60
317,2.303780545694051,0.5,2.303780545694051,0.5,0.0,0.0,0.0,0.0,7.382777145856006,0.5229901752301611,0.0,Spring,LOAD_PRIORITY,60
318,2.3850491238491944,0.5,2.3850491238491944,0.5,0.0,0.0,0.0,0.0,9.171091765656492,0.5229901752301611,0.0,Spring,LOAD_PRIORITY,60
319,2.3037805456940514,0.5,2.3037805456940514,0.5,0.0,0.0,0.0,0.0,10.88230824270488,0.5229901752301611,0.0,Spring,LOAD_PRIORITY,60
320,2.0655131305272203,0.5,2.0655131305272203,0.5,0.0,0.0,0.0,0.0,12.367484402514828,0.5229901752301611,0.0,Spring,LOAD_PRIORITY,60
321,1.6864844089367992,0.5,1.6864844089367992,0.5,0.0,0.0,0.0,0.0,13.493082344670505,0.5229901752301611,0.0,Spring,LOAD_PRIORITY,60
322,1.192524561924598,0.5,1.192524561924598,0.5,0.0,0.6852327129548623,0.0,0.0,13.5,0.5229901752301611,0.0,Spring,LOAD_PRIORITY,60
323,0.6172961367572528,0.5,0.6172961367572528,0.5,0.0,0.11729613675725281,0.0,0.0,13.5,0.5229901752301611,0.0,Spring,LOAD_PRIORITY,60
324,2.920842775331115e-16,0.5,2.920842775331115e-16,0.5,0.0,0.0,0.0,0.0,12.97295372330527,0.5229901752301611,0.0,Spring,LOAD_PRIORITY,60
325,0.0,0.5,0.0,0.5,0.0,0.0,0.0,0.0,12.44590744661054,0.5229901752301611,0.0,Spring,LOAD_PRIORITY,60
326,0.0,0.5,0.0,0.5,0.0,0.0,0.0,0.0,11.918861169915811,0.5229901752301611,0.0,Spring,LOAD_PRIORITY,60
327,0.0,0.5,0.0,0.5,0.0,0.0,0.0,0.0,11.391814893221081,0.5229901752301611,0.0,Spring,LOAD_PRIORITY,60
328,0.0,0.5,0.0,0.5,0.0,0.0,0.0,0.0,10.864768616526352,0.5229901752301611,0.0,Spring,LOAD_PRIORITY,60
329,0.0,0.5,0.0,0.5,0.0,0.0,0.0,0.0,10.337722339831622,0.5229901752301611,0.0,Spring,LOAD_PRIORITY,60
330,0.0,0.9078970420092464,0.0,0.9078970420092464,0.0,0.0,0.0,0.0,9.380714828605358,0.5229901752301611,0.0,Spring,LOAD_PRIORITY,60
331,0.0,1.75837333361445,0.0,1.75837333361445,0.0,0.0,0.0,0.0,7.527226591563766,0.5229901752301611,0.0,Spring,LOAD_PRIORITY,60
332,0.0,1.509486913288181,0.0,1.509486913288181,0.0,0.0,0.0,0.0,5.936087676827853,0.5229901752301611,0.0,Spring,LOAD_PRIORITY,60
333,0.0,2.5934585415494547,0.0,2.5934585415494547,0.0,0.0,0.0,0.0,3.202342340656284,0.5229901752301611,0.0,Spring,LOAD_PRIORITY,60
334,0.0,0.5,0.0,0.5,0.0,0.0,0.0,0.0,2.6752960639615537,0.5229901752301611,0.0,Spring,LOAD_PRIORITY,60
335,0.0,0.5,0.0,0.5,0.0,0.0,0.0,0.0,2.148249787266824,0.5229901752301611,0.0,Spring,LOAD_PRIORITY,60
336,0.0,0.5,0.0,0.5,0.0,0.0,0.0,0.0,1.621203510572094,0.860272951056316,0.0,Spring,LOAD_PRIORITY,60
337,0.18082010691298742,0.5,0.18082010691298742,0.5,0.0,0.0,0.0,0.0,1.2847583620774303,0.860272951056316,0.0,Spring,LOAD_PRIORITY,60
338,0.34931762235921004,0.5,0.34931762235921004,0.5,0.0,0.0,0.0,0.0,1.1259251898792553,0.860272951056316,0.0,Spring,LOAD_PRIORITY,60
339,0.4940097191163181,0.5,0.4940097191163181,0.5,0.0,0.0,0.0,0.0,1.119610879407055,0.860272951056316,0.0,Spring,LOAD_PRIORITY,60
340,0.6050358699053099,0.5,0.6050358699053099,0.5,0.0,0.0,0.0,0.0,1.219256654882429,0.860272951056316,0.0,Spring,LOAD_PRIORITY,60
341,0.6748298260293053,0.5,0.6748298260293053,0.5,0.0,0.0,0.0,0.0,1.385114790837508,0.860272951056316,0.0,Spring,LOAD_PRIORITY,60
342,0.6986352447184202,0.5,0.6986352447184202,0.5,0.0,0.0,0.0,0.0,1.5735567299060498,0.860272951056316,0.0,Spring,LOAD_PRIORITY,60
343,0.6748298260293054,0.5,0.6748298260293054,0.5,0.0,0.0,0.0,0.0,1.7394148658611288,0.860272951056316,0.0,Spring,LOAD_PRIORITY,60
344,0.60503586990531,0.5,0.60503586990531,0.5,0.0,0.0,0.0,0.0,1.839060641336503,0.860272951056316,0.0,Spring,LOAD_PRIORITY,60
345,0.4940097191163181,0.5,0.4940097191163181,0.5,0.0,0.0,0.0,0.0,1.8327463308643026,0.860272951056316,0.0,Spring,LOAD_PRIORITY,60
346,0.3493176223592103,0.5,0.3493176223592103,0.5,0.0,0.0,0.0,0.0,1.6739131586661278,0.860272951056316,0.0,Spring,LOAD_PRIORITY,60
347,0.1808201069129876,0.5,0.1808201069129876,0.5,0.0,0.0,0.0,0.0,1.337468010171464,0.860272951056316,0.0,Spring,LOAD_PRIORITY,60
348,8.555814162159412e-17,0.5,8.555814162159412e-17,0.5,0.0,0.0,0.0,0.0,0.8104217334767342,0.860272951056316,0.0,Spring,LOAD_PRIORITY,60
349,0.0,0.5,0.0,0.5,0.0,0.0,0.0,0.0,0.28337545678200426,0.860272951056316,0.0,Spring,LOAD_PRIORITY,60
350,0.0,0.5,0.0,0.5,0.23116643707347734,0.0,0.0,0.0,-5.551115123125783e-17,0.860272951056316,0.0,Spring,LOAD_PRIORITY,60
351,0.0,0.5,0.0,0.5,0.5,0.0,0.0,0.0,0.0,0.860272951056316,0.0,Spring,LOAD_PRIORITY,60
352,0.0,0.5,0.0,0.5,0.5,0.0,0.0,0.0,0.0,0.860272951056316,0.0,Spring,LOAD_PRIORITY,60
353,0.0,0.5,0.0,0.5,0.5,0.0,0.0,0.0,0.0,0.860272951056316,0.0,Spring,LOAD_PRIORITY,60
354,0.0,1.8121615879119761,0.0,1.8121615879119761,1.8121615879119761,0.0,0.0,0.0,0.0,0.860272951056316,0.0,Spring,LOAD_PRIORITY,60
355,0.0,3.4027805915916076,0.0,3.4027805915916076,3.4027805915916076,0.0,0.0,0.0,0.0,0.860272951056316,0.0,Spring,LOAD_PRIORITY,60
356,0.0,0.961293251773388,0.0,0.961293251773388,0.961293251773388,0.0,0.0,0.0,0.0,0.860272951056316,0.0,Spring,LOAD_PRIORITY,60
357,0.0,1.1095446153581658,0.0,1.1095446153581658,1.1095446153581658,0.0,0.0,0.0,0.0,0.860272951056316,0.0,Spring,LOAD_PRIORITY,60
358,0.0,0.5,0.0,0.5,0.5,0.0,0.0,0.0,0.0,0.860272951056316,0.0,Spring,LOAD_PRIORITY,60
359,0.0,0.5,0.0,0.5,0.5,0.0,0.0,0.0,0.0,0.860272951056316,0.0,Spring,LOAD_PRIORITY,60
360,0.0,0.5,0.0,0.5,0.5,0.0,0.0,0.0,0.0,0.29387700461892685,0.0,Spring,LOAD_PRIORITY,60
361,0.9137903969473051,0.5,0.9137903969473051,0.5,0.0,0.0,0.0,0.0,0.3925560384776007,0.29387700461892685,0.0,Spring,LOAD_PRIORITY,60
362,1.7653074884526825,0.5,1.7653074884526825,0.5,0.0,0.0,0.0,0.0,1.5929321196709036,0.29387700461892685,0.0,Spring,LOAD_PRIORITY,60
363,2.4965217919285703,0.5,2.4965217919285703,0.5,0.0,0.0,0.0,0.0,3.4869989978674214,0.29387700461892685,0.0,Spring,LOAD_PRIORITY,60
364,3.0576022609818554,0.5,3.0576022609818554,0.5,0.0,0.0,0.0,0.0,5.913353545917139,0.29387700461892685,0.0,Spring,LOAD_PRIORITY,60
365,3.4103121888758747,0.5,3.4103121888758747,0.5,0.0,0.0,0.0,0.0,8.674318111616513,0.29387700461892685,0.0,Spring,LOAD_PRIORITY,60
366,3.530614976905366,0.5,3.530614976905366,0.5,0.0,0.0,0.0,0.0,11.549411923028376,0.29387700461892685,0.0,Spring,LOAD_PRIORITY,60
367,3.410312188875875,0.5,3.410312188875875,0.5,0.0,0.8542118222098205,0.0,0.0,13.5,0.29387700461892685,0.0,Spring,LOAD_PRIORITY,60
368,3.0576022609818563,0.5,3.0576022609818563,0.5,0.0,2.5576022609818563,0.0,0.0,13.5,0.29387700461892685,0.0,Spring,LOAD_PRIORITY,60
369,2.4965217919285703,0.5,2.4965217919285703,0.5,0.0,1.9965217919285703,0.0,0.0,13.5,0.29387700461892685,0.0,Spring,LOAD_PRIORITY,60
370,1.765307488452684,0.5,1.765307488452684,0.5,0.0,1.265307488452684,0.0,0.0,13.5,0.29387700461892685,0.0,Spring,LOAD_PRIORITY,60
371,0.913790396947306,0.5,0.913790396947306,0.5,0.0,0.413790396947306,0.0,0.0,13.5,0.29387700461892685,0.0,Spring,LOAD_PRIORITY,60
372,4.3237563304888625e-16,0.5,4.3237563304888625e-16,0.5,0.0,0.0,0.0,0.0,12.97295372330527,0.29387700461892685,0.0,Spring,LOAD_PRIORITY,60
373,0.0,0.5,0.0,0.5,0.0,0.0,0.0,0.0,12.44590744661054,0.29387700461892685,0.0,Spring,LOAD_PRIORITY,60
374,0.0,0.5,0.0,0.5,0.0,0.0,0.0,0.0,11.918861169915811,0.29387700461892685,0.0,Spring,LOAD_PRIORITY,60
375,0.0,0.5,0.0,0.5,0.0,0.0,0.0,0.0,11.391814893221081,0.29387700461892685,0.0,Spring,LOAD_PRIORITY,60
376,0.0,0.5,0.0,0.5,0.0,0.0,0.0,0.0,10.864768616526352,0.29387700461892685,0.0,Spring,LOAD_PRIORITY,60
377,0.0,0.5,0.0,0.5,0.0,0.0,0.0,0.0,10.337722339831622,0.29387700461892685,0.0,Spring,LOAD_PRIORITY,60
378,0.0,2.609022612205232,0.0,2.609022612205232,0.0,0.0,0.0,0.0,7.587571032681371,0.29387700461892685,0.0,Spring,LOAD_PRIORITY,60
379,0.0,1.302696619924737,0.0,1.302696619924737,0.0,0.0,0.0,0.0,6.214408226293086,0.29387700461892685,0.0,Spring,LOAD_PRIORITY,60
380,0.0,2.6647292220647607,0.0,2.6647292220647607,0.0,0.0,0.0,0.0,3.405536996515334,0.29387700461892685,0.0,Spring,LOAD_PRIORITY,60
381,0.0,3.1766171336320586,0.0,3.1766171336320586,0.0,0.0,0.0,0.0,0.05708853098441047,0.29387700461892685,0.0,Spring,LOAD_PRIORITY,60
382,0.0,0.5,0.0,0.5,0.44584106414485053,0.0,0.0,0.0,0.0,0.29387700461892685,0.0,Spring,LOAD_PRIORITY,60
383,0.0,0.5,0.0,0.5,0.5,0.0,0.0,0.0,0.0,0.29387700461892685,0.0,Spring,LOAD_PRIORITY,60
384,0.0,0.5,0.0,0.5,0.5,0.0,0.0,0.0,0.0,0.6667941646000596,0.0,Spring,LOAD_PRIORITY,60
385,0.4312000807040014,0.5,0.4312000807040014,0.5,0.0687999192959986,0.0,0.0,0.0,0.0,0.6667941646000596,0.0,Spring,LOAD_PRIORITY,60
386,0.8330145884998509,0.5,0.8330145884998509,0.5,0.0,0.0,0.0,0.0,0.31592537811697324,0.6667941646000596,0.0,Spring,LOAD_PRIORITY,60
387,1.1780605287111323,0.5,1.1780605287111323,0.5,0.0,0.0,0.0,0.0,0.9591900767725254,0.6667941646000596,0.0,Spring,LOAD_PRIORITY,60
388,1.4428235907278228,0.5,1.4428235907278228,0.5,0.0,0.0,0.0,0.0,1.8536310703040242,0.6667941646000596,0.0,Spring,LOAD_PRIORITY,60
389,1.6092606094151334,0.5,1.6092606094151334,0.5,0.0,0.0,0.0,0.0,2.9059680836414956,0.6667941646000596,0.0,Spring,LOAD_PRIORITY,60
390,1.666029176999702,0.5,1.666029176999702,0.5,0.0,0.0,0.0,0.0,4.012160488900699,0.6667941646000596,0.0,Spring,LOAD_PRIORITY,60
391,1.6092606094151336,0.5,1.6092606094151336,0.5,0.0,0.0,0.0,0.0,5.06449750223817,0.6667941646000596,0.0,Spring,LOAD_PRIORITY,60
392,1.442823590727823,0.5,1.442823590727823,0.5,0.0,0.0,0.0,0.0,5.95893849576967,0.6667941646000596,0.0,Spring,LOAD_PRIORITY,60
393,1.1780605287111323,0.5,1.1780605287111323,0.5,0.0,0.0,0.0,0.0,6.602203194425222,0.6667941646000596,0.0,Spring,LOAD_PRIORITY,60
394,0.8330145884998517,0.5,0.8330145884998517,0.5,0.0,0.0,0.0,0.0,6.918128572542196,0.6667941646000596,0.0,Spring,LOAD_PRIORITY,60
395,0.43120008070400184,0.5,0.43120008070400184,0.5,0.0,0.0,0.0,0.0,6.845607089938489,0.6667941646000596,0.0,Spring,LOAD_PRIORITY,60
396,2.0402972988987845e-16,0.5,2.0402972988987845e-16,0.5,0.0,0.0,0.0,0.0,6.318560813243759,0.6667941646000596,0.0,Spring,LOAD_PRIORITY,60
397,0.0,0.5,0.0,0.5,0.0,0.0,0.0,0.0,5.7915145365490295,0.6667941646000596,0.0,Spring,LOAD_PRIORITY,60
398,0.0,0.5,0.0,0.5,0.0,0.0,0.0,0.0,5.2644682598543,0.6667941646000596,0.0,Spring,LOAD_PRIORITY,60
399,0.0,0.5,0.0,0.5,0.0,0.0,0.0,0.0,4.73742198315957,0.6667941646000596,0.0,Spring,LOAD_PRIORITY,60
400,0.0,0.5,0.0,0.5,0.0,0.0,0.0,0.0,4.21037570646484,0.6667941646000596,0.0,Spring,LOAD_PRIORITY,60
401,0.0,0.5,0.0,0.5,0.0,0.0,0.0,0.0,3.6833294297701107,0.6667941646000596,0.0,Spring,LOAD_PRIORITY,60
402,0.0,2.70963320268342,0.0,2.70963320268342,0.0,0.0,0.0,0.0,0.8271252484046849,0.6667941646000596,0.0,Spring,LOAD_PRIORITY,60
403,0.0,0.5369019276451061,0.0,0.5369019276451061,0.0,0.0,0.0,0.0,0.26118092457353204,0.6667941646000596,0.0,Spring,LOAD_PRIORITY,60
404,0.0,1.5939380217943018,0.0,1.5939380217943018,1.346160040882001,0.0,0.0,0.0,0.0,0.6667941646000596,0.0,Spring,LOAD_PRIORITY,60
405,0.0,0.8914048823669123,0.0,0.8914048823669123,0.8914048823669123,0.0,0.0,0.0,0.0,0.6667941646000596,0.0,Spring,LOAD_PRIORITY,60
406,0.0,0.5,0.0,0.5,0.5,0.0,0.0,0.0,0.0,0.6667941646000596,0.0,Spring,LOAD_PRIORITY,60
407,0.0,0.5,0.0,0.5,0.5,0.0,0.0,0.0,0.0,0.6667941646000596,0.0,Spring,LOAD_PRIORITY,60
408,0.0,0.5,0.0,0.5,0.5,0.0,0.0,0.0,0.0,0.7259894819079602,0.0,Spring,LOAD_PRIORITY,60
409,0.3545957032031436,0.5,0.3545957032031436,0.5,0.1454042967968564,0.0,0.0,0.0,0.0,0.7259894819079602,0.0,Spring,LOAD_PRIORITY,60
410,0.6850262952300994,0.5,0.6850262952300994,0.5,0.0,0.0,0.0,0.0,0.17553135598495873,0.7259894819079602,0.0,Spring,LOAD_PRIORITY,60
411,0.9687734772966026,0.5,0.9687734772966026,0.5,0.0,0.0,0.0,0.0,0.6202489244653073,0.7259894819079602,0.0,Spring,LOAD_PRIORITY,60
412,1.1865003478592098,0.5,1.1865003478592098,0.5,0.0,0.0,0.0,0.0,1.2715203385852074,0.7259894819079602,0.0,Spring,LOAD_PRIORITY,60
413,1.323369180499746,0.5,1.323369180499746,0.5,0.0,0.0,0.0,0.0,2.0526369282548553,0.7259894819079602,0.0,Spring,LOAD_PRIORITY,60
414,1.370052590460199,0.5,1.370052590460199,0.5,0.0,0.0,0.0,0.0,2.8780412892500298,0.7259894819079602,0.0,Spring,LOAD_PRIORITY,60
415,1.3233691804997463,0.5,1.3233691804997463,0.5,0.0,0.0,0.0,0.0,3.659157878919678,0.7259894819079602,0.0,Spring,LOAD_PRIORITY,60
416,1.1865003478592102,0.5,1.1865003478592102,0.5,0.0,0.0,0.0,0.0,4.3104292930395784,0.7259894819079602,0.0,Spring,LOAD_PRIORITY,60
417,0.9687734772966026,0.5,0.9687734772966026,0.5,0.0,0.0,0.0,0.0,4.755146861519927,0.7259894819079602,0.0,Spring,LOAD_PRIORITY,60
418,0.6850262952301,0.5,0.6850262952301,0.5,0.0,0.0,0.0,0.0,4.930678217504886,0.7259894819079602,0.0,Spring,LOAD_PRIORITY,60
419,0.354595703203144,0.5,0.354595703203144,0.5,0.0,0.0,0.0,0.0,4.7774086310204895,0.7259894819079602,0.0,Spring,LOAD_PRIORITY,60
420,1.6778305195706225e-16,0.5,1.6778305195706225e-16,0.5,0.0,0.0,0.0,0.0,4.25036235432576,0.7259894819079602,0.0,Spring,LOAD_PRIORITY,60
421,0.0,0.5,0.0,0.5,0.0,0.0,0.0,0.0,3.72331607763103,0.7259894819079602,0.0,Spring,LOAD_PRIORITY,60
422,0.0,0.5,0.0,0.5,0.0,0.0,0.0,0.0,3.1962698009363004,0.7259894819079602,0.0,Spring,LOAD_PRIORITY,60
423,0.0,0.5,0.0,0.5,0.0,0.0,0.0,0.0,2.6692235242415707,0.7259894819079602,0.0,Spring,LOAD_PRIORITY,60
424,0.0,0.5,0.0,0.5,0.0,0.0,0.0,0.0,2.142177247546841,0.7259894819079602,0.0,Spring,LOAD_PRIORITY,60
425,0.0,0.5,0.0,0.5,0.0,0.0,0.0,0.0,1.615130970852111,0.7259894819079602,0.0,Spring,LOAD_PRIORITY,60
426,0.0,3.4570521205675444,0.0,3.4570521205675444,1.9248043443560354,0.0,0.0,0.0,0.0,0.7259894819079602,0.0,Spring,LOAD_PRIORITY,60
427,0.0,2.9378784887487797,0.0,2.9378784887487797,2.9378784887487797,0.0,0.0,0.0,0.0,0.7259894819079602,0.0,Spring,LOAD_PRIORITY,60
428,0.0,3.1911026096019453,0.0,3.1911026096019453,3.1911026096019453,0.0,0.0,0.0,0.0,0.7259894819079602,0.0,Spring,LOAD_PRIORITY,60
429,0.0,1.8829426738238875,0.0,1.8829426738238875,1.8829426738238875,0.0,0.0,0.0,0.0,0.7259894819079602,0.0,Spring,LOAD_PRIORITY,60
430,0.0,0.5,0.0,0.5,0.5,0.0,0.0,0.0,0.0,0.7259894819079602,0.0,Spring,LOAD_PRIORITY,60
431,0.0,0.5,0.0,0.5,0.5,0.0,0.0,0.0,0.0,0.7259894819079602,0.0,Spring,LOAD_PRIORITY,60
432,0.0,0.5,0.0,0.5,0.5,0.0,0.0,0.0,0.0,0.4003435989824752,0.0,Spring,LOAD_PRIORITY,60
433,0.7760124855048501,0.5,0.7760124855048501,0.5,0.0,0.0,0.0,0.0,0.26184843505186084,0.4003435989824752,0.0,Spring,LOAD_PRIORITY,60
434,1.4991410025438119,0.5,1.4991410025438119,0.5,0.0,0.0,0.0,0.0,1.209716816562621,0.4003435989824752,0.0,Spring,LOAD_PRIORITY,60
435,2.1201055377070577,0.5,2.1201055377070577,0.5,0.0,0.0,0.0,0.0,2.7466838812644534,0.4003435989824752,0.0,Spring,LOAD_PRIORITY,60
436,2.5965883841156256,0.5,2.5965883841156256,0.5,0.0,0.0,0.0,0.0,4.735682264161662,0.4003435989824752,0.0,Spring,LOAD_PRIORITY,60
437,2.896118023211907,0.5,2.896118023211907,0.5,0.0,0.0,0.0,0.0,7.0088394129406115,0.4003435989824752,0.0,Spring,LOAD_PRIORITY,60
438,2.998282005087624,0.5,2.998282005087624,0.5,0.0,0.0,0.0,0.0,9.37891782498739,0.4003435989824752,0.0,Spring,LOAD_PRIORITY,60
439,2.896118023211908,0.5,2.896118023211908,0.5,0.0,0.0,0.0,0.0,11.65207497376634,0.4003435989824752,0.0,Spring,LOAD_PRIORITY,60
440,2.596588384115626,0.5,2.596588384115626,0.5,0.0,0.1487043747407022,0.0,0.0,13.5,0.4003435989824752,0.0,Spring,LOAD_PRIORITY,60
441,2.1201055377070577,0.5,2.1201055377070577,0.5,0.0,1.6201055377070577,0.0,0.0,13.5,0.4003435989824752,0.0,Spring,LOAD_PRIORITY,60
442,1.4991410025438132,0.5,1.4991410025438132,0.5,0.0,0.9991410025438132,0.0,0.0,13.5,0.4003435989824752,0.0,Spring,LOAD_PRIORITY,60
443,0.7760124855048509,0.5,0.7760124855048509,0.5,0.0,0.2760124855048509,0.0,0.0,13.5,0.4003435989824752,0.0,Spring,LOAD_PRIORITY,60
444,3.671836460471667e-16,0.5,3.671836460471667e-16,0.5,0.0,0.0,0.0,0.0,12.97295372330527,0.4003435989824752,0.0,Spring,LOAD_PRIORITY,60
445,0.0,0.5,0.0,0.5,0.0,0.0,0.0,0.0,12.44590744661054,0.4003435989824752,0.0,Spring,LOAD_PRIORITY,60
446,0.0,0.5,0.0,0.5,0.0,0.0,0.0,0.0,11.918861169915811,0.4003435989824752,0.0,Spring,LOAD_PRIORITY,60
447,0.0,0.5,0.0,0.5,0.0,0.0,0.0,0.0,11.391814893221081,0.4003435989824752,0.0,Spring,LOAD_PRIORITY,60
448,0.0,0.5,0.0,0.5,0.0,0.0,0.0,0.0,10.864768616526352,0.4003435989824752,0.0,Spring,LOAD_PRIORITY,60
449,0.0,0.5,0.0,0.5,0.0,0.0,0.0,0.0,10.337722339831622,0.4003435989824752,0.0,Spring,LOAD_PRIORITY,60
450,0.0,2.6683342824804637,0.0,2.6683342824804637,0.0,0.0,0.0,0.0,7.525051042715157,0.4003435989824752,0.0,Spring,LOAD_PRIORITY,60
451,0.0,2.2229564851869643,0.0,2.2229564851869643,0.0,0.0,0.0,0.0,5.181849165170771,0.4003435989824752,0.0,Spring,LOAD_PRIORITY,60
452,0.0,3.2936506324939145,0.0,3.2936506324939145,0.0,0.0,0.0,0.0,1.7100365599924512,0.4003435989824752,0.0,Spring,LOAD_PRIORITY,60
453,0.0,1.0048194090613176,0.0,1.0048194090613176,0.0,0.0,0.0,0.0,0.6508639033997188,0.4003435989824752,0.0,Spring,LOAD_PRIORITY,60
454,0.0,0.5,0.0,0.5,0.0,0.0,0.0,0.0,0.12381762670498886,0.4003435989824752,0.0,Spring,LOAD_PRIORITY,60
455,0.0,0.5,0.0,0.5,0.38253628554072383,0.0,0.0,0.0,0.0,0.4003435989824752,0.0,Spring,LOAD_PRIORITY,60
456,0.0,0.5,0.0,0.5,0.5,0.0,0.0,0.0,0.0,0.40824868956983573,0.0,Spring,LOAD_PRIORITY,60
457,0.7657825455185022,0.5,0.7657825455185022,0.5,0.0,0.0,0.0,0.0,0.2521434618467535,0.40824868956983573,0.0,Spring,LOAD_PRIORITY,60
458,1.4793782760754104,0.5,1.4793782760754104,0.5,0.0,0.0,0.0,0.0,1.1812632748330003,0.40824868956983573,0.0,Spring,LOAD_PRIORITY,60
459,2.0921568219059745,0.5,2.0921568219059745,0.5,0.0,0.0,0.0,0.0,2.6917158596523847,0.40824868956983573,0.0,Spring,LOAD_PRIORITY,60
460,2.5623583377762684,0.5,2.5623583377762684,0.5,0.0,0.0,0.0,0.0,4.648240769295951,0.40824868956983573,0.0,Spring,LOAD_PRIORITY,60
461,2.857939367424476,0.5,2.857939367424476,0.5,0.0,0.0,0.0,0.0,6.885178464987345,0.40824868956983573,0.0,Spring,LOAD_PRIORITY,60
462,2.9587565521508212,0.5,2.9587565521508212,0.5,0.0,0.0,0.0,0.0,9.217759739985096,0.40824868956983573,0.0,Spring,LOAD_PRIORITY,60
463,2.857939367424477,0.5,2.857939367424477,0.5,0.0,0.0,0.0,0.0,11.454697435676492,0.40824868956983573,0.0,Spring,LOAD_PRIORITY,60
464,2.562358337776269,0.5,2.562358337776269,0.5,0.0,0.0,0.0,0.0,13.411222345320057,0.40824868956983573,0.0,Spring,LOAD_PRIORITY,60
465,2.0921568219059745,0.5,2.0921568219059745,0.5,0.0,1.4985769572004661,0.0,0.0,13.5,0.40824868956983573,0.0,Spring,LOAD_PRIORITY,60
466,1.4793782760754117,0.5,1.4793782760754117,0.5,0.0,0.9793782760754117,0.0,0.0,13.5,0.40824868956983573,0.0,Spring,LOAD_PRIORITY,60
467,0.765782545518503,0.5,0.765782545518503,0.5,0.0,0.265782545518503,0.0,0.0,13.5,0.40824868956983573,0.0,Spring,LOAD_PRIORITY,60
468,3.6234317410477625e-16,0.5,3.6234317410477625e-16,0.5,0.0,0.0,0.0,0.0,12.97295372330527,0.40824868956983573,0.0,Spring,LOAD_PRIORITY,60
469,0.0,0.5,0.0,0.5,0.0,0.0,0.0,0.0,12.44590744661054,0.40824868956983573,0.0,Spring,LOAD_PRIORITY,60
470,0.0,0.5,0.0,0.5,0.0,0.0,0.0,0.0,11.918861169915811,0.40824868956983573,0.0,Spring,LOAD_PRIORITY,60
471,0.0,0.5,0.0,0.5,0.0,0.0,0.0,0.0,11.391814893221081,0.40824868956983573,0.0,Spring,LOAD_PRIORITY,60
472,0.0,0.5,0.0,0.5,0.0,0.0,0.0,0.0,10.864768616526352,0.40824868956983573,0.0,Spring,LOAD_PRIORITY,60
473,0.0,0.5,0.0,0.5,0.0,0.0,0.0,0.0,10.337722339831622,0.40824868956983573,0.0,Spring,LOAD_PRIORITY,60
474,0.0,1.9705036748864524,0.0,1.9705036748864524,0.0,0.0,0.0,0.0,8.260629089707248,0.40824868956983573,0.0,Spring,LOAD_PRIORITY,60
475,0.0,0.5426889084734338,0.0,0.5426889084734338,0.0,0.0,0.0,0.0,7.688584752478347,0.40824868956983573,0.0,Spring,LOAD_PRIORITY,60
476,0.0,1.7578374373311518,0.0,1.7578374373311518,0.0,0.0,0.0,0.0,5.835661399718369,0.40824868956983573,0.0,Spring,LOAD_PRIORITY,60
477,0.0,1.116105283702789,0.0,1.116105283702789,0.0,0.0,0.0,0.0,4.6591831313686285,0.40824868956983573,0.0,Spring,LOAD_PRIORITY,60
478,0.0,0.5,0.0,0.5,0.0,0.0,0.0,0.0,4.132136854673899,0.40824868956983573,0.0,Spring,LOAD_PRIORITY,60
479,0.0,0.5,0.0,0.5,0.0,0.0,0.0,0.0,3.605090577979169,0.40824868956983573,0.0,Spring,LOAD_PRIORITY,60
480,0.0,0.5,0.0,0.5,0.0,0.0,0.0,0.0,3.0780443012844394,0.8277964788169808,0.0,Spring,LOAD_PRIORITY,60
481,0.22284775457940365,0.5,0.22284775457940365,0.5,0.0,0.0,0.0,0.0,2.785900183231421,0.8277964788169808,0.0,Spring,LOAD_PRIORITY,60
482,0.4305088029575479,0.5,0.4305088029575479,0.5,0.0,0.0,0.0,0.0,2.7126500299028526,0.8277964788169808,0.0,Spring,LOAD_PRIORITY,60
483,0.6088313878635707,0.5,0.6088313878635707,0.5,0.0,0.0,0.0,0.0,2.8158965498726793,0.8277964788169808,0.0,Spring,LOAD_PRIORITY,60
484,0.7456631198281315,0.5,0.7456631198281315,0.5,0.0,0.0,0.0,0.0,3.04895304860061,0.8277964788169808,0.0,Spring,LOAD_PRIORITY,60
485,0.8316791424429743,0.5,0.8316791424429743,0.5,0.0,0.0,0.0,0.0,3.363611511347977,0.8277964788169808,0.0,Spring,LOAD_PRIORITY,60
486,0.8610176059150959,0.5,0.8610176059150959,0.5,0.0,0.0,0.0,0.0,3.706102884381811,0.8277964788169808,0.0,Spring,LOAD_PRIORITY,60
487,0.8316791424429744,0.5,0.8316791424429744,0.5,0.0,0.0,0.0,0.0,4.020761347129178,0.8277964788169808,0.0,Spring,LOAD_PRIORITY,60
488,0.7456631198281317,0.5,0.7456631198281317,0.5,0.0,0.0,0.0,0.0,4.2538178458571085,0.8277964788169808,0.0,Spring,LOAD_PRIORITY,60
489,0.6088313878635707,0.5,0.6088313878635707,0.5,0.0,0.0,0.0,0.0,4.357064365826935,0.8277964788169808,0.0,Spring,LOAD_PRIORITY,60
490,0.4305088029575483,0.5,0.4305088029575483,0.5,0.0,0.0,0.0,0.0,4.283814212498367,0.8277964788169808,0.0,Spring,LOAD_PRIORITY,60
491,0.22284775457940387,0.5,0.22284775457940387,0.5,0.0,0.0,0.0,0.0,3.9916700944453485,0.8277964788169808,0.0,Spring,LOAD_PRIORITY,60
492,1.0544424550934394e-16,0.5,1.0544424550934394e-16,0.5,0.0,0.0,0.0,0.0,3.464623817750619,0.8277964788169808,0.0,Spring,LOAD_PRIORITY,60
493,0.0,0.5,0.0,0.5,0.0,0.0,0.0,0.0,2.937577541055889,0.8277964788169808,0.0,Spring,LOAD_PRIORITY,60
494,0.0,0.5,0.0,0.5,0.0,0.0,0.0,0.0,2.4105312643611594,0.8277964788169808,0.0,Spring,LOAD_PRIORITY,60
495,0.0,0.5,0.0,0.5,0.0,0.0,0.0,0.0,1.8834849876664295,0.8277964788169808,0.0,Spring,LOAD_PRIORITY,60
496,0.0,0.5,0.0,0.5,0.0,0.0,0.0,0.0,1.3564387109716995,0.8277964788169808,0.0,Spring,LOAD_PRIORITY,60
497,0.0,0.5,0.0,0.5,0.0,0.0,0.0,0.0,0.8293924342769696,0.8277964788169808,0.0,Spring,LOAD_PRIORITY,60
498,0.0,0.9490826285325197,0.0,0.9490826285325197,0.1622518786045002,0.0,0.0,0.0,0.0,0.8277964788169808,0.0,Spring,LOAD_PRIORITY,60
499,0.0,2.027570823996758,0.0,2.027570823996758,2.027570823996758,0.0,0.0,0.0,0.0,0.8277964788169808,0.0,Spring,LOAD_PRIORITY,60
500,0.0,3.230119400427424,0.0,3.230119400427424,3.230119400427424,0.0,0.0,0.0,0.0,0.8277964788169808,0.0,Spring,LOAD_PRIORITY,60
501,0.0,1.4317875350843337,0.0,1.4317875350843337,1.4317875350843337,0.0,0.0,0.0,0.0,0.8277964788169808,0.0,Spring,LOAD_PRIORITY,60
502,0.0,0.5,0.0,0.5,0.5,0.0,0.0,0.0,0.0,0.8277964788169808,0.0,Spring,LOAD_PRIORITY,60
503,0.0,0.5,0.0,0.5,0.5,0.0,0.0,0.0,0.0,0.8277964788169808,0.0,Spring,LOAD_PRIORITY,60
504,0.0,0.5,0.0,0.5,0.5,0.0,0.0,0.0,0.0,0.7756499032239346,0.0,Spring,LOAD_PRIORITY,60
505,0.29033038908119685,0.5,0.29033038908119685,0.5,0.20966961091880315,0.0,0.0,0.0,0.0,0.7756499032239346,0.0,Spring,LOAD_PRIORITY,60
506,0.5608752419401635,0.5,0.5608752419401635,0.5,0.0,0.0,0.0,0.0,0.05775132529341724,0.7756499032239346,0.0,Spring,LOAD_PRIORITY,60
507,0.7931973739510704,0.5,0.7931973739510704,0.5,0.0,0.0,0.0,0.0,0.3359027769930685,0.7756499032239346,0.0,Spring,LOAD_PRIORITY,60
508,0.9714644157478497,0.5,0.9714644157478497,0.5,0.0,0.0,0.0,0.0,0.7831731938381972,0.7756499032239346,0.0,Spring,LOAD_PRIORITY,60
509,1.083527763032267,0.5,1.083527763032267,0.5,0.0,0.0,0.0,0.0,1.3367562365756869,0.7756499032239346,0.0,Spring,LOAD_PRIORITY,60
510,1.1217504838803272,0.5,1.1217504838803272,0.5,0.0,0.0,0.0,0.0,1.9266005361877785,0.7756499032239346,0.0,Spring,LOAD_PRIORITY,60
511,1.0835277630322673,0.5,1.0835277630322673,0.5,0.0,0.0,0.0,0.0,2.4801835789252684,0.7756499032239346,0.0,Spring,LOAD_PRIORITY,60
512,0.9714644157478498,0.5,0.9714644157478498,0.5,0.0,0.0,0.0,0.0,2.927453995770397,0.7756499032239346,0.0,Spring,LOAD_PRIORITY,60
513,0.7931973739510704,0.5,0.7931973739510704,0.5,0.0,0.0,0.0,0.0,3.2056054474700484,0.7756499032239346,0.0,Spring,LOAD_PRIORITY,60
514,0.560875241940164,0.5,0.560875241940164,0.5,0.0,0.0,0.0,0.0,3.263356772763466,0.7756499032239346,0.0,Spring,LOAD_PRIORITY,60
515,0.2903303890811972,0.5,0.2903303890811972,0.5,0.0,0.0,0.0,0.0,3.0423455972218907,0.7756499032239346,0.0,Spring,LOAD_PRIORITY,60
516,1.3737481395260374e-16,0.5,1.3737481395260374e-16,0.5,0.0,0.0,0.0,0.0,2.515299320527161,0.7756499032239346,0.0,Spring,LOAD_PRIORITY,60
517,0.0,0.5,0.0,0.5,0.0,0.0,0.0,0.0,1.988253043832431,0.7756499032239346,0.0,Spring,LOAD_PRIORITY,60
518,0.0,0.5,0.0,0.5,0.0,0.0,0.0,0.0,1.4612067671377011,0.7756499032239346,0.0,Spring,LOAD_PRIORITY,60
519,0.0,0.5,0.0,0.5,0.0,0.0,0.0,0.0,0.9341604904429712,0.7756499032239346,0.0,Spring,LOAD_PRIORITY,60
520,0.0,0.5,0.0,0.5,0.0,0.0,0.0,0.0,0.4071142137482413,0.7756499032239346,0.0,Spring,LOAD_PRIORITY,60
521,0.0,0.5,0.0,0.5,0.11377754501807663,0.0,0.0,0.0,0.0,0.7756499032239346,0.0,Spring,LOAD_PRIORITY,60
522,0.0,0.8288079411417882,0.0,0.8288079411417882,0.8288079411417882,0.0,0.0,0.0,0.0,0.7756499032239346,0.0,Spring,LOAD_PRIORITY,60
523,0.0,2.490373954380466,0.0,2.490373954380466,2.490373954380466,0.0,0.0,0.0,0.0,0.7756499032239346,0.0,Spring,LOAD_PRIORITY,60
524,0.0,1.5003517415354812,0.0,1.5003517415354812,1.5003517415354812,0.0,0.0,0.0,0.0,0.7756499032239346,0.0,Spring,LOAD_PRIORITY,60
525,0.0,3.421047577859203,0.0,3.421047577859203,3.421047577859203,0.0,0.0,0.0,0.0,0.7756499032239346,0.0,Spring,LOAD_PRIORITY,60
526,0.0,0.5,0.0,0.5,0.5,0.0,0.0,0.0,0.0,0.7756499032239346,0.0,Spring,LOAD_PRIORITY,60
527,0.0,0.5,0.0,0.5,0.5,0.0,0.0,0.0,0.0,0.7756499032239346,0.0,Spring,LOAD_PRIORITY,60
528,0.0,0.5,0.0,0.5,0.5,0.0,0.0,0.0,0.0,0.38692101190816136,0.0,Spring,LOAD_PRIORITY,60
529,0.7933825913517467,0.5,0.7933825913517467,0.5,0.0,0.0,0.0,0.0,0.2783271643541812,0.38692101190816136,0.0,Spring,LOAD_PRIORITY,60
530,1.5326974702295961,0.5,1.5326974702295961,0.5,0.0,0.0,0.0,0.0,1.2580300063000167,0.38692101190816136,0.0,Spring,LOAD_PRIORITY,60
531,2.1675615494136284,0.5,2.1675615494136284,0.5,0.0,0.0,0.0,0.0,2.8400177966999625,0.38692101190816136,0.0,Spring,LOAD_PRIORITY,60
532,2.6547098910699476,0.5,2.6547098910699476,0.5,0.0,0.0,0.0,0.0,4.8841550825022635,0.38692101190816136,0.0,Spring,LOAD_PRIORITY,60
533,2.9609441407653745,0.5,2.9609441407653745,0.5,0.0,0.0,0.0,0.0,7.218811686281647,0.38692101190816136,0.0,Spring,LOAD_PRIORITY,60
534,3.0653949404591927,0.5,3.0653949404591927,0.5,0.0,0.0,0.0,0.0,9.652559019198575,0.38692101190816136,0.0,Spring,LOAD_PRIORITY,60
535,2.9609441407653754,0.5,2.9609441407653754,0.5,0.0,0.0,0.0,0.0,11.98721562297796,0.38692101190816136,0.0,Spring,LOAD_PRIORITY,60
536,2.654709891069948,0.5,2.654709891069948,0.5,0.0,0.5600951443671025,0.0,0.0,13.5,0.38692101190816136,0.0,Spring,LOAD_PRIORITY,60
537,2.1675615494136284,0.5,2.1675615494136284,0.5,0.0,1.6675615494136284,0.0,0.0,13.5,0.38692101190816136,0.0,Spring,LOAD_PRIORITY,60
538,1.5326974702295975,0.5,1.5326974702295975,0.5,0.0,1.0326974702295975,0.0,0.0,13.5,0.38692101190816136,0.0,Spring,LOAD_PRIORITY,60
539,0.7933825913517475,0.5,0.7933825913517475,0.5,0.0,0.2933825913517475,0.0,0.0,13.5,0.38692101190816136,0.0,Spring,LOAD_PRIORITY,60
540,3.7540261019558423e-16,0.5,3.7540261019558423e-16,0.5,0.0,0.0,0.0,0.0,12.97295372330527,0.38692101190816136,0.0,Spring,LOAD_PRIORITY,60
541,0.0,0.5,0.0,0.5,0.0,0.0,0.0,0.0,12.44590744661054,0.38692101190816136,0.0,Spring,LOAD_PRIORITY,60
542,0.0,0.5,0.0,0.5,0.0,0.0,0.0,0.0,11.918861169915811,0.38692101190816136,0.0,Spring,LOAD_PRIORITY,60
543,0.0,0.5,0.0,0.5,0.0,0.0,0.0,0.0,11.391814893221081,0.38692101190816136,0.0,Spring,LOAD_PRIORITY,60
544,0.0,0.5,0.0,0.5,0.0,0.0,0.0,0.0,10.864768616526352,0.38692101190816136,0.0,Spring,LOAD_PRIORITY,60
545,0.0,0.5,0.0,0.5,0.0,0.0,0.0,0.0,10.337722339831622,0.38692101190816136,0.0,Spring,LOAD_PRIORITY,60
546,0.0,1.560573058381469,0.0,1.560573058381469,0.0,0.0,0.0,0.0,8.6927338999715,0.38692101190816136,0.0,Spring,LOAD_PRIORITY,60
547,0.0,2.8950249735657883,0.0,2.8950249735657883,0.0,0.0,0.0,0.0,5.641109633459285,0.38692101190816136,0.0,Spring,LOAD_PRIORITY,60
548,0.0,0.8793164304656769,0.0,0.8793164304656769,0.0,0.0,0.0,0.0,4.7142287320324145,0.38692101190816136,0.0,Spring,LOAD_PRIORITY,60
549,0.0,1.8039690965072182,0.0,1.8039690965072182,0.0,0.0,0.0,0.0,2.812678340859444,0.38692101190816136,0.0,Spring,LOAD_PRIORITY,60
550,0.0,0.5,0.0,0.5,0.0,0.0,0.0,0.0,2.285632064164714,0.38692101190816136,0.0,Spring,LOAD_PRIORITY,60
551,0.0,0.5,0.0,0.5,0.0,0.0,0.0,0.0,1.7585857874699842,0.38692101190816136,0.0,Spring,LOAD_PRIORITY,60
552,0.0,0.5,0.0,0.5,0.0,0.0,0.0,0.0,1.2315395107752543,0.8512355569027622,0.0,Spring,LOAD_PRIORITY,60
553,0.19251535553817684,0.5,0.19251535553817684,0.5,0.0,0.0,0.0,0.0,0.9074222367664408,0.8512355569027622,0.0,Spring,LOAD_PRIORITY,60
554,0.37191110774309444,0.5,0.37191110774309444,0.5,0.0,0.0,0.0,0.0,0.7724046892665318,0.8512355569027622,0.0,Spring,LOAD_PRIORITY,60
555,0.5259617325674857,0.5,0.5259617325674857,0.5,0.0,0.0,0.0,0.0,0.7970341513417596,0.8512355569027622,0.0,Spring,LOAD_PRIORITY,60
556,0.6441689345102625,0.5,0.6441689345102625,0.5,0.0,0.0,0.0,0.0,0.9338048116093839,0.8512355569027622,0.0,Spring,LOAD_PRIORITY,60
557,0.7184770881056624,0.5,0.7184770881056624,0.5,0.0,0.0,0.0,0.0,1.1410703761019363,0.8512355569027622,0.0,Spring,LOAD_PRIORITY,60
558,0.743822215486189,0.5,0.743822215486189,0.5,0.0,0.0,0.0,0.0,1.3723804396273571,0.8512355569027622,0.0,Spring,LOAD_PRIORITY,60
559,0.7184770881056625,0.5,0.7184770881056625,0.5,0.0,0.0,0.0,0.0,1.5796460041199096,0.8512355569027622,0.0,Spring,LOAD_PRIORITY,60
560,0.6441689345102626,0.5,0.6441689345102626,0.5,0.0,0.0,0.0,0.0,1.716416664387534,0.8512355569027622,0.0,Spring,LOAD_PRIORITY,60
561,0.5259617325674857,0.5,0.5259617325674857,0.5,0.0,0.0,0.0,0.0,1.7410461264627617,0.8512355569027622,0.0,Spring,LOAD_PRIORITY,60
562,0.37191110774309477,0.5,0.37191110774309477,0.5,0.0,0.0,0.0,0.0,1.606028578962853,0.8512355569027622,0.0,Spring,LOAD_PRIORITY,60
563,0.19251535553817706,0.5,0.19251535553817706,0.5,0.0,0.0,0.0,0.0,1.2819113049540398,0.8512355569027622,0.0,Spring,LOAD_PRIORITY,60
564,9.109194953298542e-17,0.5,9.109194953298542e-17,0.5,0.0,0.0,0.0,0.0,0.75486502825931,0.8512355569027622,0.0,Spring,LOAD_PRIORITY,60
565,0.0,0.5,0.0,0.5,0.0,0.0,0.0,0.0,0.2278187515645801,0.8512355569027622,0.0,Spring,LOAD_PRIORITY,60
566,0.0,0.5,0.0,0.5,0.2838721554079635,0.0,0.0,0.0,0.0,0.8512355569027622,0.0,Spring,LOAD_PRIORITY,60
567,0.0,0.5,0.0,0.5,0.5,0.0,0.0,0.0,0.0,0.8512355569027622,0.0,Spring,LOAD_PRIORITY,60
568,0.0,0.5,0.0,0.5,0.5,0.0,0.0,0.0,0.0,0.8512355569027622,0.0,Spring,LOAD_PRIORITY,60
569,0.0,0.5,0.0,0.5,0.5,0.0,0.0,0.0,0.0,0.8512355569027622,0.0,Spring,LOAD_PRIORITY,60
570,0.0,2.200588142797981,0.0,2.200588142797981,2.200588142797981,0.0,0.0,0.0,0.0,0.8512355569027622,0.0,Spring,LOAD_PRIORITY,60
571,0.0,3.2861317457466273,0.0,3.2861317457466273,3.2861317457466273,0.0,0.0,0.0,0.0,0.8512355569027622,0.0,Spring,LOAD_PRIORITY,60
572,0.0,1.1787896673973257,0.0,1.1787896673973257,1.1787896673973257,0.0,0.0,0.0,0.0,0.8512355569027622,0.0,Spring,LOAD_PRIORITY,60
573,0.0,2.197121124490883,0.0,2.197121124490883,2.197121124490883,0.0,0.0,0.0,0.0,0.8512355569027622,0.0,Spring,LOAD_PRIORITY,60
574,0.0,0.5,0.0,0.5,0.5,0.0,0.0,0.0,0.0,0.8512355569027622,0.0,Spring,LOAD_PRIORITY,60
575,0.0,0.5,0.0,0.5,0.5,0.0,0.0,0.0,0.0,0.8512355569027622,0.0,Spring,LOAD_PRIORITY,60
576,0.0,0.5,0.0,0.5,0.5,0.0,0.0,0.0,0.0,0.3621061061248059,0.0,Spring,LOAD_PRIORITY,60
577,0.8254954424475323,0.5,0.8254954424475323,0.5,0.0,0.0,0.0,0.0,0.3087920898415361,0.3621061061248059,0.0,Spring,LOAD_PRIORITY,60
578,1.594734734687985,0.5,1.594734734687985,0.5,0.0,0.0,0.0,0.0,1.347348648435788,0.3621061061248059,0.0,Spring,LOAD_PRIORITY,60
579,2.2552954901832085,0.5,2.2552954901832085,0.5,0.0,0.0,0.0,0.0,3.0125681631159873,0.3621061061248059,0.0,Spring,LOAD_PRIORITY,60
580,2.762161585074464,0.5,2.762161585074464,0.5,0.0,0.0,0.0,0.0,5.158643076367607,0.3621061061248059,0.0,Spring,LOAD_PRIORITY,60
581,3.08079093263074,0.5,3.08079093263074,0.5,0.0,0.0,0.0,0.0,7.606996329914599,0.3621061061248059,0.0,Spring,LOAD_PRIORITY,60
582,3.189469469375971,0.5,3.189469469375971,0.5,0.0,0.0,0.0,0.0,10.15845109612836,0.3621061061248059,0.0,Spring,LOAD_PRIORITY,60
583,3.0807909326307406,0.5,3.0807909326307406,0.5,0.0,0.0,0.0,0.0,12.606804349675352,0.3621061061248059,0.0,Spring,LOAD_PRIORITY,60
584,2.7621615850744643,0.5,2.7621615850744643,0.5,0.0,1.3206507013473971,0.0,0.0,13.5,0.3621061061248059,0.0,Spring,LOAD_PRIORITY,60
585,2.2552954901832085,0.5,2.2552954901832085,0.5,0.0,1.7552954901832085,0.0,0.0,13.5,0.3621061061248059,0.0,Spring,LOAD_PRIORITY,60
586,1.5947347346879865,0.5,1.5947347346879865,0.5,0.0,1.0947347346879865,0.0,0.0,13.5,0.3621061061248059,0.0,Spring,LOAD_PRIORITY,60
587,0.825495442447533,0.5,0.825495442447533,0.5,0.0,0.32549544244753303,0.0,0.0,13.5,0.3621061061248059,0.0,Spring,LOAD_PRIORITY,60
588,3.9059735766494895e-16,0.5,3.9059735766494895e-16,0.5,0.0,0.0,0.0,0.0,12.97295372330527,0.3621061061248059,0.0,Spring,LOAD_PRIORITY,60
589,0.0,0.5,0.0,0.5,0.0,0.0,0.0,0.0,12.44590744661054,0.3621061061248059,0.0,Spring,LOAD_PRIORITY,60
590,0.0,0.5,0.0,0.5,0.0,0.0,0.0,0.0,11.918861169915811,0.3621061061248059,0.0,Spring,LOAD_PRIORITY,60
591,0.0,0.5,0.0,0.5,0.0,0.0,0.0,0.0,11.391814893221081,0.3621061061248059,0.0,Spring,LOAD_PRIORITY,60
592,0.0,0.5,0.0,0.5,0.0,0.0,0.0,0.0,10.864768616526352,0.3621061061248059,0.0,Spring,LOAD_PRIORITY,60
593,0.0,0.5,0.0,0.5,0.0,0.0,0.0,0.0,10.337722339831622,0.3621061061248059,0.0,Spring,LOAD_PRIORITY,60
594,0.0,1.183525614490644,0.0,1.183525614490644,0.0,0.0,0.0,0.0,9.09017680285135,0.3621061061248059,0.0,Spring,LOAD_PRIORITY,60
595,0.0,3.4072666069722666,0.0,3.4072666069722666,0.0,0.0,0.0,0.0,5.498602445029312,0.3621061061248059,0.0,Spring,LOAD_PRIORITY,60
596,0.0,2.327640540721004,0.0,2.327640540721004,0.0,0.0,0.0,0.0,3.045053884087886,0.3621061061248059,0.0,Spring,LOAD_PRIORITY,60
597,0.0,2.555563177064463,0.0,2.555563177064463,0.0,0.0,0.0,0.0,0.3512537694279261,0.3621061061248059,0.0,Spring,LOAD_PRIORITY,60
598,0.0,0.5,0.0,0.5,0.16677141556644037,0.0,0.0,0.0,0.0,0.3621061061248059,0.0,Spring,LOAD_PRIORITY,60
599,0.0,0.5,0.0,0.5,0.5,0.0,0.0,0.0,0.0,0.3621061061248059,0.0,Spring,LOAD_PRIORITY,60
600,0.0,0.5,0.0,0.5,0.5,0.0,0.0,0.0,0.0,0.759939385970312,0.0,Spring,LOAD_PRIORITY,60
601,0.31066129444944324,0.5,0.31066129444944324,0.5,0.18933870555055676,0.0,0.0,0.0,0.0,0.759939385970312,0.0,Spring,LOAD_PRIORITY,60
602,0.60015153507422,0.5,0.60015153507422,0.5,0.0,0.0,0.0,0.0,0.09501208859903276,0.759939385970312,0.0,Spring,LOAD_PRIORITY,60
603,0.8487424403809943,0.5,0.8487424403809943,0.5,0.0,0.0,0.0,0.0,0.42585821710985916,0.759939385970312,0.0,Spring,LOAD_PRIORITY,60
604,1.039492950989004,0.5,1.039492950989004,0.5,0.0,0.0,0.0,0.0,0.9376661691291117,0.759939385970312,0.0,Spring,LOAD_PRIORITY,60
605,1.1594037348304373,0.5,1.1594037348304373,0.5,0.0,0.0,0.0,0.0,1.5632314790348776,0.759939385970312,0.0,Spring,LOAD_PRIORITY,60
606,1.2003030701484403,0.5,1.2003030701484403,0.5,0.0,0.0,0.0,0.0,2.2275973052582003,0.759939385970312,0.0,Spring,LOAD_PRIORITY,60
607,1.1594037348304376,0.5,1.1594037348304376,0.5,0.0,0.0,0.0,0.0,2.853162615163966,0.759939385970312,0.0,Spring,LOAD_PRIORITY,60
608,1.0394929509890043,0.5,1.0394929509890043,0.5,0.0,0.0,0.0,0.0,3.364970567183219,0.759939385970312,0.0,Spring,LOAD_PRIORITY,60
609,0.8487424403809943,0.5,0.8487424403809943,0.5,0.0,0.0,0.0,0.0,3.6958166956940453,0.759939385970312,0.0,Spring,LOAD_PRIORITY,60
610,0.6001515350742205,0.5,0.6001515350742205,0.5,0.0,0.0,0.0,0.0,3.7908287842930783,0.759939385970312,0.0,Spring,LOAD_PRIORITY,60
611,0.31066129444944357,0.5,0.31066129444944357,0.5,0.0,0.0,0.0,0.0,3.5912482647038373,0.759939385970312,0.0,Spring,LOAD_PRIORITY,60
612,1.4699473128640283e-16,0.5,1.4699473128640283e-16,0.5,0.0,0.0,0.0,0.0,3.0642019880091076,0.759939385970312,0.0,Spring,LOAD_PRIORITY,60
613,0.0,0.5,0.0,0.5,0.0,0.0,0.0,0.0,2.5371557113143774,0.759939385970312,0.0,Spring,LOAD_PRIORITY,60
614,0.0,0.5,0.0,0.5,0.0,0.0,0.0,0.0,2.0101094346196478,0.759939385970312,0.0,Spring,LOAD_PRIORITY,60
615,0.0,0.5,0.0,0.5,0.0,0.0,0.0,0.0,1.4830631579249178,0.759939385970312,0.0,Spring,LOAD_PRIORITY,60
616,0.0,0.5,0.0,0.5,0.0,0.0,0.0,0.0,0.9560168812301879,0.759939385970312,0.0,Spring,LOAD_PRIORITY,60
617,0.0,0.5,0.0,0.5,0.0,0.0,0.0,0.0,0.428970604535458,0.759939385970312,0.0,Spring,LOAD_PRIORITY,60
618,0.0,3.361407145937255,0.0,3.361407145937255,2.954449898059834,0.0,0.0,0.0,-5.551115123125783e-17,0.759939385970312,0.0,Spring,LOAD_PRIORITY,60
619,0.0,1.7170907042618264,0.0,1.7170907042618264,1.7170907042618264,0.0,0.0,0.0,0.0,0.759939385970312,0.0,Spring,LOAD_PRIORITY,60
620,0.0,1.80311170648964,0.0,1.80311170648964,1.80311170648964,0.0,0.0,0.0,0.0,0.759939385970312,0.0,Spring,LOAD_PRIORITY,60
621,0.0,2.7140997089442402,0.0,2.7140997089442402,2.7140997089442402,0.0,0.0,0.0,0.0,0.759939385970312,0.0,Spring,LOAD_PRIORITY,60
622,0.0,0.5,0.0,0.5,0.5,0.0,0.0,0.0,0.0,0.759939385970312,0.0,Spring,LOAD_PRIORITY,60
623,0.0,0.5,0.0,0.5,0.5,0.0,0.0,0.0,0.0,0.759939385970312,0.0,Spring,LOAD_PRIORITY,60
624,0.0,0.5,0.0,0.5,0.5,0.0,0.0,0.0,0.0,0.6103857713877731,0.0,Spring,LOAD_PRIORITY,60
625,0.504197913038859,0.5,0.504197913038859,0.5,0.0,0.0,0.0,0.0,0.003982489986633982,0.6103857713877731,0.0,Spring,LOAD_PRIORITY,60
626,0.9740355715305672,0.5,0.9740355715305672,0.5,0.0,0.0,0.0,0.0,0.4536921193795127,0.6103857713877731,0.0,Spring,LOAD_PRIORITY,60
627,1.3774943154923573,0.5,1.3774943154923573,0.5,0.0,0.0,0.0,0.0,1.2861563206213802,0.6103857713877731,0.0,Spring,LOAD_PRIORITY,60
628,1.6870790982703319,0.5,1.6870790982703319,0.5,0.0,0.0,0.0,0.0,2.4123184346153086,0.6103857713877731,0.0,Spring,LOAD_PRIORITY,60
629,1.8816922285312159,0.5,1.8816922285312159,0.5,0.0,0.0,0.0,0.0,3.7231067748690667,0.6103857713877731,0.0,Spring,LOAD_PRIORITY,60
630,1.9480711430611346,0.5,1.9480711430611346,0.5,0.0,0.0,0.0,0.0,5.096867682680081,0.6103857713877731,0.0,Spring,LOAD_PRIORITY,60
631,1.8816922285312163,0.5,1.8816922285312163,0.5,0.0,0.0,0.0,0.0,6.407656022933839,0.6103857713877731,0.0,Spring,LOAD_PRIORITY,60
632,1.6870790982703323,0.5,1.6870790982703323,0.5,0.0,0.0,0.0,0.0,7.533818136927768,0.6103857713877731,0.0,Spring,LOAD_PRIORITY,60
633,1.3774943154923573,0.5,1.3774943154923573,0.5,0.0,0.0,0.0,0.0,8.366282338169636,0.6103857713877731,0.0,Spring,LOAD_PRIORITY,60
634,0.9740355715305681,0.5,0.9740355715305681,0.5,0.0,0.0,0.0,0.0,8.815991967562516,0.6103857713877731,0.0,Spring,LOAD_PRIORITY,60
635,0.5041979130388595,0.5,0.5041979130388595,0.5,0.0,0.0,0.0,0.0,8.81997445754915,0.6103857713877731,0.0,Spring,LOAD_PRIORITY,60
636,2.385699089861144e-16,0.5,2.385699089861144e-16,0.5,0.0,0.0,0.0,0.0,8.292928180854421,0.6103857713877731,0.0,Spring,LOAD_PRIORITY,60
637,0.0,0.5,0.0,0.5,0.0,0.0,0.0,0.0,7.765881904159691,0.6103857713877731,0.0,Spring,LOAD_PRIORITY,60
638,0.0,0.5,0.0,0.5,0.0,0.0,0.0,0.0,7.238835627464962,0.6103857713877731,0.0,Spring,LOAD_PRIORITY,60
639,0.0,0.5,0.0,0.5,0.0,0.0,0.0,0.0,6.711789350770232,0.6103857713877731,0.0,Spring,LOAD_PRIORITY,60
640,0.0,0.5,0.0,0.5,0.0,0.0,0.0,0.0,6.184743074075502,0.6103857713877731,0.0,Spring,LOAD_PRIORITY,60
641,0.0,0.5,0.0,0.5,0.0,0.0,0.0,0.0,5.657696797380773,0.6103857713877731,0.0,Spring,LOAD_PRIORITY,60
642,0.0,2.1587622593671063,0.0,2.1587622593671063,0.0,0.0,0.0,0.0,3.3821615752437,0.6103857713877731,0.0,Spring,LOAD_PRIORITY,60
643,0.0,2.326135984286402,0.0,2.326135984286402,0.0,0.0,0.0,0.0,0.9301989560361426,0.6103857713877731,0.0,Spring,LOAD_PRIORITY,60
644,0.0,2.441381774768589,0.0,2.441381774768589,1.5589175613130766,0.0,0.0,0.0,0.0,0.6103857713877731,0.0,Spring,LOAD_PRIORITY,60
645,0.0,1.6870446836196262,0.0,1.6870446836196262,1.6870446836196262,0.0,0.0,0.0,0.0,0.6103857713877731,0.0,Spring,LOAD_PRIORITY,60
646,0.0,0.5,0.0,0.5,0.5,0.0,0.0,0.0,0.0,0.6103857713877731,0.0,Spring,LOAD_PRIORITY,60
647,0.0,0.5,0.0,0.5,0.5,0.0,0.0,0.0,0.0,0.6103857713877731,0.0,Spring,LOAD_PRIORITY,60
648,0.0,0.5,0.0,0.5,0.5,0.0,0.0,0.0,0.0,0.8730770821377246,0.0,Spring,LOAD_PRIORITY,60
649,0.16425034201369895,0.5,0.16425034201369895,0.5,0.3357496579863011,0.0,0.0,0.0,0.0,0.8730770821377246,0.0,Spring,LOAD_PRIORITY,60
650,0.3173072946556884,0.5,0.3173072946556884,0.5,0.1826927053443116,0.0,0.0,0.0,0.0,0.8730770821377246,0.0,Spring,LOAD_PRIORITY,60
651,0.4487402795419905,0.5,0.4487402795419905,0.5,0.05125972045800947,0.0,0.0,0.0,0.0,0.8730770821377246,0.0,Spring,LOAD_PRIORITY,60
652,0.5495923559558809,0.5,0.5495923559558809,0.5,0.0,0.0,0.0,0.0,0.047047439806320084,0.8730770821377246,0.0,Spring,LOAD_PRIORITY,60
653,0.6129906215556894,0.5,0.6129906215556894,0.5,0.0,0.0,0.0,0.0,0.15423975531254897,0.8730770821377246,0.0,Spring,LOAD_PRIORITY,60
654,0.6346145893113769,0.5,0.6346145893113769,0.5,0.0,0.0,0.0,0.0,0.28194636786618144,0.8730770821377246,0.0,Spring,LOAD_PRIORITY,60
655,0.6129906215556895,0.5,0.6129906215556895,0.5,0.0,0.0,0.0,0.0,0.3891386833724104,0.8730770821377246,0.0,Spring,LOAD_PRIORITY,60
656,0.549592355955881,0.5,0.549592355955881,0.5,0.0,0.0,0.0,0.0,0.4361861231787306,0.8730770821377246,0.0,Spring,LOAD_PRIORITY,60
657,0.4487402795419905,0.5,0.4487402795419905,0.5,0.0,0.0,0.0,0.0,0.3821536335551175,0.8730770821377246,0.0,Spring,LOAD_PRIORITY,60
658,0.3173072946556887,0.5,0.3173072946556887,0.5,0.0,0.0,0.0,0.0,0.1895786132931042,0.8730770821377246,0.0,Spring,LOAD_PRIORITY,60
659,0.16425034201369912,0.5,0.16425034201369912,0.5,0.1558995938875558,0.0,0.0,0.0,0.0,0.8730770821377246,0.0,Spring,LOAD_PRIORITY,60
660,7.7717872549239e-17,0.5,7.7717872549239e-17,0.5,0.49999999999999994,0.0,0.0,0.0,0.0,0.8730770821377246,0.0,Spring,LOAD_PRIORITY,60
661,0.0,0.5,0.0,0.5,0.5,0.0,0.0,0.0,0.0,0.8730770821377246,0.0,Spring,LOAD_PRIORITY,60
662,0.0,0.5,0.0,0.5,0.5,0.0,0.0,0.0,0.0,0.8730770821377246,0.0,Spring,LOAD_PRIORITY,60
663,0.0,0.5,0.0,0.5,0.5,0.0,0.0,0.0,0.0,0.8730770821377246,0.0,Spring,LOAD_PRIORITY,60
664,0.0,0.5,0.0,0.5,0.5,0.0,0.0,0.0,0.0,0.8730770821377246,0.0,Spring,LOAD_PRIORITY,60
665,0.0,0.5,0.0,0.5,0.5,0.0,0.0,0.0,0.0,0.8730770821377246,0.0,Spring,LOAD_PRIORITY,60
666,0.0,1.1079493457802236,0.0,1.1079493457802236,1.1079493457802236,0.0,0.0,0.0,0.0,0.8730770821377246,0.0,Spring,LOAD_PRIORITY,60
667,0.0,2.3058588784859078,0.0,2.3058588784859078,2.3058588784859078,0.0,0.0,0.0,0.0,0.8730770821377246,0.0,Spring,LOAD_PRIORITY,60
668,0.0,1.6686801709268666,0.0,1.6686801709268666,1.6686801709268666,0.0,0.0,0.0,0.0,0.8730770821377246,0.0,Spring,LOAD_PRIORITY,60
669,0.0,2.5765952848450198,0.0,2.5765952848450198,2.5765952848450198,0.0,0.0,0.0,0.0,0.8730770821377246,0.0,Spring,LOAD_PRIORITY,60
670,0.0,0.5,0.0,0.5,0.5,0.0,0.0,0.0,0.0,0.8730770821377246,0.0,Spring,LOAD_PRIORITY,60
671,0.0,0.5,0.0,0.5,0.5,0.0,0.0,0.0,0.0,0.8730770821377246,0.0,Spring,LOAD_PRIORITY,60
672,0.0,0.5,0.0,0.5,0.5,0.0,0.0,0.0,0.0,0.3174492566908587,0.0,Spring,LOAD_PRIORITY,60
673,0.8832856580864386,0.5,0.8832856580864386,0.5,0.0,0.0,0.0,0.0,0.3636167022089041,0.3174492566908587,0.0,Spring,LOAD_PRIORITY,60
674,1.7063768582728531,0.5,1.7063768582728531,0.5,0.0,0.0,0.0,0.0,1.5080862788070115,0.3174492566908587,0.0,Spring,LOAD_PRIORITY,60
675,2.413181295489062,0.5,2.413181295489062,0.5,0.0,0.0,0.0,0.0,3.3230894199801293,0.3174492566908587,0.0,Spring,LOAD_PRIORITY,60
676,2.955531415388339,0.5,2.955531415388339,0.5,0.0,0.0,0.0,0.0,5.652611061597385,0.3174492566908587,0.0,Spring,LOAD_PRIORITY,60
677,3.2964669535755,0.5,3.2964669535755,0.5,0.0,0.0,0.0,0.0,8.305572554004664,0.3174492566908587,0.0,Spring,LOAD_PRIORITY,60
678,3.4127537165457067,0.5,3.4127537165457067,0.5,0.0,0.0,0.0,0.0,11.068853356226136,0.3174492566908587,0.0,Spring,LOAD_PRIORITY,60
679,3.2964669535755005,0.5,3.2964669535755005,0.5,0.0,0.2338133801756923,0.0,0.0,13.5,0.3174492566908587,0.0,Spring,LOAD_PRIORITY,60
680,2.9555314153883394,0.5,2.9555314153883394,0.5,0.0,2.4555314153883394,0.0,0.0,13.5,0.3174492566908587,0.0,Spring,LOAD_PRIORITY,60
681,2.413181295489062,0.5,2.413181295489062,0.5,0.0,1.913181295489062,0.0,0.0,13.5,0.3174492566908587,0.0,Spring,LOAD_PRIORITY,60
682,1.7063768582728545,0.5,1.7063768582728545,0.5,0.0,1.2063768582728545,0.0,0.0,13.5,0.3174492566908587,0.0,Spring,LOAD_PRIORITY,60
683,0.8832856580864394,0.5,0.8832856580864394,0.5,0.0,0.38328565808643944,0.0,0.0,13.5,0.3174492566908587,0.0,Spring,LOAD_PRIORITY,60
684,4.1794179152459333e-16,0.5,4.1794179152459333e-16,0.5,0.0,0.0,0.0,0.0,12.97295372330527,0.3174492566908587,0.0,Spring,LOAD_PRIORITY,60
685,0.0,0.5,0.0,0.5,0.0,0.0,0.0,0.0,12.44590744661054,0.3174492566908587,0.0,Spring,LOAD_PRIORITY,60
686,0.0,0.5,0.0,0.5,0.0,0.0,0.0,0.0,11.918861169915811,0.3174492566908587,0.0,Spring,LOAD_PRIORITY,60
687,0.0,0.5,0.0,0.5,0.0,0.0,0.0,0.0,11.391814893221081,0.3174492566908587,0.0,Spring,LOAD_PRIORITY,60
688,0.0,0.5,0.0,0.5,0.0,0.0,0.0,0.0,10.864768616526352,0.3174492566908587,0.0,Spring,LOAD_PRIORITY,60
689,0.0,0.5,0.0,0.5,0.0,0.0,0.0,0.0,10.337722339831622,0.3174492566908587,0.0,Spring,LOAD_PRIORITY,60
690,0.0,1.7430896707668113,0.0,1.7430896707668113,0.0,0.0,0.0,0.0,8.50034449798624,0.3174492566908587,0.0,Spring,LOAD_PRIORITY,60
691,0.0,2.393875607704123,0.0,2.393875607704123,0.0,0.0,0.0,0.0,5.976978046164657,0.3174492566908587,0.0,Spring,LOAD_PRIORITY,60
692,0.0,0.8979709501338862,0.0,0.8979709501338862,0.0,0.0,0.0,0.0,5.03043355446847,0.3174492566908587,0.0,Spring,LOAD_PRIORITY,60
693,0.0,3.0283384888677056,0.0,3.0283384888677056,0.0,0.0,0.0,0.0,1.8382845042103315,0.3174492566908587,0.0,Spring,LOAD_PRIORITY,60
694,0.0,0.5,0.0,0.5,0.0,0.0,0.0,0.0,1.3112382275156016,0.3174492566908587,0.0,Spring,LOAD_PRIORITY,60
695,0.0,0.5,0.0,0.5,0.0,0.0,0.0,0.0,0.7841919508208717,0.3174492566908587,0.0,Spring,LOAD_PRIORITY,60
696,0.0,0.5,0.0,0.5,0.0,0.0,0.0,0.0,0.25714567412614175,0.6880266261262038,0.0,Spring,LOAD_PRIORITY,60
697,0.4037232536171381,0.5,0.4037232536171381,0.5,0.0,0.0,0.0,0.0,0.15566107269940144,0.6880266261262038,0.0,Spring,LOAD_PRIORITY,60
698,0.7799334346844904,0.5,0.7799334346844904,0.5,0.0,0.0,0.0,0.0,0.42122924675049184,0.6880266261262038,0.0,Spring,LOAD_PRIORITY,60
699,1.102992441079037,0.5,1.102992441079037,0.5,0.0,0.0,0.0,0.0,0.9932781044528829,0.6880266261262038,0.0,Spring,LOAD_PRIORITY,60
700,1.3508843353952398,0.5,1.3508843353952398,0.5,0.0,0.0,0.0,0.0,1.8004978620151584,0.6880266261262038,0.0,Spring,LOAD_PRIORITY,60
701,1.5067156946961748,0.5,1.5067156946961748,0.5,0.0,0.0,0.0,0.0,2.7555522274587396,0.6880266261262038,0.0,Spring,LOAD_PRIORITY,60
702,1.559866869368981,0.5,1.559866869368981,0.5,0.0,0.0,0.0,0.0,3.7610302245861775,0.6880266261262038,0.0,Spring,LOAD_PRIORITY,60
703,1.506715694696175,0.5,1.506715694696175,0.5,0.0,0.0,0.0,0.0,4.716084590029759,0.6880266261262038,0.0,Spring,LOAD_PRIORITY,60
704,1.3508843353952402,0.5,1.3508843353952402,0.5,0.0,0.0,0.0,0.0,5.523304347592035,0.6880266261262038,0.0,Spring,LOAD_PRIORITY,60
705,1.102992441079037,0.5,1.102992441079037,0.5,0.0,0.0,0.0,0.0,6.095353205294426,0.6880266261262038,0.0,Spring,LOAD_PRIORITY,60
706,0.7799334346844911,0.5,0.7799334346844911,0.5,0.0,0.0,0.0,0.0,6.360921379345517,0.6880266261262038,0.0,Spring,LOAD_PRIORITY,60
707,0.4037232536171385,0.5,0.4037232536171385,0.5,0.0,0.0,0.0,0.0,6.259436777918777,0.6880266261262038,0.0,Spring,LOAD_PRIORITY,60
708,1.9102859686687252e-16,0.5,1.9102859686687252e-16,0.5,0.0,0.0,0.0,0.0,5.732390501224048,0.6880266261262038,0.0,Spring,LOAD_PRIORITY,60
709,0.0,0.5,0.0,0.5,0.0,0.0,0.0,0.0,5.205344224529318,0.6880266261262038,0.0,Spring,LOAD_PRIORITY,60
710,0.0,0.5,0.0,0.5,0.0,0.0,0.0,0.0,4.678297947834588,0.6880266261262038,0.0,Spring,LOAD_PRIORITY,60
711,0.0,0.5,0.0,0.5,0.0,0.0,0.0,0.0,4.151251671139859,0.6880266261262038,0.0,Spring,LOAD_PRIORITY,60
712,0.0,0.5,0.0,0.5,0.0,0.0,0.0,0.0,3.624205394445129,0.6880266261262038,0.0,Spring,LOAD_PRIORITY,60
713,0.0,0.5,0.0,0.5,0.0,0.0,0.0,0.0,3.097159117750399,0.6880266261262038,0.0,Spring,LOAD_PRIORITY,60
714,0.0,2.5248420384279076,0.0,2.5248420384279076,0.0,0.0,0.0,0.0,0.43574192655887733,0.6880266261262038,0.0,Spring,LOAD_PRIORITY,60
715,0.0,1.971475953067855,0.0,1.971475953067855,1.5580948650810944,0.0,0.0,0.0,0.0,0.6880266261262038,0.0,Spring,LOAD_PRIORITY,60
716,0.0,1.1130054679902073,0.0,1.1130054679902073,1.1130054679902073,0.0,0.0,0.0,0.0,0.6880266261262038,0.0,Spring,LOAD_PRIORITY,60
717,0.0,0.5883047625469844,0.0,0.5883047625469844,0.5883047625469844,0.0,0.0,0.0,0.0,0.6880266261262038,0.0,Spring,LOAD_PRIORITY,60
718,0.0,0.5,0.0,0.5,0.5,0.0,0.0,0.0,0.0,0.6880266261262038,0.0,Spring,LOAD_PRIORITY,60
719,0.0,0.5,0.0,0.5,0.5,0.0,0.0,0.0,0.0,0.6880266261262038,0.0,Spring,LOAD_PRIORITY,60
