time,generation_kwh,load_kwh,self_consumed_kwh,grid_import,grid_export,net_load_kwh,season,strategy
0.0,0.0,38.22,38.22,0.0,0.0,38.22,Fall,CHARGE_PRIORITY
1.0,36.719177911171215,38.22,38.22,0.0,0.0,1.5008220888287853,Fall,CHARGE_PRIORITY
2.0,70.93600452900671,38.22,38.22,0.0,0.0,-32.71600452900672,Fall,CHARGE_PRIORITY
3.0,99.98597337107317,38.22,38.22,0.0,0.0,-61.76597337107317,Fall,CHARGE_PRIORITY
4.0,116.28260844331005,38.22,38.22,0.0,8.19128397742607,-78.06260844331005,Fall,CHARGE_PRIORITY
5.0,123.80949919582554,38.22,38.22,0.0,30.078317751606264,-85.58949919582554,Fall,CHARGE_PRIORITY
6.0,126.06045460133453,38.22,38.22,0.0,39.040474378225035,-87.84045460133453,Fall,CHARGE_PRIORITY
7.0,123.80949919582554,38.22,38.22,0.0,58.64221330042191,-85.58949919582554,Fall,CHARGE_PRIORITY
8.0,116.28260844331007,38.22,38.22,0.0,67.11188295366316,-78.06260844331007,Fall,CHARGE_PRIORITY
9.0,99.98597337107317,38.22,38.22,0.0,56.11532545349652,-61.76597337107317,Fall,CHARGE_PRIORITY
10.0,70.93600452900677,38.22,38.22,0.0,32.621730742985854,-32.71600452900677,Fall,CHARGE_PRIORITY
11.0,36.71917791117126,38.22,38.22,0.0,5.972239103355978,1.500822088828745,Fall,CHARGE_PRIORITY
12.0,1.7374310178150048e-14,38.22,38.22,0.0,0.0,38.219999999999985,Fall,CHARGE_PRIORITY
13.0,0.0,38.22,37.697484392214484,0.5225156077855122,0.0,38.22,Fall,CHARGE_PRIORITY
14.0,0.0,38.22,36.72,1.5,0.0,38.22,Fall,CHARGE_PRIORITY
15.0,0.0,38.22,36.477651683834125,1.7423483161658713,0.0,38.22,Fall,CHARGE_PRIORITY
16.0,0.0,38.22,35.88,2.34,0.0,38.22,Fall,CHARGE_PRIORITY
17.0,0.0,38.22,34.97461605616946,3.2453839438305394,0.0,38.22,Fall,CHARGE_PRIORITY
18.0,0.0,122.4159721414432,105.98373387738773,16.432238264055478,0.0,122.4159721414432,Fall,CHARGE_PRIORITY
19.0,0.0,115.10152319294069,95.68200060294583,19.419522589994862,0.0,115.10152319294069,Fall,CHARGE_PRIORITY
20.0,0.0,108.87420229269915,56.73979240110058,52.13440989159857,0.0,108.87420229269915,Fall,CHARGE_PRIORITY
21.0,0.0,110.01581598854212,14.23555297238978,95.78026301615235,0.0,110.01581598854212,Fall,CHARGE_PRIORITY
22.0,0.0,38.22,2.531401737017813,35.68859826298219,0.0,38.22,Fall,CHARGE_PRIORITY
23.0,0.0,38.22,0.7500142445819153,37.46998575541809,0.0,38.22,Fall,CHARGE_PRIORITY
24.0,0.0,38.22,0.5599999999999999,37.66,0.0,38.22,Fall,CHARGE_PRIORITY
25.0,32.755122920426636,38.22,26.8051255363535,11.414874463646498,0.0,5.4648770795733626,Fall,CHARGE_PRIORITY
26.0,63.27803834422619,38.22,33.99430607474153,4.22569392525847,0.0,-25.058038344226194,Fall,CHARGE_PRIORITY
27.0,88.22583071982073,38.22,35.819886202050505,2.4001137979494978,0.0,-50.005830719820736,Fall,CHARGE_PRIORITY
28.0,102.72651456873132,38.22,36.97055436806991,1.2494456319300873,0.0,-64.50651456873132,Fall,CHARGE_PRIORITY
29.0,110.77866402448754,38.22,37.379158325764436,0.8408416742355598,0.6508508980477457,-72.55866402448754,Fall,CHARGE_PRIORITY
30.0,113.41656966744036,38.22,37.508944978621365,0.711055021378634,7.929255944974953,-75.19656966744036,Fall,CHARGE_PRIORITY
31.0,110.77866402448755,38.22,37.379158325764436,0.8408416742355597,19.516348217195773,-72.55866402448756,Fall,CHARGE_PRIORITY
32.0,102.72651456873132,38.22,36.99864311310328,1.221356886896721,22.023649099404288,-64.50651456873132,Fall,CHARGE_PRIORITY
33.0,88.22583071982073,38.22,36.39333082354962,1.8266691764503824,19.971308608577967,-50.005830719820736,Fall,CHARGE_PRIORITY
34.0,63.27803834422624,38.22,34.77991299341014,3.4400870065898554,14.733666948841611,-25.058038344226244,Fall,CHARGE_PRIORITY
35.0,32.75512292042667,38.22,32.57400841443591,5.6459915855640865,4.0349726865148705,5.464877079573326,Fall,CHARGE_PRIORITY
36.0,1.549864942291602e-14,38.22,30.7,7.519999999999999,0.0,38.219999999999985,Fall,CHARGE_PRIORITY
37.0,0.0,38.22,30.7,7.52,0.0,38.22,Fall,CHARGE_PRIORITY
38.0,0.0,38.22,30.539110664196404,7.680889335803596,0.0,38.22,Fall,CHARGE_PRIORITY
39.0,0.0,38.22,28.35742863501049,9.862571364989511,0.0,38.22,Fall,CHARGE_PRIORITY
40.0,0.0,38.22,27.8,10.42,0.0,38.22,Fall,CHARGE_PRIORITY
41.0,0.0,38.22,27.215930183490215,11.004069816509785,0.0,38.22,Fall,CHARGE_PRIORITY
42.0,0.0,121.48301437768313,79.76667591300223,41.7163384646809,0.0,121.48301437768313,Fall,CHARGE_PRIORITY
43.0,0.0,115.22704481320015,64.28368162215153,50.94336319104861,0.0,115.22704481320015,Fall,CHARGE_PRIORITY
44.0,0.0,110.34954054710188,31.014179770611204,79.33536077649067,0.0,110.34954054710188,Fall,CHARGE_PRIORITY
45.0,0.0,109.5955179100777,7.14886265330178,102.44665525677593,0.0,109.5955179100777,Fall,CHARGE_PRIORITY
46.0,0.0,38.22,0.15199638617046032,38.06800361382954,0.0,38.22,Fall,CHARGE_PRIORITY
47.0,0.0,38.22,0.0,38.22,0.0,38.22,Fall,CHARGE_PRIORITY
48.0,0.0,38.22,0.0,38.22,0.0,38.22,Fall,CHARGE_PRIORITY
49.0,36.310557374332795,38.22,28.06129853153942,10.158701468460576,0.0,1.9094426256672066,Fall,CHARGE_PRIORITY
50.0,70.14661026963805,38.22,34.986457253853686,3.2335427461463135,0.0,-31.926610269638047,Fall,CHARGE_PRIORITY
51.0,97.85728614917136,38.22,36.85244158704595,1.3675584129540463,0.0,-59.63728614917136,Fall,CHARGE_PRIORITY
52.0,115.14230927106222,38.22,37.77242756711457,0.4475724328854306,0.0,-76.92230927106222,Fall,CHARGE_PRIORITY
53.0,123.72241567436144,38.22,38.075523498792684,0.14447650120731748,2.3201618040598384,-85.50241567436144,Fall,CHARGE_PRIORITY
54.0,126.34214572890136,38.22,38.1233411902862,0.09665880971379992,11.729284802949286,-88.12214572890136,Fall,CHARGE_PRIORITY
55.0,123.72241567436144,38.22,38.075523498792684,0.14447650120731748,27.34611600334516,-85.50241567436146,Fall,CHARGE_PRIORITY
56.0,115.14230927106223,38.22,37.91373169746996,0.30626830253003734,40.21299775258064,-76.92230927106223,Fall,CHARGE_PRIORITY
57.0,97.85728614917136,38.22,37.32666855188541,0.8933314481145906,36.29988490939636,-59.63728614917136,Fall,CHARGE_PRIORITY
58.0,70.1466102696381,38.22,36.40624292600956,1.813757073990435,24.827830717733658,-31.9266102696381,Fall,CHARGE_PRIORITY
59.0,36.31055737433283,38.22,34.71026394361862,3.5097360563813758,6.702735614530875,1.9094426256671655,Fall,CHARGE_PRIORITY
60.0,1.718096434754982e-14,38.22,31.41651737063901,6.80348262936099,0.0,38.219999999999985,Fall,CHARGE_PRIORITY
61.0,0.0,38.22,31.26,6.96,0.0,38.22,Fall,CHARGE_PRIORITY
62.0,0.0,38.22,30.80818238415475,7.411817615845249,0.0,38.22,Fall,CHARGE_PRIORITY
63.0,0.0,38.22,29.96318322634692,8.25681677365308,0.0,38.22,Fall,CHARGE_PRIORITY
64.0,0.0,38.22,29.075720449694824,9.144279550305175,0.0,38.22,Fall,CHARGE_PRIORITY
65.0,0.0,38.22,27.181594914386952,11.038405085613048,0.0,38.22,Fall,CHARGE_PRIORITY
66.0,0.0,115.9921790587853,72.53398998379588,43.45818907498942,0.0,115.9921790587853,Fall,CHARGE_PRIORITY
67.0,0.0,113.33355280384487,67.05815446947551,46.27539833436935,0.0,113.33355280384487,Fall,CHARGE_PRIORITY
68.0,0.0,113.09065304234446,48.570108447684,64.52054459466046,0.0,113.09065304234446,Fall,CHARGE_PRIORITY
69.0,0.0,110.54403007221697,17.29651687873625,93.24751319348073,0.0,110.54403007221697,Fall,CHARGE_PRIORITY
70.0,0.0,38.22,0.5717267674269084,37.64827323257309,0.0,38.22,Fall,CHARGE_PRIORITY
71.0,0.0,38.22,0.0,38.22,0.0,38.22,Fall,CHARGE_PRIORITY
72.0,0.0,38.22,0.0,38.22,0.0,38.22,Fall,CHARGE_PRIORITY
73.0,36.61613500438331,38.22,27.472515298193947,10.747484701806052,0.0,1.603864995616691,Fall,CHARGE_PRIORITY
74.0,70.73694091924204,38.22,34.01829862514204,4.201701374857965,0.0,-32.516940919242046,Fall,CHARGE_PRIORITY
75.0,96.70806900092113,38.22,36.615917535278236,1.6040824647217624,0.0,-58.48806900092112,Fall,CHARGE_PRIORITY
76.0,114.20826954187596,38.22,37.29109650983367,0.9289034901663293,0.0,-75.98826954187597,Fall,CHARGE_PRIORITY
77.0,122.92135071604886,38.22,37.530007996120446,0.6899920038795511,2.304477102373961,-84.70135071604886,Fall,CHARGE_PRIORITY
78.0,125.37460351425838,38.22,37.61149625494033,0.6085037450596715,16.614193933538466,-87.15460351425838,Fall,CHARGE_PRIORITY
79.0,122.92135071604886,38.22,37.530007996120446,0.6899920038795511,34.40927634396595,-84.70135071604886,Fall,CHARGE_PRIORITY
80.0,114.20826954187598,38.22,37.29109650983367,0.9289034901663289,41.51412514015715,-75.98826954187598,Fall,CHARGE_PRIORITY
81.0,96.70806900092113,38.22,36.91104321905054,1.3089567809494613,34.10579839896562,-58.48806900092112,Fall,CHARGE_PRIORITY
82.0,70.7369409192421,38.22,36.31515776068053,1.904842239319472,27.91428885648265,-32.516940919242096,Fall,CHARGE_PRIORITY
83.0,36.61613500438335,38.22,34.99207327330273,3.2279267266972678,7.768725150597915,1.6038649956166502,Fall,CHARGE_PRIORITY
84.0,1.7325553655645042e-14,38.22,32.09050620255158,6.129493797448422,0.0,38.219999999999985,Fall,CHARGE_PRIORITY
85.0,0.0,38.22,29.025991392870715,9.194008607129284,0.0,38.22,Fall,CHARGE_PRIORITY
86.0,0.0,38.22,27.85942202337049,10.360577976629509,0.0,38.22,Fall,CHARGE_PRIORITY
87.0,0.0,38.22,26.727174377172712,11.492825622827286,0.0,38.22,Fall,CHARGE_PRIORITY
88.0,0.0,38.22,25.713208511484726,12.506791488515274,0.0,38.22,Fall,CHARGE_PRIORITY
89.0,0.0,38.22,25.58,12.64,0.0,38.22,Fall,CHARGE_PRIORITY
90.0,0.0,115.80533125985218,77.23563083389726,38.56970042595492,0.0,115.80533125985218,Fall,CHARGE_PRIORITY
91.0,0.0,122.0249611806568,72.76593903065009,49.25902215000672,0.0,122.0249611806568,Fall,CHARGE_PRIORITY
92.0,0.0,121.98771128138222,38.82065109104998,83.16706019033224,0.0,121.98771128138222,Fall,CHARGE_PRIORITY
93.0,0.0,110.3741988738777,11.889261798557069,98.48493707532064,0.0,110.3741988738777,Fall,CHARGE_PRIORITY
94.0,0.0,38.22,2.130438411219985,36.089561588780015,0.0,38.22,Fall,CHARGE_PRIORITY
95.0,0.0,38.22,0.8306438232693935,37.38935617673061,0.0,38.22,Fall,CHARGE_PRIORITY
96.0,0.0,38.22,0.27999999999999997,37.94,0.0,38.22,Fall,CHARGE_PRIORITY
97.0,32.45507790154527,38.22,25.116916213039254,13.103083786960745,0.0,5.764922098454726,Fall,CHARGE_PRIORITY
98.0,62.69839587865239,38.22,32.78709552264025,5.4329044773597515,0.0,-24.478395878652396,Fall,CHARGE_PRIORITY
99.0,87.44325824570558,38.22,34.863916739566264,3.356083260433739,0.0,-49.22325824570558,Fall,CHARGE_PRIORITY
100.0,103.99240114453917,38.22,35.89862341509766,2.321376584902336,0.0,-65.77240114453917,Fall,CHARGE_PRIORITY
101.0,112.76545682772948,38.22,36.47809122888935,1.7419087711106545,0.0,-74.54545682772948,Fall,CHARGE_PRIORITY
102.0,115.58225896340221,38.22,36.60665381655016,1.6133461834498415,14.240041302730894,-77.36225896340221,Fall,CHARGE_PRIORITY
103.0,112.7654568277295,38.22,36.47967116704452,1.7403288329554787,28.179266912307707,-74.5454568277295,Fall,CHARGE_PRIORITY
104.0,103.99240114453919,38.22,36.02812311722873,2.191876882771269,34.22912453318893,-65.77240114453919,Fall,CHARGE_PRIORITY
105.0,87.44325824570558,38.22,35.03905676439417,3.1809432356058287,29.039183719134055,-49.22325824570558,Fall,CHARGE_PRIORITY
106.0,62.69839587865244,38.22,33.515460746565566,4.704539253434435,19.746487931530186,-24.478395878652446,Fall,CHARGE_PRIORITY
107.0,32.45507790154531,38.22,31.94515048358968,6.274849516410321,5.7700776250575405,5.764922098454689,Fall,CHARGE_PRIORITY
108.0,1.5356677964893054e-14,38.22,30.26,7.959999999999999,0.0,38.219999999999985,Fall,CHARGE_PRIORITY
109.0,0.0,38.22,30.259999999999998,7.96,0.0,38.22,Fall,CHARGE_PRIORITY
110.0,0.0,38.22,28.918199596077173,9.301800403922826,0.0,38.22,Fall,CHARGE_PRIORITY
111.0,0.0,38.22,26.140393421498935,12.079606578501064,0.0,38.22,Fall,CHARGE_PRIORITY
112.0,0.0,38.22,23.47240384886205,14.747596151137948,0.0,38.22,Fall,CHARGE_PRIORITY
113.0,0.0,38.22,22.879866846535585,15.340133153464413,0.0,38.22,Fall,CHARGE_PRIORITY
114.0,0.0,101.23753179730848,62.720968906504595,38.51656289080388,0.0,101.23753179730848,Fall,CHARGE_PRIORITY
115.0,0.0,105.38647724425674,47.804808675354735,57.581668568902,0.0,105.38647724425674,Fall,CHARGE_PRIORITY
116.0,0.0,112.96892516503738,42.81158277322288,70.15734239181448,0.0,112.96892516503738,Fall,CHARGE_PRIORITY
117.0,0.0,116.79219751146836,14.177013635027643,102.61518387644072,0.0,116.79219751146836,Fall,CHARGE_PRIORITY
118.0,0.0,38.22,2.4364122705463065,35.78358772945369,0.0,38.22,Fall,CHARGE_PRIORITY
119.0,0.0,38.22,1.1201869450126352,37.099813054987365,0.0,38.22,Fall,CHARGE_PRIORITY
120.0,0.0,38.22,0.5599999999999999,37.66,0.0,38.22,Fall,CHARGE_PRIORITY
121.0,33.2784316145907,38.22,26.04732688628469,12.17267311371531,0.0,4.941568385409301,Fall,CHARGE_PRIORITY
122.0,64.28899310985554,38.22,34.60230544872679,3.6176945512732135,0.0,-26.068993109855544,Fall,CHARGE_PRIORITY
123.0,89.3533539631772,38.22,36.78855216475038,1.431447835249625,0.0,-51.1333539631772,Fall,CHARGE_PRIORITY
124.0,104.13188104231462,38.22,37.479962881519896,0.7400371184801037,0.0,-65.91188104231462,Fall,CHARGE_PRIORITY
125.0,112.4755062784156,38.22,37.695647060754354,0.5243529392456454,1.8323756232884822,-74.2555062784156,Fall,CHARGE_PRIORITY
126.0,114.98256190041111,38.22,37.765340342896174,0.45465965710382433,17.316659180156616,-76.76256190041111,Fall,CHARGE_PRIORITY
127.0,112.47550627841561,38.22,37.695647060754354,0.5243529392456452,26.492550319324124,-74.25550627841561,Fall,CHARGE_PRIORITY
128.0,104.13188104231463,38.22,37.491316696333264,0.7286833036667371,30.275504155702613,-65.91188104231463,Fall,CHARGE_PRIORITY
129.0,89.3533539631772,38.22,37.16627402629631,1.053725973703696,25.81608619771925,-51.1333539631772,Fall,CHARGE_PRIORITY
130.0,64.2889931098556,38.22,36.530252719099835,1.6897472809001632,18.607555307890184,-26.068993109855594,Fall,CHARGE_PRIORITY
131.0,33.27843161459074,38.22,35.13848669504268,3.0815133049573182,5.555702653196648,4.941568385409263,Fall,CHARGE_PRIORITY
132.0,1.574626192647817e-14,38.22,32.82,5.3999999999999995,0.0,38.219999999999985,Fall,CHARGE_PRIORITY
133.0,0.0,38.22,32.39879723634458,5.82120276365542,0.0,38.22,Fall,CHARGE_PRIORITY
134.0,0.0,38.22,30.471745432447058,7.748254567552942,0.0,38.22,Fall,CHARGE_PRIORITY
135.0,0.0,38.22,27.571578491555236,10.648421508444763,0.0,38.22,Fall,CHARGE_PRIORITY
136.0,0.0,38.22,23.752223918856167,14.467776081143834,0.0,38.22,Fall,CHARGE_PRIORITY
137.0,0.0,38.22,23.189928842902777,15.030071157097224,0.0,38.22,Fall,CHARGE_PRIORITY
138.0,0.0,113.27899728009214,59.42536299510293,53.85363428498922,0.0,113.27899728009214,Fall,CHARGE_PRIORITY
139.0,0.0,110.25685268200525,53.90325363837253,56.35359904363272,0.0,110.25685268200525,Fall,CHARGE_PRIORITY
140.0,0.0,120.61461369828652,39.5266042345236,81.08800946376292,0.0,120.61461369828652,Fall,CHARGE_PRIORITY
141.0,0.0,115.4417674831361,7.000734003090435,108.44103348004566,0.0,115.4417674831361,Fall,CHARGE_PRIORITY
142.0,0.0,38.22,0.6175468655179847,37.60245313448201,0.0,38.22,Fall,CHARGE_PRIORITY
143.0,0.0,38.22,0.27999999999999997,37.94,0.0,38.22,Fall,CHARGE_PRIORITY
144.0,0.0,38.22,0.03502823472762698,38.18497176527237,0.0,38.22,Fall,CHARGE_PRIORITY
145.0,27.240051737913614,38.22,21.438753887527767,16.781246112472232,0.0,10.979948262086387,Fall,CHARGE_PRIORITY
146.0,52.62373896620235,38.22,30.7163872721721,7.5036127278279,0.0,-14.40373896620235,Fall,CHARGE_PRIORITY
147.0,74.4212053487849,38.22,34.14102625160309,4.078973748396915,0.0,-36.201205348784896,Fall,CHARGE_PRIORITY
148.0,91.01161829677146,38.22,35.80602969045231,2.413970309547688,0.0,-52.79161829677147,Fall,CHARGE_PRIORITY
149.0,100.83270436609693,38.22,36.444108825135814,1.7758911748641864,0.915527634331061,-62.612704366096935,Fall,CHARGE_PRIORITY
150.0,104.10748759327129,38.22,36.629100954141414,1.590899045858586,8.728304406895939,-65.88748759327129,Fall,CHARGE_PRIORITY
151.0,100.83270436609695,38.22,36.444108825135814,1.7758911748641864,15.966793727981239,-62.61270436609694,Fall,CHARGE_PRIORITY
152.0,91.01161829677147,38.22,35.900556009045154,2.319443990954848,24.492751935449057,-52.791618296771475,Fall,CHARGE_PRIORITY
153.0,74.4212053487849,38.22,34.916071511621084,3.3039284883789173,22.714277594486422,-36.201205348784896,Fall,CHARGE_PRIORITY
154.0,51.89741575860889,38.22,32.76145035944536,5.458549640554635,14.425962802818415,-13.677415758608888,Fall,CHARGE_PRIORITY
155.0,26.864079179863342,38.22,30.02877110400499,8.19122889599501,4.06637283354947,11.355920820136658,Fall,CHARGE_PRIORITY
156.0,1.2711200818559949e-14,38.22,24.898100693383427,13.32189930661657,0.0,38.219999999999985,Fall,CHARGE_PRIORITY
157.0,0.0,38.22,23.58,14.64,0.0,38.22,Fall,CHARGE_PRIORITY
158.0,0.0,38.22,22.320788055207313,15.899211944792688,0.0,38.22,Fall,CHARGE_PRIORITY
159.0,0.0,38.22,22.08,16.14,0.0,38.22,Fall,CHARGE_PRIORITY
160.0,0.0,38.22,20.77353092105849,17.446469078941508,0.0,38.22,Fall,CHARGE_PRIORITY
161.0,0.0,38.22,20.41843353609649,17.80156646390351,0.0,38.22,Fall,CHARGE_PRIORITY
162.0,0.0,117.48206341650517,51.27676707512937,66.2052963413758,0.0,117.48206341650517,Fall,CHARGE_PRIORITY
163.0,0.0,115.922712110332,44.91008442433243,71.01262768599958,0.0,115.922712110332,Fall,CHARGE_PRIORITY
164.0,0.0,108.99065387308912,31.258207476107437,77.73244639698167,0.0,108.99065387308912,Fall,CHARGE_PRIORITY
165.0,0.0,106.14426537715934,9.021745713020984,97.12251966413837,0.0,106.14426537715934,Fall,CHARGE_PRIORITY
166.0,0.0,38.22,0.78,37.44,0.0,38.22,Fall,CHARGE_PRIORITY
167.0,0.0,38.22,0.7096992331349405,37.51030076686506,0.0,38.22,Fall,CHARGE_PRIORITY
168.0,0.0,38.22,0.02190997403163091,38.19809002596837,0.0,38.22,Fall,CHARGE_PRIORITY
169.0,37.438816187543345,38.22,28.097221374851003,10.122778625148998,0.0,0.7811838124566521,Fall,CHARGE_PRIORITY
170.0,72.3262389224747,38.22,34.56792755109219,3.652072448907809,0.0,-34.1062389224747,Fall,CHARGE_PRIORITY
171.0,100.51444487397441,38.22,36.52447927244775,1.6955207275522481,0.0,-62.294444873974406,Fall,CHARGE_PRIORITY
172.0,117.1742445493664,38.22,37.239425563348206,0.9805744366517933,0.0,-78.95424454936641,Fall,CHARGE_PRIORITY
173.0,126.03187534502652,38.22,37.453919732436844,0.7660802675631561,0.0,-87.81187534502652,Fall,CHARGE_PRIORITY
174.0,128.92564657907513,38.22,37.4811350738431,0.7388649261568992,16.858523844333167,-90.70564657907514,Fall,CHARGE_PRIORITY
175.0,122.45393139441313,38.22,37.46065189291323,0.7593481070867628,35.8638431213069,-84.23393139441313,Fall,CHARGE_PRIORITY
176.0,113.96634776245438,38.22,37.27863802810303,0.9413619718969697,41.620065307001354,-75.74634776245438,Fall,CHARGE_PRIORITY
177.0,97.89520811549168,38.22,36.89821461496342,1.3217853850365784,37.19653292615309,-59.675208115491685,Fall,CHARGE_PRIORITY
178.0,70.47415884901855,38.22,36.2841268802115,1.9358731197884989,25.527217835303333,-32.25415884901855,Fall,CHARGE_PRIORITY
179.0,36.48010899541271,38.22,34.57127382689584,3.648726173104157,7.460385009431481,1.7398910045872928,Fall,CHARGE_PRIORITY
180.0,1.7261190611410527e-14,38.22,32.495210290002625,5.724789709997374,0.0,38.219999999999985,Fall,CHARGE_PRIORITY
181.0,0.0,38.22,31.101855906183403,7.118144093816595,0.0,38.22,Fall,CHARGE_PRIORITY
182.0,0.0,38.22,30.18463581220138,8.03536418779862,0.0,38.22,Fall,CHARGE_PRIORITY
183.0,0.0,38.22,28.808466692373905,9.411533307626092,0.0,38.22,Fall,CHARGE_PRIORITY
184.0,0.0,38.22,28.04,10.18,0.0,38.22,Fall,CHARGE_PRIORITY
185.0,0.0,38.22,28.04,10.18,0.0,38.22,Fall,CHARGE_PRIORITY
186.0,0.0,113.25925478338543,83.58137266403827,29.67788211934716,0.0,113.25925478338543,Fall,CHARGE_PRIORITY
187.0,0.0,105.75233877677138,61.71221651793051,44.04012225884087,0.0,105.75233877677138,Fall,CHARGE_PRIORITY
188.0,0.0,112.93916956662906,41.285553041913914,71.65361652471515,0.0,112.93916956662906,Fall,CHARGE_PRIORITY
189.0,0.0,114.66068234202422,18.494663291935478,96.16601905008874,0.0,114.66068234202422,Fall,CHARGE_PRIORITY
190.0,0.0,38.22,1.354689150813541,36.86531084918646,0.0,38.22,Fall,CHARGE_PRIORITY
191.0,0.0,38.22,0.8716942528292017,37.3483057471708,0.0,38.22,Fall,CHARGE_PRIORITY
192.0,0.0,38.22,0.27999999999999997,37.94,0.0,38.22,Fall,CHARGE_PRIORITY
193.0,33.7722587451814,38.22,26.11285800496229,12.10714199503771,0.0,4.447741254818605,Fall,CHARGE_PRIORITY
194.0,65.24299386817509,38.22,33.31100750127425,4.908992498725754,0.0,-27.0229938681751,Fall,CHARGE_PRIORITY
195.0,91.5141548805493,38.22,34.771937533908236,3.4480624660917623,0.0,-53.29415488054931,Fall,CHARGE_PRIORITY
196.0,108.76756277058217,38.22,35.581252285273045,2.63874771472695,0.0,-70.54756277058218,Fall,CHARGE_PRIORITY
197.0,117.29020361281826,38.22,35.97971967226951,2.2402803277304875,0.8418826081863298,-79.07020361281826,Fall,CHARGE_PRIORITY
198.0,119.99966870479898,38.22,36.101040809226035,2.1189591907739675,8.43559103758133,-81.77966870479898,Fall,CHARGE_PRIORITY
199.0,117.29020361281826,38.22,35.98538289589769,2.2346171041023033,31.06868486603585,-79.07020361281826,Fall,CHARGE_PRIORITY
200.0,108.76756277058219,38.22,35.60057758006636,2.619422419933645,35.78075013679736,-70.54756277058219,Fall,CHARGE_PRIORITY
201.0,91.5141548805493,38.22,34.94243058827228,3.277569411727722,31.42001583865489,-53.29415488054931,Fall,CHARGE_PRIORITY
202.0,65.24299386817515,38.22,34.1099019440194,4.110098055980604,20.9546105897267,-27.02299386817515,Fall,CHARGE_PRIORITY
203.0,33.77225874518143,38.22,32.70550749965391,5.514492500346088,5.840863984507985,4.447741254818567,Fall,CHARGE_PRIORITY
204.0,1.5979924721490208e-14,38.22,30.46752701121802,7.75247298878198,0.0,38.219999999999985,Fall,CHARGE_PRIORITY
205.0,0.0,38.22,30.32,7.9,0.0,38.22,Fall,CHARGE_PRIORITY
206.0,0.0,38.22,30.32,7.9,0.0,38.22,Fall,CHARGE_PRIORITY
207.0,0.0,38.22,29.68469293181704,8.535307068182957,0.0,38.22,Fall,CHARGE_PRIORITY
208.0,0.0,38.22,27.97378494057481,10.246215059425191,0.0,38.22,Fall,CHARGE_PRIORITY
209.0,0.0,38.22,26.433472392508875,11.786527607491125,0.0,38.22,Fall,CHARGE_PRIORITY
210.0,0.0,114.44575242442608,72.95961724299421,41.48613518143187,0.0,114.44575242442608,Fall,CHARGE_PRIORITY
211.0,0.0,119.1340418840459,57.93204437253542,61.20199751151047,0.0,119.1340418840459,Fall,CHARGE_PRIORITY
212.0,0.0,127.54252023939605,40.74416095208139,86.79835928731467,0.0,127.54252023939605,Fall,CHARGE_PRIORITY
213.0,0.0,110.89212545286011,16.868642274295198,94.02348317856492,0.0,110.89212545286011,Fall,CHARGE_PRIORITY
214.0,0.0,38.22,2.081956319098996,36.138043680901006,0.0,38.22,Fall,CHARGE_PRIORITY
215.0,0.0,38.22,1.217759531981863,37.00224046801814,0.0,38.22,Fall,CHARGE_PRIORITY
216.0,0.0,38.22,0.496869809236696,37.72313019076331,0.0,38.22,Fall,CHARGE_PRIORITY
217.0,33.78109474869346,38.22,25.180638686725334,13.039361313274664,0.0,4.438905251306535,Fall,CHARGE_PRIORITY
218.0,65.26006371616208,38.22,33.21172536394101,5.008274636058994,0.0,-27.040063716162077,Fall,CHARGE_PRIORITY
219.0,91.4042177455227,38.22,35.72567419175729,2.494325808242704,0.0,-53.1842177455227,Fall,CHARGE_PRIORITY
220.0,108.45438824166229,38.22,36.73589077309693,1.4841092269030671,0.0,-70.23438824166229,Fall,CHARGE_PRIORITY
221.0,117.39285666573558,38.22,37.153321217770205,1.066678782229791,0.8192775162794947,-79.17285666573558,Fall,CHARGE_PRIORITY
222.0,120.19363680615282,38.22,37.27443567645404,0.9455643235459631,13.784889969949283,-81.97363680615283,Fall,CHARGE_PRIORITY
223.0,117.39285666573558,38.22,37.153321217770205,1.066678782229791,33.53141447556861,-79.17285666573558,Fall,CHARGE_PRIORITY
224.0,108.4543882416623,38.22,36.79823159192692,1.4217684080730777,38.676725494278585,-70.2343882416623,Fall,CHARGE_PRIORITY
225.0,91.4042177455227,38.22,36.21193530579511,2.0080646942048936,32.97124301510863,-53.1842177455227,Fall,CHARGE_PRIORITY
226.0,65.26006371616212,38.22,34.82725075347847,3.3927492465215368,24.009269007210534,-27.04006371616213,Fall,CHARGE_PRIORITY
227.0,33.781094748693505,38.22,33.5033725080123,4.716627491987703,6.957930253668738,4.4389052513064975,Fall,CHARGE_PRIORITY
228.0,1.564319327744953e-14,38.22,29.460922126099025,8.759077873900972,0.0,38.219999999999985,Fall,CHARGE_PRIORITY
229.0,0.0,38.22,28.439999999999998,9.78,0.0,38.22,Fall,CHARGE_PRIORITY
230.0,0.0,38.22,28.136864196435575,10.083135803564424,0.0,38.22,Fall,CHARGE_PRIORITY
231.0,0.0,38.22,26.149139841376734,12.070860158623267,0.0,38.22,Fall,CHARGE_PRIORITY
232.0,0.0,38.22,24.010567452129767,14.209432547870234,0.0,38.22,Fall,CHARGE_PRIORITY
233.0,0.0,38.22,22.64,15.58,0.0,38.22,Fall,CHARGE_PRIORITY
234.0,0.0,118.93568496757271,75.22132038265875,43.714364584913966,0.0,118.93568496757271,Fall,CHARGE_PRIORITY
235.0,0.0,110.50405061833959,56.046480803534244,54.457569814805346,0.0,110.50405061833959,Fall,CHARGE_PRIORITY
236.0,0.0,120.19670020191798,37.282351754185676,82.91434844773231,0.0,120.19670020191798,Fall,CHARGE_PRIORITY
237.0,0.0,105.8736419580735,15.877053718983847,89.99658823908965,0.0,105.8736419580735,Fall,CHARGE_PRIORITY
238.0,0.0,38.22,0.846084084232609,37.37391591576739,0.0,38.22,Fall,CHARGE_PRIORITY
239.0,0.0,38.22,0.08502516012209176,38.134974839877906,0.0,38.22,Fall,CHARGE_PRIORITY
240.0,0.0,38.22,0.0,38.22,0.0,38.22,Fall,CHARGE_PRIORITY
241.0,35.26651818584496,38.22,26.725443531819316,11.494556468180683,0.0,2.9534818141550376,Fall,CHARGE_PRIORITY
242.0,68.1296814380015,38.22,33.988844562988064,4.231155437011933,0.0,-29.909681438001492,Fall,CHARGE_PRIORITY
243.0,95.58805740188247,38.22,36.11040514797634,2.1095948520236605,0.0,-57.36805740188247,Fall,CHARGE_PRIORITY
244.0,112.05450583201262,38.22,36.95181157138176,1.268188428618236,0.0,-73.83450583201262,Fall,CHARGE_PRIORITY
245.0,119.62971021901043,38.22,37.114442078316,1.1055579216839981,3.525132308287275,-81.40971021901045,Fall,CHARGE_PRIORITY
246.0,121.73321863449723,38.22,37.138233818746826,1.0817661812531716,19.665086369350192,-83.51321863449724,Fall,CHARGE_PRIORITY
247.0,119.62971021901045,38.22,37.114442078316,1.1055579216839981,33.61205054547523,-81.40971021901045,Fall,CHARGE_PRIORITY
248.0,112.05450583201262,38.22,37.04468822481617,1.1753117751838273,37.227618333457656,-73.83450583201262,Fall,CHARGE_PRIORITY
249.0,95.58805740188247,38.22,36.7534510239742,1.4665489760257995,33.725154915289224,-57.36805740188247,Fall,CHARGE_PRIORITY
250.0,68.12968143800154,38.22,35.82414679723449,2.395853202765508,22.76877931894587,-29.909681438001545,Fall,CHARGE_PRIORITY
251.0,35.266518185845,38.22,33.73155245034806,4.488447549651942,6.747996482853169,2.9534818141549986,Fall,CHARGE_PRIORITY
252.0,1.6686959259995476e-14,38.22,31.844347194109023,6.375652805890976,0.0,38.219999999999985,Fall,CHARGE_PRIORITY
253.0,0.0,38.22,30.59442672569863,7.62557327430137,0.0,38.22,Fall,CHARGE_PRIORITY
254.0,0.0,38.22,28.371761160353998,9.848238839646001,0.0,38.22,Fall,CHARGE_PRIORITY
255.0,0.0,38.22,27.58,10.64,0.0,38.22,Fall,CHARGE_PRIORITY
256.0,0.0,38.22,27.47551465603407,10.744485343965932,0.0,38.22,Fall,CHARGE_PRIORITY
257.0,0.0,38.22,25.060575914892976,13.159424085107023,0.0,38.22,Fall,CHARGE_PRIORITY
258.0,0.0,114.41189591730127,70.82745936731233,43.584436549988936,0.0,114.41189591730127,Fall,CHARGE_PRIORITY
259.0,0.0,112.21604463116128,60.984354514847,51.23169011631429,0.0,112.21604463116128,Fall,CHARGE_PRIORITY
260.0,0.0,109.24841297223858,43.365357303708194,65.88305566853039,0.0,109.24841297223858,Fall,CHARGE_PRIORITY
261.0,0.0,111.6612629681705,10.930451568643539,100.73081139952697,0.0,111.6612629681705,Fall,CHARGE_PRIORITY
262.0,0.0,38.22,1.156697828374247,37.06330217162575,0.0,38.22,Fall,CHARGE_PRIORITY
263.0,0.0,38.22,1.1199999999999999,37.1,0.0,38.22,Fall,CHARGE_PRIORITY
264.0,0.0,38.22,1.1199999999999999,37.1,0.0,38.22,Fall,CHARGE_PRIORITY
265.0,30.978358716166678,38.22,23.95092969646666,14.26907030353334,0.0,7.241641283833322,Fall,CHARGE_PRIORITY
266.0,59.84559347998491,38.22,32.996227691129,5.223772308871,0.0,-21.62559347998491,Fall,CHARGE_PRIORITY
267.0,84.0274877124356,38.22,35.514147928534676,2.705852071465325,0.0,-45.807487712435595,Fall,CHARGE_PRIORITY
268.0,101.37810253411595,38.22,37.239208264135065,0.9807917358649363,0.0,-63.158102534115955,Fall,CHARGE_PRIORITY
269.0,111.27027240577324,38.22,37.69691054763162,0.5230894523683827,1.0472439049844948,-73.05027240577324,Fall,CHARGE_PRIORITY
270.0,114.37080833776646,38.22,37.82912307616576,0.3908769238342452,16.13712849774769,-76.15080833776646,Fall,CHARGE_PRIORITY
271.0,111.27027240577326,38.22,37.71486556356532,0.5051344364346816,28.058177062430047,-73.05027240577326,Fall,CHARGE_PRIORITY
272.0,101.37810253411597,38.22,37.256641584219985,0.963358415780015,34.38261236201727,-63.15810253411596,Fall,CHARGE_PRIORITY
273.0,84.24006408141534,38.22,36.5562748041422,1.6637251958578028,27.833363949926767,-46.02006408141534,Fall,CHARGE_PRIORITY
274.0,59.99590767201055,38.22,34.694219686539846,3.5257803134601557,18.271337709819644,-21.77590767201055,Fall,CHARGE_PRIORITY
275.0,31.056167067457555,38.22,31.302217238923493,6.917782761076506,5.593815035354106,7.163832932542445,Fall,CHARGE_PRIORITY
276.0,1.4694759258493563e-14,38.22,28.76,9.459999999999999,0.0,38.219999999999985,Fall,CHARGE_PRIORITY
277.0,0.0,38.22,28.635547368792235,9.584452631207764,0.0,38.22,Fall,CHARGE_PRIORITY
278.0,0.0,38.22,28.259999999999998,9.96,0.0,38.22,Fall,CHARGE_PRIORITY
279.0,0.0,38.22,25.940293050268473,12.279706949731528,0.0,38.22,Fall,CHARGE_PRIORITY
280.0,0.0,38.22,21.933213923791413,16.286786076208585,0.0,38.22,Fall,CHARGE_PRIORITY
281.0,0.0,38.22,19.08,19.14,0.0,38.22,Fall,CHARGE_PRIORITY
282.0,0.0,106.63877187818177,53.442236303245906,53.196535574935865,0.0,106.63877187818177,Fall,CHARGE_PRIORITY
283.0,0.0,110.23420909029825,49.84091142433137,60.393297665966884,0.0,110.23420909029825,Fall,CHARGE_PRIORITY
284.0,0.0,111.93903025471003,32.12205350961814,79.81697674509189,0.0,111.93903025471003,Fall,CHARGE_PRIORITY
285.0,0.0,112.20389099519697,10.89995604560302,101.30393494959395,0.0,112.20389099519697,Fall,CHARGE_PRIORITY
286.0,0.0,38.22,2.016808364660971,36.20319163533903,0.0,38.22,Fall,CHARGE_PRIORITY
287.0,0.0,38.22,1.1454815866739447,37.074518413326054,0.0,38.22,Fall,CHARGE_PRIORITY
288.0,0.0,38.22,0.8399999999999999,37.38,0.0,38.22,Fall,CHARGE_PRIORITY
289.0,34.1022992201125,38.22,26.771001994440677,11.448998005559323,0.0,4.117700779887501,Fall,CHARGE_PRIORITY
290.0,65.88058310508842,38.22,34.02111860732311,4.19888139267689,0.0,-27.660583105088424,Fall,CHARGE_PRIORITY
291.0,91.56876286243772,38.22,36.887115089302405,1.3328849106975968,0.0,-53.34876286243773,Fall,CHARGE_PRIORITY
292.0,107.06027991666603,38.22,37.66435871521077,0.5556412847892349,0.0,-68.84027991666603,Fall,CHARGE_PRIORITY
293.0,115.25505622115072,38.22,37.80008301538313,0.41991698461687116,0.9191849190860917,-77.03505622115073,Fall,CHARGE_PRIORITY
294.0,117.73092269147597,38.22,37.84241736034086,0.37758263965913946,14.492851155360114,-79.51092269147597,Fall,CHARGE_PRIORITY
295.0,115.25505622115074,38.22,37.80008301538313,0.4199169846168711,30.324879915466383,-77.03505622115074,Fall,CHARGE_PRIORITY
296.0,107.06027991666605,38.22,37.67596499615799,0.5440350038420096,38.192261195091675,-68.84027991666605,Fall,CHARGE_PRIORITY
297.0,91.12798866738325,38.22,37.11132476978489,1.1086752302151033,31.541449737118672,-52.90798866738324,Fall,CHARGE_PRIORITY
298.0,65.5689086827934,38.22,36.51286557467158,1.707134425328423,22.294687258755207,-27.348908682793407,Fall,CHARGE_PRIORITY
299.0,33.940964667389956,38.22,34.110017052654165,4.109982947345834,6.214118132433083,4.279035332610042,Fall,CHARGE_PRIORITY
300.0,1.6059750828393597e-14,38.22,31.20091014924086,7.01908985075914,0.0,38.219999999999985,Fall,CHARGE_PRIORITY
301.0,0.0,38.22,29.80754805996123,8.412451940038768,0.0,38.22,Fall,CHARGE_PRIORITY
302.0,0.0,38.22,25.80443012679814,12.415569873201857,0.0,38.22,Fall,CHARGE_PRIORITY
303.0,0.0,38.22,24.55731416785721,13.662685832142788,0.0,38.22,Fall,CHARGE_PRIORITY
304.0,0.0,38.22,23.481170967066518,14.73882903293348,0.0,38.22,Fall,CHARGE_PRIORITY
305.0,0.0,38.22,22.374121735824644,15.845878264175356,0.0,38.22,Fall,CHARGE_PRIORITY
306.0,0.0,109.09276999955891,56.23171657569886,52.86105342386004,0.0,109.09276999955891,Fall,CHARGE_PRIORITY
307.0,0.0,123.90900223721553,61.99991282922653,61.90908940798901,0.0,123.90900223721553,Fall,CHARGE_PRIORITY
308.0,0.0,113.87178232761508,40.28454665213451,73.58723567548056,0.0,113.87178232761508,Fall,CHARGE_PRIORITY
309.0,0.0,114.95177534223969,17.5502580351854,97.40151730705429,0.0,114.95177534223969,Fall,CHARGE_PRIORITY
310.0,0.0,38.22,1.5209332574117533,36.69906674258824,0.0,38.22,Fall,CHARGE_PRIORITY
311.0,0.0,38.22,0.5856453743979776,37.63435462560202,0.0,38.22,Fall,CHARGE_PRIORITY
312.0,0.0,38.22,0.03513712093244659,38.18486287906755,0.0,38.22,Fall,CHARGE_PRIORITY
313.0,33.87110656597495,38.22,26.174413514250098,12.045586485749903,0.0,4.3488934340250545,Fall,CHARGE_PRIORITY
314.0,65.43395319412886,38.22,33.42850220920841,4.791497790791586,0.0,-27.213953194128866,Fall,CHARGE_PRIORITY
315.0,91.83369432981294,38.22,36.00318243994326,2.2168175600567377,0.0,-53.61369432981295,Fall,CHARGE_PRIORITY
316.0,107.45242625357204,38.22,36.604318997363876,1.6156810026361268,0.0,-69.23242625357204,Fall,CHARGE_PRIORITY
317.0,115.1110008820013,38.22,36.893204894740265,1.326795105259733,1.487498712734983,-76.89100088200131,Fall,CHARGE_PRIORITY
318.0,117.47842065661604,38.22,36.99173849452945,1.2282615054705484,13.646408726059365,-79.25842065661604,Fall,CHARGE_PRIORITY
319.0,115.11100088200132,38.22,36.893204894740265,1.326795105259733,24.83471710243586,-76.89100088200132,Fall,CHARGE_PRIORITY
320.0,107.45242625357204,38.22,36.604318997363876,1.6156810026361264,31.774204650272967,-69.23242625357204,Fall,CHARGE_PRIORITY
321.0,91.83369432981294,38.22,36.14476789889995,2.0752321011000467,28.485660779043396,-53.61369432981295,Fall,CHARGE_PRIORITY
322.0,65.43395319412892,38.22,35.545869247264726,2.674130752735273,19.658054038490548,-27.21395319412892,Fall,CHARGE_PRIORITY
323.0,33.87110656597498,38.22,34.34632339164059,3.8736766083594114,5.774243237249948,4.348893434025015,Fall,CHARGE_PRIORITY
324.0,1.602669626694953e-14,38.22,32.382914364245764,5.837085635754233,0.0,38.219999999999985,Fall,CHARGE_PRIORITY
325.0,0.0,38.22,28.5895518885281,9.630448111471901,0.0,38.22,Fall,CHARGE_PRIORITY
326.0,0.0,38.22,27.270778905554177,10.94922109444582,0.0,38.22,Fall,CHARGE_PRIORITY
327.0,0.0,38.22,25.67008996631652,12.54991003368348,0.0,38.22,Fall,CHARGE_PRIORITY
328.0,0.0,38.22,25.43998699019246,12.78001300980754,0.0,38.22,Fall,CHARGE_PRIORITY
329.0,0.0,38.22,24.12783114875388,14.092168851246118,0.0,38.22,Fall,CHARGE_PRIORITY
330.0,0.0,103.11690904308573,65.73826338159485,37.37864566149088,0.0,103.11690904308573,Fall,CHARGE_PRIORITY
331.0,0.0,107.83738694117173,67.53458982227814,40.30279711889359,0.0,107.83738694117173,Fall,CHARGE_PRIORITY
332.0,0.0,104.4437706767753,36.771212055628155,67.67255862114715,0.0,104.4437706767753,Fall,CHARGE_PRIORITY
333.0,0.0,114.23853826455601,17.05072718355182,97.18781108100418,0.0,114.23853826455601,Fall,CHARGE_PRIORITY
334.0,0.0,38.22,1.3999999999999997,36.82,0.0,38.22,Fall,CHARGE_PRIORITY
335.0,0.0,38.22,1.3563034267172474,36.86369657328275,0.0,38.22,Fall,CHARGE_PRIORITY
336.0,0.0,38.22,0.889875388627936,37.330124611372064,0.0,38.22,Fall,CHARGE_PRIORITY
337.0,34.41202055147554,38.22,25.10549676462344,13.11450323537656,0.0,3.807979448524454,Fall,CHARGE_PRIORITY
338.0,66.47891877092083,38.22,32.31814410707824,5.9018558929217555,0.0,-28.25891877092083,Fall,CHARGE_PRIORITY
339.0,93.61870909875454,38.22,34.75017287463062,3.4698271253693775,0.0,-55.39870909875454,Fall,CHARGE_PRIORITY
340.0,111.74702260278059,38.22,36.30644010670588,1.913559893294122,0.0,-73.52702260278059,Fall,CHARGE_PRIORITY
341.0,121.3629101568855,38.22,36.80428217378035,1.4157178262196495,3.10137243074699,-83.1429101568855,Fall,CHARGE_PRIORITY
342.0,124.04395247946464,38.22,36.929310911166866,1.2906890888331324,21.14750535674251,-85.82395247946464,Fall,CHARGE_PRIORITY
343.0,121.3629101568855,38.22,36.80428217378035,1.4157178262196495,43.94155450695179,-83.14291015688552,Fall,CHARGE_PRIORITY
344.0,111.7470226027806,38.22,36.43771646345393,1.7822835365460665,45.47260073429637,-73.5270226027806,Fall,CHARGE_PRIORITY
345.0,93.61870909875454,38.22,35.55509206725062,2.664907932749383,38.36366033525262,-55.39870909875454,Fall,CHARGE_PRIORITY
346.0,66.47891877092088,38.22,33.75046257470463,4.469537425295371,25.26790591648338,-28.25891877092088,Fall,CHARGE_PRIORITY
347.0,34.412020551475585,38.22,30.59672448432034,7.62327551567966,7.961962108394692,3.807979448524415,Fall,CHARGE_PRIORITY
348.0,1.628263901671702e-14,38.22,26.93483374203795,11.28516625796205,0.0,38.219999999999985,Fall,CHARGE_PRIORITY
349.0,0.0,38.22,26.667341041280693,11.552658958719308,0.0,38.22,Fall,CHARGE_PRIORITY
350.0,0.0,38.22,26.09005492398908,12.129945076010921,0.0,38.22,Fall,CHARGE_PRIORITY
351.0,0.0,38.22,26.02,12.2,0.0,38.22,Fall,CHARGE_PRIORITY
352.0,0.0,38.22,26.02,12.2,0.0,38.22,Fall,CHARGE_PRIORITY
353.0,0.0,38.22,24.90965248765891,13.310347512341089,0.0,38.22,Fall,CHARGE_PRIORITY
354.0,0.0,107.8766389430024,61.56757964102482,46.30905930197757,0.0,107.8766389430024,Fall,CHARGE_PRIORITY
355.0,0.0,119.45815269110571,61.15476956598335,58.30338312512235,0.0,119.45815269110571,Fall,CHARGE_PRIORITY
356.0,0.0,102.28750064732519,39.132064345132584,63.155436302192605,0.0,102.28750064732519,Fall,CHARGE_PRIORITY
357.0,0.0,118.00777663156387,21.06342690549624,96.94434972606764,0.0,118.00777663156387,Fall,CHARGE_PRIORITY
358.0,0.0,38.22,2.5343092063984747,35.68569079360152,0.0,38.22,Fall,CHARGE_PRIORITY
359.0,0.0,38.22,2.4,35.82,0.0,38.22,Fall,CHARGE_PRIORITY
360.0,0.0,38.22,1.9122789394878836,36.307721060512115,0.0,38.22,Fall,CHARGE_PRIORITY
361.0,33.852798873948835,38.22,25.911629723441063,12.308370276558936,0.0,4.367201126051162,Fall,CHARGE_PRIORITY
362.0,65.39858544903333,38.22,34.045659709145106,4.174340290854893,0.0,-27.17858544903334,Fall,CHARGE_PRIORITY
363.0,91.70569810838278,38.22,36.724848235538296,1.495151764461705,0.0,-53.48569810838278,Fall,CHARGE_PRIORITY
364.0,110.31719081477712,38.22,37.78023799764762,0.4397620023523842,0.0,-72.09719081477712,Fall,CHARGE_PRIORITY
365.0,120.58456883905411,38.22,38.10146322529161,0.11853677470838941,0.46039912185162546,-82.36456883905412,Fall,CHARGE_PRIORITY
366.0,123.57356924602293,38.22,38.160588907827304,0.05941109217269336,14.770764593634047,-85.35356924602293,Fall,CHARGE_PRIORITY
367.0,120.58456883905411,38.22,38.111502031135956,0.10849796886404217,32.34686264818582,-82.36456883905412,Fall,CHARGE_PRIORITY
368.0,110.31719081477713,38.22,37.835931779951075,0.38406822004892804,39.419518959580515,-72.09719081477714,Fall,CHARGE_PRIORITY
369.0,91.70569810838278,38.22,37.265168723291815,0.9548312767081822,32.02061741594963,-53.48569810838278,Fall,CHARGE_PRIORITY
370.0,65.39858544903339,38.22,36.51983775328548,1.700162246714518,21.914677730569103,-27.17858544903339,Fall,CHARGE_PRIORITY
371.0,33.85279887394888,38.22,34.24066263390109,3.979337366098909,6.286560305992144,4.367201126051124,Fall,CHARGE_PRIORITY
372.0,1.601803366778467e-14,38.22,30.12000975724747,8.099990242752531,0.0,38.219999999999985,Fall,CHARGE_PRIORITY
373.0,0.0,38.22,28.578468629226503,9.641531370773496,0.0,38.22,Fall,CHARGE_PRIORITY
374.0,0.0,38.22,27.42,10.8,0.0,38.22,Fall,CHARGE_PRIORITY
375.0,0.0,38.22,27.21049595170076,11.00950404829924,0.0,38.22,Fall,CHARGE_PRIORITY
376.0,0.0,38.22,25.913277629892498,12.3067223701075,0.0,38.22,Fall,CHARGE_PRIORITY
377.0,0.0,38.22,25.397588124113764,12.822411875886235,0.0,38.22,Fall,CHARGE_PRIORITY
378.0,0.0,111.70873978829451,71.82900405642097,39.87973573187353,0.0,111.70873978829451,Fall,CHARGE_PRIORITY
379.0,0.0,117.92461851743751,58.470522825579565,59.454095691857944,0.0,117.92461851743751,Fall,CHARGE_PRIORITY
380.0,0.0,117.15553493186412,44.36746722691527,72.78806770494886,0.0,117.15553493186412,Fall,CHARGE_PRIORITY
381.0,0.0,123.80832647429644,11.559521263678691,112.24880521061775,0.0,123.80832647429644,Fall,CHARGE_PRIORITY
382.0,0.0,38.22,-5.2662502028650513e-17,38.22,0.0,38.22,Fall,CHARGE_PRIORITY
383.0,0.0,38.22,0.0,38.22,0.0,38.22,Fall,CHARGE_PRIORITY
384.0,0.0,38.22,0.0,38.22,0.0,38.22,Fall,CHARGE_PRIORITY
385.0,33.925910080607636,38.22,25.42825541377384,12.79174458622616,0.0,4.2940899193923645,Fall,CHARGE_PRIORITY
386.0,65.53982545443912,38.22,34.12359437455517,4.096405625444833,0.0,-27.31982545443912,Fall,CHARGE_PRIORITY
387.0,92.53346655148928,38.22,36.21486757741711,2.0051324225828875,0.0,-54.313466551489284,Fall,CHARGE_PRIORITY
388.0,109.56208974246785,38.22,36.87748632244896,1.3425136775510387,0.0,-71.34208974246785,Fall,CHARGE_PRIORITY
389.0,118.54438410182384,38.22,37.209140186631615,1.010859813368382,2.8554677259274275,-80.32438410182384,Fall,CHARGE_PRIORITY
390.0,120.87459338456955,38.22,37.313197312171674,0.9068026878283276,28.416424426648042,-82.65459338456955,Fall,CHARGE_PRIORITY
391.0,118.54438410182384,38.22,37.21325103742829,1.0067489625717032,36.03735874491027,-80.32438410182384,Fall,CHARGE_PRIORITY
392.0,109.56208974246785,38.22,36.88908944467304,1.3309105553269633,34.14772189863817,-71.34208974246785,Fall,CHARGE_PRIORITY
393.0,92.53346655148928,38.22,36.37604858446853,1.8439514155314738,28.545544695782617,-54.313466551489284,Fall,CHARGE_PRIORITY
394.0,65.53982545443917,38.22,35.47890305790634,2.741096942093665,19.592321580262585,-27.31982545443917,Fall,CHARGE_PRIORITY
395.0,33.92591008060767,38.22,34.38318499309369,3.836815006906309,6.453779147110101,4.294089919392326,Fall,CHARGE_PRIORITY
396.0,1.605262749189102e-14,38.22,32.73830638323808,5.481693616761918,0.0,38.219999999999985,Fall,CHARGE_PRIORITY
397.0,0.0,38.22,30.984301154794206,7.235698845205792,0.0,38.22,Fall,CHARGE_PRIORITY
398.0,0.0,38.22,29.055808977024896,9.164191022975105,0.0,38.22,Fall,CHARGE_PRIORITY
399.0,0.0,38.22,27.765145371780196,10.454854628219804,0.0,38.22,Fall,CHARGE_PRIORITY
400.0,0.0,38.22,26.58876670329478,11.631233296705219,0.0,38.22,Fall,CHARGE_PRIORITY
401.0,0.0,38.22,25.136613594512863,13.083386405487134,0.0,38.22,Fall,CHARGE_PRIORITY
402.0,0.0,109.17403193142624,61.84509223587221,47.328939695554034,0.0,109.17403193142624,Fall,CHARGE_PRIORITY
403.0,0.0,95.60204362403788,46.197461872994964,49.40458175104292,0.0,95.60204362403788,Fall,CHARGE_PRIORITY
404.0,0.0,121.18792051423966,40.188965061798314,80.99895545244135,0.0,121.18792051423966,Fall,CHARGE_PRIORITY
405.0,0.0,115.52193735377799,16.3455326339735,99.1764047198045,0.0,115.52193735377799,Fall,CHARGE_PRIORITY
406.0,0.0,38.22,2.32687021394665,35.89312978605335,0.0,38.22,Fall,CHARGE_PRIORITY
407.0,0.0,38.22,0.944897051426346,37.275102948573654,0.0,38.22,Fall,CHARGE_PRIORITY
408.0,0.0,38.22,0.5469543975059713,37.67304560249403,0.0,38.22,Fall,CHARGE_PRIORITY
409.0,37.115771609762284,38.22,27.694258582862343,10.525741417137656,0.0,1.104228390237715,Fall,CHARGE_PRIORITY
410.0,71.70216472103195,38.22,34.24095919627929,3.9790408037207103,0.0,-33.48216472103195,Fall,CHARGE_PRIORITY
411.0,101.29221129658875,38.22,36.0002501922012,2.219749807798798,0.0,-63.07221129658875,Fall,CHARGE_PRIORITY
412.0,119.25753296105003,38.22,36.83027530937351,1.3897246906264846,0.0,-81.03753296105003,Fall,CHARGE_PRIORITY
413.0,127.41495320884714,38.22,37.054897863797834,1.1651021362021687,2.0522625878997043,-89.19495320884714,Fall,CHARGE_PRIORITY
414.0,129.93846616499297,38.22,37.11962605187524,1.1003739481247603,14.437045725225357,-91.71846616499299,Fall,CHARGE_PRIORITY
415.0,127.41495320884715,38.22,37.054897863797834,1.1651021362021687,41.556138464634564,-89.19495320884715,Fall,CHARGE_PRIORITY
416.0,119.25753296105003,38.22,36.8513684435646,1.3686315564354006,48.908836434487604,-81.03753296105003,Fall,CHARGE_PRIORITY
417.0,101.29221129658875,38.22,36.48920422757819,1.7307957724218062,41.22408587765067,-63.07221129658875,Fall,CHARGE_PRIORITY
418.0,71.702164721032,38.22,35.87234931979354,2.3476506802064545,27.69638203065685,-33.48216472103201,Fall,CHARGE_PRIORITY
419.0,37.11577160976233,38.22,33.67264951782704,4.547350482172961,7.678561479316653,1.1042283902376737,Fall,CHARGE_PRIORITY
420.0,1.7561965303509613e-14,38.22,31.6,6.619999999999999,0.0,38.219999999999985,Fall,CHARGE_PRIORITY
421.0,0.0,38.22,30.67261042788758,7.547389572112418,0.0,38.22,Fall,CHARGE_PRIORITY
422.0,0.0,38.22,29.99601070733447,8.22398929266553,0.0,38.22,Fall,CHARGE_PRIORITY
423.0,0.0,38.22,29.32,8.9,0.0,38.22,Fall,CHARGE_PRIORITY
424.0,0.0,38.22,29.109176567301493,9.110823432698508,0.0,38.22,Fall,CHARGE_PRIORITY
425.0,0.0,38.22,28.283406171777727,9.936593828222273,0.0,38.22,Fall,CHARGE_PRIORITY
426.0,0.0,112.18041193994392,71.64039530378217,40.54001663616175,0.0,112.18041193994392,Fall,CHARGE_PRIORITY
427.0,0.0,99.27044338526542,57.66276436729419,41.60767901797123,0.0,99.27044338526542,Fall,CHARGE_PRIORITY
428.0,0.0,115.41414937087484,53.098914768484995,62.31523460238984,0.0,115.41414937087484,Fall,CHARGE_PRIORITY
429.0,0.0,110.36362331145968,24.850245803091024,85.51337750836865,0.0,110.36362331145968,Fall,CHARGE_PRIORITY
430.0,0.0,38.22,3.4766764928788843,34.74332350712112,0.0,38.22,Fall,CHARGE_PRIORITY
431.0,0.0,38.22,2.7309997508723787,35.48900024912762,0.0,38.22,Fall,CHARGE_PRIORITY
432.0,0.0,38.22,1.7348437432153667,36.485156256784634,0.0,38.22,Fall,CHARGE_PRIORITY
433.0,36.81090912800554,38.22,26.824022970524457,11.395977029475544,0.0,1.4090908719944568,Fall,CHARGE_PRIORITY
434.0,71.11321563184111,38.22,32.68928373985299,5.530716260147008,0.0,-32.893215631841116,Fall,CHARGE_PRIORITY
435.0,98.05191002094998,38.22,35.134614317089714,3.0853856829102857,0.0,-59.83191002094998,Fall,CHARGE_PRIORITY
436.0,114.58596537328177,38.22,36.13067466039969,2.08932533960031,0.0,-76.36596537328177,Fall,CHARGE_PRIORITY
437.0,123.49906708524944,38.22,36.535612151327335,1.6843878486726669,0.948961748489376,-85.27906708524944,Fall,CHARGE_PRIORITY
438.0,126.24240155717686,38.22,36.58588553805472,1.6341144619452814,17.69938793503519,-88.02240155717686,Fall,CHARGE_PRIORITY
439.0,123.49906708524945,38.22,36.53934411696179,1.6806558830382075,41.03291891390233,-85.27906708524945,Fall,CHARGE_PRIORITY
440.0,114.58596537328178,38.22,36.289727483871616,1.9302725161283854,46.429884408668684,-76.36596537328178,Fall,CHARGE_PRIORITY
441.0,98.05191002094998,38.22,35.578084919345656,2.641915080654345,40.80123867854567,-59.83191002094998,Fall,CHARGE_PRIORITY
442.0,71.11321563184117,38.22,34.206718102672966,4.013281897327034,29.38157659823402,-32.89321563184117,Fall,CHARGE_PRIORITY
443.0,36.810909128005584,38.22,32.799779458921556,5.420220541078446,8.756055852407986,1.409090871994416,Fall,CHARGE_PRIORITY
444.0,1.7417714380121953e-14,38.22,29.640270770389712,8.579729229610287,0.0,38.219999999999985,Fall,CHARGE_PRIORITY
445.0,0.0,38.22,28.017244725649377,10.202755274350624,0.0,38.22,Fall,CHARGE_PRIORITY
446.0,0.0,38.22,26.53294360291177,11.687056397088227,0.0,38.22,Fall,CHARGE_PRIORITY
447.0,0.0,38.22,25.787477571174485,12.432522428825513,0.0,38.22,Fall,CHARGE_PRIORITY
448.0,0.0,38.22,25.282793371364125,12.937206628635872,0.0,38.22,Fall,CHARGE_PRIORITY
449.0,0.0,38.22,24.635943077823875,13.584056922176126,0.0,38.22,Fall,CHARGE_PRIORITY
450.0,0.0,107.83853876591748,71.28209187612549,36.556446889791985,0.0,107.83853876591748,Fall,CHARGE_PRIORITY
451.0,0.0,120.1228294882972,67.67638259666468,52.44644689163252,0.0,120.1228294882972,Fall,CHARGE_PRIORITY
452.0,0.0,117.14872077114973,54.02062507098979,63.128095700159946,0.0,117.14872077114973,Fall,CHARGE_PRIORITY
453.0,0.0,116.23871823493153,16.60691606040473,99.6318021745268,0.0,116.23871823493153,Fall,CHARGE_PRIORITY
454.0,0.0,38.22,3.345059136548671,34.87494086345133,0.0,38.22,Fall,CHARGE_PRIORITY
455.0,0.0,38.22,1.670026102383535,36.54997389761647,0.0,38.22,Fall,CHARGE_PRIORITY
456.0,0.0,38.22,0.41832398002745164,37.80167601997255,0.0,38.22,Fall,CHARGE_PRIORITY
457.0,32.83477502413118,38.22,25.416745072886783,12.803254927113217,0.0,5.385224975868814,Fall,CHARGE_PRIORITY
458.0,63.43191439239915,38.22,33.7948736214314,4.425126378568601,0.0,-25.21191439239915,Fall,CHARGE_PRIORITY
459.0,88.72722354671652,38.22,36.31795804427973,1.9020419557202692,0.0,-50.507223546716524,Fall,CHARGE_PRIORITY
460.0,106.54820182122691,38.22,37.47912146815993,0.7408785318400706,0.0,-68.32820182122691,Fall,CHARGE_PRIORITY
461.0,115.90071688778659,38.22,38.03037208019114,0.18962791980885663,2.0117351130485615,-77.68071688778659,Fall,CHARGE_PRIORITY
462.0,118.66681228820919,38.22,38.12386708384581,0.09613291615418673,17.273447308656593,-80.44681228820919,Fall,CHARGE_PRIORITY
463.0,115.9007168877866,38.22,38.03037208019114,0.18962791980885657,26.748266240496367,-77.6807168877866,Fall,CHARGE_PRIORITY
464.0,106.54820182122693,38.22,37.68825285326988,0.5317471467301187,32.2552021709284,-68.32820182122693,Fall,CHARGE_PRIORITY
465.0,88.72722354671652,38.22,36.5522929006425,1.6677070993574996,28.66257019400941,-50.507223546716524,Fall,CHARGE_PRIORITY
466.0,63.4319143923992,38.22,35.323979152272734,2.896020847727263,20.62452834354982,-25.2119143923992,Fall,CHARGE_PRIORITY
467.0,32.834775024131226,38.22,33.14007052228481,5.079929477715188,5.679613635828039,5.385224975868777,Fall,CHARGE_PRIORITY
468.0,1.5536338184888113e-14,38.22,30.6,7.619999999999999,0.0,38.219999999999985,Fall,CHARGE_PRIORITY
469.0,0.0,38.22,29.746637716130156,8.473362283869845,0.0,38.22,Fall,CHARGE_PRIORITY
470.0,0.0,38.22,28.297935723979986,9.922064276020015,0.0,38.22,Fall,CHARGE_PRIORITY
471.0,0.0,38.22,26.758445657607112,11.461554342392885,0.0,38.22,Fall,CHARGE_PRIORITY
472.0,0.0,38.22,23.577098118638574,14.642901881361427,0.0,38.22,Fall,CHARGE_PRIORITY
473.0,0.0,38.22,22.220047210814318,15.999952789185683,0.0,38.22,Fall,CHARGE_PRIORITY
474.0,0.0,107.87079991821739,59.61508877091306,48.255711147304325,0.0,107.87079991821739,Fall,CHARGE_PRIORITY
475.0,0.0,116.11741033188596,60.034444498569265,56.08296583331669,0.0,116.11741033188596,Fall,CHARGE_PRIORITY
476.0,0.0,119.21553005991916,41.526242922788065,77.6892871371311,0.0,119.21553005991916,Fall,CHARGE_PRIORITY
477.0,0.0,116.67369273326274,10.390983028416196,106.28270970484655,0.0,116.67369273326274,Fall,CHARGE_PRIORITY
478.0,0.0,38.22,0.78,37.44,0.0,38.22,Fall,CHARGE_PRIORITY
479.0,0.0,38.22,0.6062530450206167,37.61374695497938,0.0,38.22,Fall,CHARGE_PRIORITY
480.0,0.0,38.22,0.27999999999999997,37.94,0.0,38.22,Fall,CHARGE_PRIORITY
481.0,27.86440526564127,38.22,22.548692006376974,15.671307993623023,0.0,10.355594734358728,Fall,CHARGE_PRIORITY
482.0,53.829897360536016,38.22,32.14040451154537,6.079595488454628,0.0,-15.609897360536015,Fall,CHARGE_PRIORITY
483.0,76.12697090842173,38.22,35.15429716414574,3.0657028358542595,0.0,-37.90697090842172,Fall,CHARGE_PRIORITY
484.0,91.88614523654039,38.22,36.352332419462975,1.867667580537026,0.0,-53.66614523654039,Fall,CHARGE_PRIORITY
485.0,100.9493993129629,38.22,36.788243367325144,1.4317566326748588,0.36570411108863743,-62.7293993129629,Fall,CHARGE_PRIORITY
486.0,103.74064830825884,38.22,36.88361280301391,1.3363871969860868,5.462475438926184,-65.52064830825884,Fall,CHARGE_PRIORITY
487.0,100.94939931296291,38.22,36.79546564933856,1.4245343506614414,12.943345058363255,-62.72939931296291,Fall,CHARGE_PRIORITY
488.0,91.8861452365404,38.22,36.48745967023915,1.7325403297608513,21.386955123195825,-53.6661452365404,Fall,CHARGE_PRIORITY
489.0,76.12697090842173,38.22,35.77852547297064,2.4414745270293565,20.331248632204463,-37.90697090842172,Fall,CHARGE_PRIORITY
490.0,53.82989736053606,38.22,34.31840141780691,3.901598582193087,13.284776165007917,-15.609897360536056,Fall,CHARGE_PRIORITY
491.0,27.864405265641302,38.22,31.946192421865703,6.2738075781342975,3.644881367229937,10.355594734358698,Fall,CHARGE_PRIORITY
492.0,1.31845223002022e-14,38.22,28.954313217867664,9.265686782132333,0.0,38.219999999999985,Fall,CHARGE_PRIORITY
493.0,0.0,38.22,27.56897306910645,10.651026930893552,0.0,38.22,Fall,CHARGE_PRIORITY
494.0,0.0,38.22,26.12326734175581,12.096732658244191,0.0,38.22,Fall,CHARGE_PRIORITY
495.0,0.0,38.22,22.44519619143163,15.774803808568368,0.0,38.22,Fall,CHARGE_PRIORITY
496.0,0.0,38.22,20.520918627903423,17.699081372096575,0.0,38.22,Fall,CHARGE_PRIORITY
497.0,0.0,38.22,19.448313826385334,18.771686173614665,0.0,38.22,Fall,CHARGE_PRIORITY
498.0,0.0,115.61925207493333,57.688052599953046,57.93119947498028,0.0,115.61925207493333,Fall,CHARGE_PRIORITY
499.0,0.0,103.04159051218618,34.230246058698256,68.81134445348792,0.0,103.04159051218618,Fall,CHARGE_PRIORITY
500.0,0.0,104.25284141629712,29.179053793615754,75.07378762268137,0.0,104.25284141629712,Fall,CHARGE_PRIORITY
501.0,0.0,109.84874108058348,14.427877601973277,95.4208634786102,0.0,109.84874108058348,Fall,CHARGE_PRIORITY
502.0,0.0,38.22,1.8808084903652396,36.33919150963476,0.0,38.22,Fall,CHARGE_PRIORITY
503.0,0.0,38.22,1.049453686291924,37.17054631370807,0.0,38.22,Fall,CHARGE_PRIORITY
504.0,0.0,38.22,0.7799999999999999,37.44,0.0,38.22,Fall,CHARGE_PRIORITY
505.0,34.28697949299001,38.22,26.162953176125793,12.057046823874206,0.0,3.933020507009994,Fall,CHARGE_PRIORITY
506.0,66.23735799544542,38.22,34.40762653087562,3.812373469124383,0.0,-28.017357995445415,Fall,CHARGE_PRIORITY
507.0,93.11274229470368,38.22,36.7075291888367,1.5124708111632956,0.0,-54.89274229470368,Fall,CHARGE_PRIORITY
508.0,110.06388538918107,38.22,37.28215950747206,0.937840492527942,0.0,-71.84388538918107,Fall,CHARGE_PRIORITY
509.0,118.10376429525773,38.22,37.53895655510984,0.681043444890161,0.4959378468248832,-79.88376429525773,Fall,CHARGE_PRIORITY
510.0,120.71786205360353,38.22,37.62076048491104,0.5992395150889613,14.424683223759985,-82.49786205360353,Fall,CHARGE_PRIORITY
511.0,118.10376429525773,38.22,37.53895655510984,0.681043444890161,34.330496879305024,-79.88376429525773,Fall,CHARGE_PRIORITY
512.0,110.06388538918108,38.22,37.29911956833481,0.920880431665193,37.777594846178594,-71.84388538918108,Fall,CHARGE_PRIORITY
513.0,93.11274229470368,38.22,36.917594018885296,1.3024059811147004,31.68773809071619,-54.89274229470368,Fall,CHARGE_PRIORITY
514.0,66.23735799544546,38.22,36.211992448873445,2.0080075511265525,20.88256595015548,-28.01735799544547,Fall,CHARGE_PRIORITY
515.0,34.28697949299004,38.22,35.48134428153013,2.7386557184698725,6.325433247255349,3.9330205070099558,Fall,CHARGE_PRIORITY
516.0,1.6223473690619916e-14,38.22,33.12233910446742,5.097660895532576,0.0,38.219999999999985,Fall,CHARGE_PRIORITY
517.0,0.0,38.22,30.629808925211364,7.590191074788637,0.0,38.22,Fall,CHARGE_PRIORITY
518.0,0.0,38.22,28.935858390175117,9.284141609824884,0.0,38.22,Fall,CHARGE_PRIORITY
519.0,0.0,38.22,27.55526179964343,10.66473820035657,0.0,38.22,Fall,CHARGE_PRIORITY
520.0,0.0,38.22,26.038318735439105,12.181681264560895,0.0,38.22,Fall,CHARGE_PRIORITY
521.0,0.0,38.22,25.558119001210535,12.661880998789464,0.0,38.22,Fall,CHARGE_PRIORITY
522.0,0.0,102.52043196838657,56.961180821367385,45.55925114701919,0.0,102.52043196838657,Fall,CHARGE_PRIORITY
523.0,0.0,108.27888719428653,60.96467835886744,47.31420883541909,0.0,108.27888719428653,Fall,CHARGE_PRIORITY
524.0,0.0,112.58465845607556,35.33254169027845,77.25211676579713,0.0,112.58465845607556,Fall,CHARGE_PRIORITY
525.0,0.0,110.22349700744587,12.966026307910473,97.25747069953539,0.0,110.22349700744587,Fall,CHARGE_PRIORITY
526.0,0.0,38.22,3.826888247297589,34.39311175270241,0.0,38.22,Fall,CHARGE_PRIORITY
527.0,0.0,38.22,2.96,35.26,0.0,38.22,Fall,CHARGE_PRIORITY
528.0,0.0,38.22,2.1530195924206676,36.06698040757933,0.0,38.22,Fall,CHARGE_PRIORITY
529.0,34.26337307920486,38.22,25.44104166286717,12.778958337132828,0.0,3.956626920795138,Fall,CHARGE_PRIORITY
530.0,66.19175390596314,38.22,33.81797792928912,4.402022070710881,0.0,-27.971753905963144,Fall,CHARGE_PRIORITY
531.0,92.94186692776664,38.22,36.81154646863997,1.4084535313600317,0.0,-54.721866927766634,Fall,CHARGE_PRIORITY
532.0,110.86572500247584,38.22,37.57445332744056,0.645546672559439,0.0,-72.64572500247584,Fall,CHARGE_PRIORITY
533.0,120.26403177320995,38.22,37.91513647135085,0.3048635286491481,1.9045376752412169,-82.04403177320995,Fall,CHARGE_PRIORITY
534.0,123.06102395366304,38.22,38.0045664028784,0.21543359712159404,18.286745535391052,-84.84102395366304,Fall,CHARGE_PRIORITY
535.0,120.26403177320996,38.22,37.91513647135085,0.3048635286491481,38.488899514011194,-82.04403177320997,Fall,CHARGE_PRIORITY
536.0,110.86572500247584,38.22,37.652941178811844,0.5670588211881569,43.149952247715476,-72.64572500247584,Fall,CHARGE_PRIORITY
537.0,92.94186692776664,38.22,37.13042307098665,1.0895769290133486,35.86993758495371,-54.721866927766634,Fall,CHARGE_PRIORITY
538.0,66.1917539059632,38.22,36.01299362310632,2.207006376893682,24.020541080825577,-27.971753905963194,Fall,CHARGE_PRIORITY
539.0,34.2633730792049,38.22,34.98411874548429,3.235881254515713,7.268724694196174,3.9566269207950997,Fall,CHARGE_PRIORITY
540.0,1.621230391017742e-14,38.22,32.646803168186956,5.573196831813041,0.0,38.219999999999985,Fall,CHARGE_PRIORITY
541.0,0.0,38.22,29.857326334881936,8.362673665118065,0.0,38.22,Fall,CHARGE_PRIORITY
542.0,0.0,38.22,25.11064903337922,13.109350966620777,0.0,38.22,Fall,CHARGE_PRIORITY
543.0,0.0,38.22,24.52,13.7,0.0,38.22,Fall,CHARGE_PRIORITY
544.0,0.0,38.22,23.673805546297285,14.546194453702714,0.0,38.22,Fall,CHARGE_PRIORITY
545.0,0.0,38.22,21.76841547837958,16.45158452162042,0.0,38.22,Fall,CHARGE_PRIORITY
546.0,0.0,105.64321021937397,59.21082157484661,46.43238864452736,0.0,105.64321021937397,Fall,CHARGE_PRIORITY
547.0,0.0,125.2233059629889,64.8045080683315,60.4187978946574,0.0,125.2233059629889,Fall,CHARGE_PRIORITY
548.0,0.0,110.0441211103122,41.448641785076404,68.5954793252358,0.0,110.0441211103122,Fall,CHARGE_PRIORITY
549.0,0.0,114.96622349496083,14.011129245311535,100.95509424964929,0.0,114.96622349496083,Fall,CHARGE_PRIORITY
550.0,0.0,38.22,0.8551803033672906,37.36481969663271,0.0,38.22,Fall,CHARGE_PRIORITY
551.0,0.0,38.22,0.0,38.22,0.0,38.22,Fall,CHARGE_PRIORITY
552.0,0.0,38.22,0.0,38.22,0.0,38.22,Fall,CHARGE_PRIORITY
553.0,36.577649918215116,38.22,26.196220937187217,12.023779062812784,0.0,1.642350081784885,Fall,CHARGE_PRIORITY
554.0,70.66259344192841,38.22,32.984411754621256,5.235588245378745,0.0,-32.44259344192841,Fall,CHARGE_PRIORITY
555.0,99.611676714855,38.22,35.61820051574749,2.6017994842525103,0.0,-61.391676714855,Fall,CHARGE_PRIORITY
556.0,117.86287986038909,38.22,37.07504872694339,1.1449512730566038,0.0,-79.64287986038909,Fall,CHARGE_PRIORITY
557.0,126.99793053273766,38.22,37.59262102725459,0.6273789727454121,0.6179904938608556,-88.77793053273766,Fall,CHARGE_PRIORITY
558.0,129.92578050387405,38.22,37.67631803465678,0.5436819653432223,17.545849132616254,-91.70578050387405,Fall,CHARGE_PRIORITY
559.0,126.99793053273766,38.22,37.59262102725459,0.6273789727454121,43.505478621811804,-88.77793053273767,Fall,CHARGE_PRIORITY
560.0,117.86287986038909,38.22,37.311675876725324,0.908324123274673,51.78274224201156,-79.64287986038909,Fall,CHARGE_PRIORITY
561.0,99.611676714855,38.22,36.30708984823687,1.9129101517631266,43.7169158010409,-61.391676714855,Fall,CHARGE_PRIORITY
562.0,70.66259344192846,38.22,34.712827435012805,3.5071725649871954,28.437251940991302,-32.44259344192846,Fall,CHARGE_PRIORITY
563.0,36.57764991821516,38.22,32.19464357756576,6.025356422434239,8.847603031937444,1.6423500817848442,Fall,CHARGE_PRIORITY
564.0,1.7307343775621676e-14,38.22,27.260599356203237,10.959400643796764,0.0,38.219999999999985,Fall,CHARGE_PRIORITY
565.0,0.0,38.22,27.04,11.18,0.0,38.22,Fall,CHARGE_PRIORITY
566.0,0.0,38.22,27.04,11.18,0.0,38.22,Fall,CHARGE_PRIORITY
567.0,0.0,38.22,26.8303794982127,11.389620501787299,0.0,38.22,Fall,CHARGE_PRIORITY
568.0,0.0,38.22,24.827945555776846,13.392054444223152,0.0,38.22,Fall,CHARGE_PRIORITY
569.0,0.0,38.22,24.046698981452764,14.173301018547235,0.0,38.22,Fall,CHARGE_PRIORITY
570.0,0.0,115.00832116896187,78.6335997616681,36.37472140729378,0.0,115.00832116896187,Fall,CHARGE_PRIORITY
571.0,0.0,115.52768138273345,71.51240412413017,44.015277258603284,0.0,115.52768138273345,Fall,CHARGE_PRIORITY
572.0,0.0,123.34983367872859,51.63002640782072,71.71980727090786,0.0,123.34983367872859,Fall,CHARGE_PRIORITY
573.0,0.0,102.15536088115775,12.65483032560859,89.50053055554916,0.0,102.15536088115775,Fall,CHARGE_PRIORITY
574.0,0.0,38.22,2.2891310975218864,35.93086890247811,0.0,38.22,Fall,CHARGE_PRIORITY
575.0,0.0,38.22,1.6057807565389577,36.614219243461044,0.0,38.22,Fall,CHARGE_PRIORITY
576.0,0.0,38.22,1.06,37.16,0.0,38.22,Fall,CHARGE_PRIORITY
577.0,33.697133671093766,38.22,25.54510822901883,12.67489177098117,0.0,4.522866328906233,Fall,CHARGE_PRIORITY
578.0,65.09786336964886,38.22,33.86342316485376,4.3565768351462415,0.0,-26.877863369648857,Fall,CHARGE_PRIORITY
579.0,91.70202979638529,38.22,36.317318521866525,1.902681478133477,0.0,-53.48202979638529,Fall,CHARGE_PRIORITY
580.0,109.5165400610943,38.22,37.1158564419874,1.1041435580126013,0.0,-71.2965400610943,Fall,CHARGE_PRIORITY
581.0,119.03846231633463,38.22,37.25841875040248,0.9615812495975236,0.5886954731348246,-80.81846231633463,Fall,CHARGE_PRIORITY
582.0,121.82663737234121,38.22,37.30704409892231,0.9129559010776847,16.145687573530434,-83.60663737234121,Fall,CHARGE_PRIORITY
583.0,119.03846231633464,38.22,37.25841875040248,0.9615812495975236,31.753694390453845,-80.81846231633465,Fall,CHARGE_PRIORITY
584.0,109.51654006109432,38.22,37.1158564419874,1.1041435580126011,38.130874725590004,-71.29654006109432,Fall,CHARGE_PRIORITY
585.0,91.70202979638529,38.22,36.88907255940021,1.3309274405997842,33.81000182769666,-53.48202979638529,Fall,CHARGE_PRIORITY
586.0,65.0978633696489,38.22,36.20802296634667,2.0119770336533347,22.12502819172095,-26.877863369648907,Fall,CHARGE_PRIORITY
587.0,33.6971336710938,38.22,34.78624032789941,3.433759672100593,6.54851479988345,4.522866328906195,Fall,CHARGE_PRIORITY
588.0,1.5944378001394444e-14,38.22,30.964253390009986,7.255746609990014,0.0,38.219999999999985,Fall,CHARGE_PRIORITY
589.0,0.0,38.22,30.208583808524917,8.011416191475083,0.0,38.22,Fall,CHARGE_PRIORITY
590.0,0.0,38.22,28.914889249742153,9.305110750257846,0.0,38.22,Fall,CHARGE_PRIORITY
591.0,0.0,38.22,26.134044853901834,12.085955146098165,0.0,38.22,Fall,CHARGE_PRIORITY
592.0,0.0,38.22,24.523599229688237,13.69640077031176,0.0,38.22,Fall,CHARGE_PRIORITY
593.0,0.0,38.22,24.4,13.82,0.0,38.22,Fall,CHARGE_PRIORITY
594.0,0.0,114.20182563936014,64.16826543531516,50.033560204044974,0.0,114.20182563936014,Fall,CHARGE_PRIORITY
595.0,0.0,104.50979612536683,55.697743449084804,48.81205267628203,0.0,104.50979612536683,Fall,CHARGE_PRIORITY
596.0,0.0,104.57286483174983,37.95008200891899,66.62278282283083,0.0,104.57286483174983,Fall,CHARGE_PRIORITY
597.0,0.0,122.84501996899291,20.895237839510983,101.94978212948193,0.0,122.84501996899291,Fall,CHARGE_PRIORITY
598.0,0.0,38.22,1.1473869795018277,37.072613020498174,0.0,38.22,Fall,CHARGE_PRIORITY
599.0,0.0,38.22,0.4684152120521154,37.751584787947884,0.0,38.22,Fall,CHARGE_PRIORITY
600.0,0.0,38.22,0.27999999999999997,37.94,0.0,38.22,Fall,CHARGE_PRIORITY
601.0,37.42558780457133,38.22,29.254398643850433,8.965601356149566,0.0,0.7944121954286711,Fall,CHARGE_PRIORITY
602.0,72.30068364896927,38.22,34.89451729253352,3.3254827074664792,0.0,-34.08068364896927,Fall,CHARGE_PRIORITY
603.0,100.30732805819216,38.22,36.45883197602314,1.7611680239768588,0.0,-62.08732805819215,Fall,CHARGE_PRIORITY
604.0,116.79290460772401,38.22,37.115750456026,1.1042495439740003,0.0,-78.57290460772401,Fall,CHARGE_PRIORITY
605.0,124.38733218070466,38.22,37.25830053842291,0.9616994615770935,0.5931014454374255,-86.16733218070466,Fall,CHARGE_PRIORITY
606.0,126.65867132683515,38.22,37.30692171687563,0.9130782831243723,10.010003682216132,-88.43867132683515,Fall,CHARGE_PRIORITY
607.0,124.38733218070466,38.22,37.25830053842291,0.9616994615770935,31.433019920212917,-86.16733218070466,Fall,CHARGE_PRIORITY
608.0,116.79290460772403,38.22,37.115750456026,1.104249543974,38.139926044145184,-78.57290460772403,Fall,CHARGE_PRIORITY
609.0,100.30732805819216,38.22,36.888986022225104,1.331013977774893,33.61763243303745,-62.08732805819215,Fall,CHARGE_PRIORITY
610.0,72.30068364896933,38.22,36.54617842612589,1.6738215738741116,23.796404242802417,-34.08068364896933,Fall,CHARGE_PRIORITY
611.0,37.42558780457137,38.22,35.136163814644114,3.083836185355885,6.39889839086888,0.7944121954286295,Fall,CHARGE_PRIORITY
612.0,1.7708560161375122e-14,38.22,31.951975239321225,6.268024760678774,0.0,38.219999999999985,Fall,CHARGE_PRIORITY
613.0,0.0,38.22,31.759999999999998,6.46,0.0,38.22,Fall,CHARGE_PRIORITY
614.0,0.0,38.22,31.437536374630167,6.782463625369832,0.0,38.22,Fall,CHARGE_PRIORITY
615.0,0.0,38.22,30.705775676777424,7.514224323222576,0.0,38.22,Fall,CHARGE_PRIORITY
616.0,0.0,38.22,29.98,8.24,0.0,38.22,Fall,CHARGE_PRIORITY
617.0,0.0,38.22,29.98,8.24,0.0,38.22,Fall,CHARGE_PRIORITY
618.0,0.0,106.80676342349243,75.61653683392393,31.19022658956849,0.0,106.80676342349243,Fall,CHARGE_PRIORITY
619.0,0.0,118.34248389952934,79.0713174860365,39.271166413492836,0.0,118.34248389952934,Fall,CHARGE_PRIORITY
620.0,0.0,113.36671899663439,46.58379073405477,66.78292826257962,0.0,113.36671899663439,Fall,CHARGE_PRIORITY
621.0,0.0,98.70602124963855,14.141682773031091,84.56433847660747,0.0,98.70602124963855,Fall,CHARGE_PRIORITY
622.0,0.0,38.22,2.3396763458416645,35.88032365415834,0.0,38.22,Fall,CHARGE_PRIORITY
623.0,0.0,38.22,1.96,36.26,0.0,38.22,Fall,CHARGE_PRIORITY
624.0,0.0,38.22,1.7063628995484361,36.51363710045156,0.0,38.22,Fall,CHARGE_PRIORITY
625.0,36.047285604532576,38.22,28.600103882049588,9.619896117950411,0.0,2.172714395467423,Fall,CHARGE_PRIORITY
626.0,69.63800826607233,38.22,35.359238490425476,2.8607615095745245,0.0,-31.418008266072327,Fall,CHARGE_PRIORITY
627.0,96.33509284834487,38.22,37.296821485616555,0.9231785143834452,0.0,-58.11509284834487,Fall,CHARGE_PRIORITY
628.0,112.30960147816567,38.22,37.813706095446726,0.40629390455327585,0.0,-74.08960147816568,Fall,CHARGE_PRIORITY
629.0,121.13982894329777,38.22,37.941178697039526,0.2788213029604736,1.3083738557669504,-82.91982894329777,Fall,CHARGE_PRIORITY
630.0,123.77205504022399,38.22,37.98425721706924,0.235742782930757,6.4277906549165005,-85.55205504022399,Fall,CHARGE_PRIORITY
631.0,121.13982894329779,38.22,37.941178697039526,0.2788213029604736,22.964682466225963,-82.91982894329779,Fall,CHARGE_PRIORITY
632.0,112.30960147816567,38.22,37.81487886689978,0.405121133100218,31.486602215275607,-74.08960147816568,Fall,CHARGE_PRIORITY
633.0,96.33509284834487,38.22,37.61396485135369,0.6060351486463054,27.159529928041533,-58.11509284834487,Fall,CHARGE_PRIORITY
634.0,69.63800826607238,38.22,37.1599271869913,1.0600728130087025,21.51055953102938,-31.41800826607238,Fall,CHARGE_PRIORITY
635.0,36.04728560453262,38.22,35.949480390015864,2.2705196099841336,5.628061367459547,2.1727143954673824,Fall,CHARGE_PRIORITY
636.0,1.705639278440848e-14,38.22,34.54,3.6799999999999997,0.0,38.219999999999985,Fall,CHARGE_PRIORITY
637.0,0.0,38.22,34.14389692666574,4.076103073334259,0.0,38.22,Fall,CHARGE_PRIORITY
638.0,0.0,38.22,30.351737954955162,7.868262045044836,0.0,38.22,Fall,CHARGE_PRIORITY
639.0,0.0,38.22,28.2,10.02,0.0,38.22,Fall,CHARGE_PRIORITY
640.0,0.0,38.22,27.08900877057675,11.130991229423248,0.0,38.22,Fall,CHARGE_PRIORITY
641.0,0.0,38.22,25.58,12.64,0.0,38.22,Fall,CHARGE_PRIORITY
642.0,0.0,123.12282307896695,83.33360039171352,39.78922268725343,0.0,123.12282307896695,Fall,CHARGE_PRIORITY
643.0,0.0,117.0097652594146,78.51650656554803,38.49325869386658,0.0,117.0097652594146,Fall,CHARGE_PRIORITY
644.0,0.0,111.135037216466,41.86550608472796,69.26953113173803,0.0,111.135037216466,Fall,CHARGE_PRIORITY
645.0,0.0,112.5046530126296,10.520053154032459,101.98459985859715,0.0,112.5046530126296,Fall,CHARGE_PRIORITY
646.0,0.0,38.22,0.834314966627047,37.38568503337295,0.0,38.22,Fall,CHARGE_PRIORITY
647.0,0.0,38.22,0.78,37.44,0.0,38.22,Fall,CHARGE_PRIORITY
648.0,0.0,38.22,0.78,37.44,0.0,38.22,Fall,CHARGE_PRIORITY
649.0,34.164876938260655,38.22,26.683754588325975,11.536245411674026,0.0,4.055123061739342,Fall,CHARGE_PRIORITY
650.0,66.00147397330751,38.22,33.97152976130226,4.248470238697744,0.0,-27.781473973307513,Fall,CHARGE_PRIORITY
651.0,91.07080830598184,38.22,36.29510482297584,1.9248951770241638,0.0,-52.85080830598184,Fall,CHARGE_PRIORITY
652.0,106.48752462161929,38.22,37.25852268888353,0.9614773111164671,0.0,-68.26752462161929,Fall,CHARGE_PRIORITY
653.0,115.083800313429,38.22,37.490525486606515,0.7294745133934875,0.4488971235372854,-76.86380031342901,Fall,CHARGE_PRIORITY
654.0,117.87357472080052,38.22,37.54733867422708,0.672661325772919,8.912502740901733,-79.65357472080052,Fall,CHARGE_PRIORITY
655.0,115.08380031342901,38.22,37.490525486606515,0.7294745133934875,26.846220525123375,-76.86380031342901,Fall,CHARGE_PRIORITY
656.0,106.4875246216193,38.22,37.323957648592916,0.8960423514070815,28.104194857663927,-68.2675246216193,Fall,CHARGE_PRIORITY
657.0,91.07080830598184,38.22,37.021460784851556,1.198539215148445,23.96922701984055,-52.85080830598184,Fall,CHARGE_PRIORITY
658.0,66.00147397330757,38.22,35.99603035661406,2.2239696433859435,19.25238040982763,-27.781473973307563,Fall,CHARGE_PRIORITY
659.0,34.1648769382607,38.22,34.224829338641044,3.9951706613589533,5.721003603834653,4.0551230617393035,Fall,CHARGE_PRIORITY
660.0,1.616569876808368e-14,38.22,30.304447040031885,7.915552959968115,0.0,38.219999999999985,Fall,CHARGE_PRIORITY
661.0,0.0,38.22,29.565822557384664,8.654177442615335,0.0,38.22,Fall,CHARGE_PRIORITY
662.0,0.0,38.22,28.051400724880175,10.168599275119824,0.0,38.22,Fall,CHARGE_PRIORITY
663.0,0.0,38.22,27.703917378929045,10.516082621070955,0.0,38.22,Fall,CHARGE_PRIORITY
664.0,0.0,38.22,26.70896884209939,11.511031157900607,0.0,38.22,Fall,CHARGE_PRIORITY
665.0,0.0,38.22,25.308772266361,12.911227733638999,0.0,38.22,Fall,CHARGE_PRIORITY
666.0,0.0,117.60986232693476,78.72434009426016,38.88552223267461,0.0,117.60986232693476,Fall,CHARGE_PRIORITY
667.0,0.0,112.8609585252453,69.26048537673267,43.60047314851261,0.0,112.8609585252453,Fall,CHARGE_PRIORITY
668.0,0.0,114.17001767307224,36.48891823008293,77.68109944298931,0.0,114.17001767307224,Fall,CHARGE_PRIORITY
669.0,0.0,112.59573146347945,8.166684891250005,104.42904657222944,0.0,112.59573146347945,Fall,CHARGE_PRIORITY
670.0,0.0,38.22,0.5599999999999999,37.66,0.0,38.22,Fall,CHARGE_PRIORITY
671.0,0.0,38.22,0.5599999999999999,37.66,0.0,38.22,Fall,CHARGE_PRIORITY
672.0,0.0,38.22,0.40706935469103844,37.81293064530896,0.0,38.22,Fall,CHARGE_PRIORITY
673.0,34.8711122456823,38.22,27.07631276425001,11.14368723574999,0.0,3.348887754317701,Fall,CHARGE_PRIORITY
674.0,67.36581581905904,38.22,35.87279687179286,2.347203128207145,0.0,-29.145815819059038,Fall,CHARGE_PRIORITY
675.0,94.69651202225221,38.22,37.922061093267196,0.29793890673280443,0.0,-56.4765120222522,Fall,CHARGE_PRIORITY
676.0,114.01311289316266,38.22,38.22,0.0,0.0,-75.79311289316267,Fall,CHARGE_PRIORITY
677.0,123.29905788848096,38.22,38.22,0.0,1.6512203924634377,-85.07905788848096,Fall,CHARGE_PRIORITY
678.0,125.9553210392643,38.22,38.22,0.0,14.16607314524023,-87.7353210392643,Fall,CHARGE_PRIORITY
679.0,123.29905788848096,38.22,38.22,0.0,27.320760779703328,-85.07905788848096,Fall,CHARGE_PRIORITY
680.0,114.01311289316267,38.22,38.22,0.0,35.04933127024803,-75.79311289316267,Fall,CHARGE_PRIORITY
681.0,94.69651202225221,38.22,38.22,0.0,30.916680493015004,-56.4765120222522,Fall,CHARGE_PRIORITY
682.0,67.3658158190591,38.22,38.22,0.0,21.54181504541481,-29.14581581905909,Fall,CHARGE_PRIORITY
683.0,34.87111224568234,38.22,38.02462350030391,0.19537649969609244,6.062345130913927,3.3488877543176616,Fall,CHARGE_PRIORITY
684.0,1.649986614295216e-14,38.22,33.96197636694319,4.258023633056812,0.0,38.219999999999985,Fall,CHARGE_PRIORITY
685.0,0.0,38.22,32.17730560738113,6.0426943926188725,0.0,38.22,Fall,CHARGE_PRIORITY
686.0,0.0,38.22,31.051381402201187,7.168618597798813,0.0,38.22,Fall,CHARGE_PRIORITY
687.0,0.0,38.22,29.954586748903118,8.26541325109688,0.0,38.22,Fall,CHARGE_PRIORITY
688.0,0.0,38.22,28.991210364582788,9.228789635417211,0.0,38.22,Fall,CHARGE_PRIORITY
689.0,0.0,38.22,27.519660500264873,10.700339499735128,0.0,38.22,Fall,CHARGE_PRIORITY
690.0,0.0,115.35264993019803,72.47366909752824,42.87898083266978,0.0,115.35264993019803,Fall,CHARGE_PRIORITY
691.0,0.0,123.85201888852167,62.50247516379503,61.349543724726644,0.0,123.85201888852167,Fall,CHARGE_PRIORITY
692.0,0.0,113.49492318635214,34.29002008464484,79.2049031017073,0.0,113.49492318635214,Fall,CHARGE_PRIORITY
693.0,0.0,119.75498206964376,13.82447102209979,105.93051104754396,0.0,119.75498206964376,Fall,CHARGE_PRIORITY
694.0,0.0,38.22,2.12,36.1,0.0,38.22,Fall,CHARGE_PRIORITY
695.0,0.0,38.22,1.7901984768600339,36.429801523139965,0.0,38.22,Fall,CHARGE_PRIORITY
696.0,0.0,38.22,0.5038552439547017,37.716144756045296,0.0,38.22,Fall,CHARGE_PRIORITY
697.0,32.6361943539065,38.22,26.752692678061344,11.467307321938657,0.0,5.583805646093503,Fall,CHARGE_PRIORITY
698.0,63.048285996455505,38.22,35.34080799320583,2.8791920067941725,0.0,-24.82828599645551,Fall,CHARGE_PRIORITY
699.0,87.65085879137908,38.22,37.58465722506053,0.6353427749394652,0.0,-49.43085879137908,Fall,CHARGE_PRIORITY
700.0,102.98832348460301,38.22,37.95343757988668,0.26656242011331865,0.0,-64.76832348460302,Fall,CHARGE_PRIORITY
701.0,111.35176462338039,38.22,38.11648477318789,0.10351522681210779,0.0,-73.13176462338039,Fall,CHARGE_PRIORITY
702.0,114.00988706645288,38.22,38.172097134460614,0.04790286553938283,5.44385391501343,-75.78988706645288,Fall,CHARGE_PRIORITY
703.0,111.35176462338039,38.22,38.11648477318789,0.10351522681210779,18.661656412493855,-73.13176462338039,Fall,CHARGE_PRIORITY
704.0,102.98832348460301,38.22,37.95343757988668,0.2665624201133183,20.619618982543397,-64.76832348460302,Fall,CHARGE_PRIORITY
705.0,87.65085879137908,38.22,37.69406695133223,0.525933048667765,17.731506960854873,-49.43085879137908,Fall,CHARGE_PRIORITY
706.0,63.048285996455554,38.22,37.35604856723031,0.8639514327696909,13.168914867447256,-24.82828599645556,Fall,CHARGE_PRIORITY
707.0,32.63619435390653,38.22,36.96241782185566,1.2575821781443421,3.826264528955772,5.583805646093468,Fall,CHARGE_PRIORITY
708.0,1.5442376327457228e-14,38.22,35.09486896963278,3.1251310303672195,0.0,38.219999999999985,Fall,CHARGE_PRIORITY
709.0,0.0,38.22,33.88287142609973,4.337128573900264,0.0,38.22,Fall,CHARGE_PRIORITY
710.0,0.0,38.22,29.15167853518497,9.068321464815028,0.0,38.22,Fall,CHARGE_PRIORITY
711.0,0.0,38.22,27.477622888960042,10.742377111039957,0.0,38.22,Fall,CHARGE_PRIORITY
712.0,0.0,38.22,25.960962534177757,12.259037465822242,0.0,38.22,Fall,CHARGE_PRIORITY
713.0,0.0,38.22,25.24,12.98,0.0,38.22,Fall,CHARGE_PRIORITY
714.0,0.0,108.8216019442113,62.617535399490286,46.20406654472101,0.0,108.8216019442113,Fall,CHARGE_PRIORITY
715.0,0.0,115.4474689400375,56.757968508657356,58.68950043138013,0.0,115.4474689400375,Fall,CHARGE_PRIORITY
716.0,0.0,107.89598399008659,36.873133053099004,71.02285093698758,0.0,107.89598399008659,Fall,CHARGE_PRIORITY
717.0,0.0,109.22417259636863,11.737633297808086,97.48653929856054,0.0,109.22417259636863,Fall,CHARGE_PRIORITY
718.0,0.0,38.22,2.063099310253728,36.15690068974627,0.0,38.22,Fall,CHARGE_PRIORITY
719.0,0.0,38.22,1.4,36.82,0.0,38.22,Fall,CHARGE_PRIORITY
