time,generation_kw,load_kw,generation_kwh,load_kwh,solar_used_kwh,battery_charge_kwh,battery_discharge_kwh,self_consumed_kwh,net_load_kwh,grid_import,grid_export,curtailed_kwh,unmet_load_kwh,total_soc_kwh
0.0,0.0,38.22,0.0,38.22,0.0,0.0,38.22,38.22,38.22,0.0,0.0,0.0,0.0,265.71258260945484
1.0,39.18031439422313,38.22,39.18031439422313,38.22,0.0,0.0,38.22,38.22,-0.9603143942231318,0.0,39.18031439422313,0.0,0.0,225.42516521890968
2.0,75.69055511101091,38.22,75.69055511101091,38.22,0.0,0.0,38.22,38.22,-37.4705551110109,0.0,75.69055511101091,0.0,0.0,185.13774782836452
3.0,105.83834408625161,38.22,105.83834408625161,38.22,0.0,0.0,38.22,38.22,-67.61834408625161,0.0,105.83834408625161,0.0,0.0,144.8503304378194
4.0,124.86027674589297,38.22,124.86027674589297,38.22,0.0,0.0,38.22,38.22,-86.64027674589298,0.0,124.86027674589297,0.0,0.0,104.56291304727424
5.0,134.40346235889325,38.22,134.40346235889325,38.22,0.0,0.0,32.67779618945547,32.67779618945547,-96.18346235889327,5.542203810544526,134.40346235889325,0.0,0.0,70.11749142279075
6.0,137.19867661291102,38.22,137.19867661291102,38.22,0.0,0.0,20.22,20.22,-98.97867661291102,18.0,137.19867661291102,0.0,0.0,48.803739993255874
7.0,134.40346235889328,38.22,134.40346235889328,38.22,0.0,0.0,16.423347142091618,16.423347142091618,-96.18346235889328,21.796652857908384,134.40346235889328,0.0,0.0,31.492012069047036
8.0,124.86027674589297,38.22,124.86027674589297,38.22,0.0,0.0,10.14,10.14,-86.64027674589298,28.08,124.86027674589297,0.0,0.0,20.80351357767791
9.0,105.83834408625161,38.22,105.83834408625161,38.22,0.0,0.0,6.804414373283407,6.804414373283407,-67.61834408625161,31.41558562671659,105.83834408625161,0.0,0.0,13.631031056623664
10.0,75.69055511101097,38.22,75.69055511101097,38.22,0.0,0.0,3.6399999999999997,3.6399999999999997,-37.47055511101097,34.58,75.69055511101097,0.0,0.0,9.794134162286031
11.0,39.180314394223174,38.22,39.180314394223174,38.22,0.0,0.0,3.6399999999999997,3.6399999999999997,-0.9603143942231759,34.58,39.180314394223174,0.0,0.0,5.957237267948397
12.0,1.8538839208477172e-14,38.22,1.8538839208477172e-14,38.22,0.0,0.0,3.6399999999999997,3.6399999999999997,38.21999999999998,34.58,1.8538839208477172e-14,0.0,0.0,2.1203403736107633
13.0,0.0,38.22,0.0,38.22,0.0,0.0,2.0115314986267174,2.0115314986267174,38.22,36.20846850137328,0.0,0.0,0.0,0.0
14.0,0.0,38.22,0.0,38.22,0.0,0.0,0.0,0.0,38.22,38.22,0.0,0.0,0.0,0.0
15.0,0.0,38.22,0.0,38.22,0.0,0.0,0.0,0.0,38.22,38.22,0.0,0.0,0.0,0.0
16.0,0.0,38.22,0.0,38.22,0.0,0.0,0.0,0.0,38.22,38.22,0.0,0.0,0.0,0.0
17.0,0.0,38.22,0.0,38.22,0.0,0.0,0.0,0.0,38.22,38.22,0.0,0.0,0.0,0.0
18.0,0.0,109.40060545843741,0.0,109.40060545843741,0.0,0.0,0.0,0.0,109.40060545843741,109.40060545843741,0.0,0.0,0.0,0.0
19.0,0.0,96.7844013656552,0.0,96.7844013656552,0.0,0.0,0.0,0.0,96.7844013656552,96.7844013656552,0.0,0.0,0.0,0.0
20.0,0.0,112.31464105824583,0.0,112.31464105824583,0.0,0.0,0.0,0.0,112.31464105824583,112.31464105824583,0.0,0.0,0.0,0.0
21.0,0.0,110.83189651587541,0.0,110.83189651587541,0.0,0.0,0.0,0.0,110.83189651587541,110.83189651587541,0.0,0.0,0.0,0.0
22.0,0.0,38.22,0.0,38.22,0.0,0.0,0.0,0.0,38.22,38.22,0.0,0.0,0.0,0.0
23.0,0.0,38.22,0.0,38.22,0.0,0.0,0.0,0.0,38.22,38.22,0.0,0.0,0.0,0.0
24.0,0.0,38.22,0.0,38.22,0.0,0.0,0.0,0.0,38.22,38.22,0.0,0.0,0.0,0.0
25.0,36.597143578629776,38.22,36.597143578629776,38.22,0.0,0.0,0.0,0.0,1.6228564213702228,38.22,36.597143578629776,0.0,0.0,0.0
26.0,70.70025230201527,38.22,70.70025230201527,38.22,0.0,0.0,0.0,0.0,-32.480252302015266,38.22,70.70025230201527,0.0,0.0,0.0
27.0,99.33245705656105,38.22,99.33245705656105,38.22,0.0,0.0,0.0,0.0,-61.11245705656106,38.22,99.33245705656105,0.0,0.0,0.0
28.0,116.16331741055066,38.22,116.16331741055066,38.22,0.0,0.0,0.0,0.0,-77.94331741055066,38.22,116.16331741055066,0.0,0.0,0.0
29.0,125.51076661071693,38.22,125.51076661071693,38.22,0.0,0.0,0.0,0.0,-87.29076661071693,38.22,125.51076661071693,0.0,0.0,0.0
30.0,128.33023593568706,38.22,128.33023593568706,38.22,0.0,0.0,0.0,0.0,-90.11023593568707,38.22,128.33023593568706,0.0,0.0,0.0
31.0,125.51076661071693,38.22,125.51076661071693,38.22,0.0,0.0,0.0,0.0,-87.29076661071693,38.22,125.51076661071693,0.0,0.0,0.0
32.0,116.16331741055066,38.22,116.16331741055066,38.22,0.0,0.0,0.0,0.0,-77.94331741055066,38.22,116.16331741055066,0.0,0.0,0.0
33.0,99.33245705656105,38.22,99.33245705656105,38.22,0.0,0.0,0.0,0.0,-61.11245705656106,38.22,99.33245705656105,0.0,0.0,0.0
34.0,70.70025230201531,38.22,70.70025230201531,38.22,0.0,0.0,0.0,0.0,-32.48025230201532,38.22,70.70025230201531,0.0,0.0,0.0
35.0,36.59714357862982,38.22,36.59714357862982,38.22,0.0,0.0,0.0,0.0,1.6228564213701815,38.22,36.59714357862982,0.0,0.0,0.0
36.0,1.731656753611466e-14,38.22,1.731656753611466e-14,38.22,0.0,0.0,0.0,0.0,38.219999999999985,38.22,1.731656753611466e-14,0.0,0.0,0.0
37.0,0.0,38.22,0.0,38.22,0.0,0.0,0.0,0.0,38.22,38.22,0.0,0.0,0.0,0.0
38.0,0.0,38.22,0.0,38.22,0.0,0.0,0.0,0.0,38.22,38.22,0.0,0.0,0.0,0.0
39.0,0.0,38.22,0.0,38.22,0.0,0.0,0.0,0.0,38.22,38.22,0.0,0.0,0.0,0.0
40.0,0.0,38.22,0.0,38.22,0.0,0.0,0.0,0.0,38.22,38.22,0.0,0.0,0.0,0.0
41.0,0.0,38.22,0.0,38.22,0.0,0.0,0.0,0.0,38.22,38.22,0.0,0.0,0.0,0.0
42.0,0.0,112.49711816884628,0.0,112.49711816884628,0.0,0.0,0.0,0.0,112.49711816884628,112.49711816884628,0.0,0.0,0.0,0.0
43.0,0.0,107.21870685719173,0.0,107.21870685719173,0.0,0.0,0.0,0.0,107.21870685719173,107.21870685719173,0.0,0.0,0.0,0.0
44.0,0.0,104.92446574649243,0.0,104.92446574649243,0.0,0.0,0.0,0.0,104.92446574649243,104.92446574649243,0.0,0.0,0.0,0.0
45.0,0.0,118.3774195750186,0.0,118.3774195750186,0.0,0.0,0.0,0.0,118.3774195750186,118.3774195750186,0.0,0.0,0.0,0.0
46.0,0.0,38.22,0.0,38.22,0.0,0.0,0.0,0.0,38.22,38.22,0.0,0.0,0.0,0.0
47.0,0.0,38.22,0.0,38.22,0.0,0.0,0.0,0.0,38.22,38.22,0.0,0.0,0.0,0.0
48.0,0.0,38.22,0.0,38.22,0.0,0.0,0.0,0.0,38.22,38.22,0.0,0.0,0.0,0.0
49.0,34.82035459112473,38.22,34.82035459112473,38.22,0.0,0.0,0.0,0.0,3.3996454088752657,38.22,34.82035459112473,0.0,0.0,0.0
50.0,67.26775956022102,38.22,67.26775956022102,38.22,0.0,0.0,0.0,0.0,-29.047759560221017,38.22,67.26775956022102,0.0,0.0,0.0
51.0,93.81379909078238,38.22,93.81379909078238,38.22,0.0,0.0,0.0,0.0,-55.59379909078238,38.22,93.81379909078238,0.0,0.0,0.0
52.0,111.06643973106499,38.22,111.06643973106499,38.22,0.0,0.0,0.0,0.0,-72.846439731065,38.22,111.06643973106499,0.0,0.0,0.0
53.0,120.61352017439533,38.22,120.61352017439533,38.22,0.0,0.0,0.0,0.0,-82.39352017439533,38.22,120.61352017439533,0.0,0.0,0.0
54.0,123.37024437567719,38.22,123.37024437567719,38.22,0.0,0.0,0.0,0.0,-85.15024437567719,38.22,123.37024437567719,0.0,0.0,0.0
55.0,120.61352017439535,38.22,120.61352017439535,38.22,0.0,0.0,0.0,0.0,-82.39352017439535,38.22,120.61352017439535,0.0,0.0,0.0
56.0,111.066439731065,38.22,111.066439731065,38.22,0.0,0.0,0.0,0.0,-72.846439731065,38.22,111.066439731065,0.0,0.0,0.0
57.0,93.81379909078238,38.22,93.81379909078238,38.22,0.0,0.0,0.0,0.0,-55.59379909078238,38.22,93.81379909078238,0.0,0.0,0.0
58.0,67.26775956022107,38.22,67.26775956022107,38.22,0.0,0.0,0.0,0.0,-29.04775956022107,38.22,67.26775956022107,0.0,0.0,0.0
59.0,34.82035459112477,38.22,34.82035459112477,38.22,0.0,0.0,0.0,0.0,3.399645408875227,38.22,34.82035459112477,0.0,0.0,0.0
60.0,1.647584928624769e-14,38.22,1.647584928624769e-14,38.22,0.0,0.0,0.0,0.0,38.219999999999985,38.22,1.647584928624769e-14,0.0,0.0,0.0
61.0,0.0,38.22,0.0,38.22,0.0,0.0,0.0,0.0,38.22,38.22,0.0,0.0,0.0,0.0
62.0,0.0,38.22,0.0,38.22,0.0,0.0,0.0,0.0,38.22,38.22,0.0,0.0,0.0,0.0
63.0,0.0,38.22,0.0,38.22,0.0,0.0,0.0,0.0,38.22,38.22,0.0,0.0,0.0,0.0
64.0,0.0,38.22,0.0,38.22,0.0,0.0,0.0,0.0,38.22,38.22,0.0,0.0,0.0,0.0
65.0,0.0,38.22,0.0,38.22,0.0,0.0,0.0,0.0,38.22,38.22,0.0,0.0,0.0,0.0
66.0,0.0,109.6208998860594,0.0,109.6208998860594,0.0,0.0,0.0,0.0,109.6208998860594,109.6208998860594,0.0,0.0,0.0,0.0
67.0,0.0,116.26643476556994,0.0,116.26643476556994,0.0,0.0,0.0,0.0,116.26643476556994,116.26643476556994,0.0,0.0,0.0,0.0
68.0,0.0,113.61849478894688,0.0,113.61849478894688,0.0,0.0,0.0,0.0,113.61849478894688,113.61849478894688,0.0,0.0,0.0,0.0
69.0,0.0,111.86780699823102,0.0,111.86780699823102,0.0,0.0,0.0,0.0,111.86780699823102,111.86780699823102,0.0,0.0,0.0,0.0
70.0,0.0,38.22,0.0,38.22,0.0,0.0,0.0,0.0,38.22,38.22,0.0,0.0,0.0,0.0
71.0,0.0,38.22,0.0,38.22,0.0,0.0,0.0,0.0,38.22,38.22,0.0,0.0,0.0,0.0
72.0,0.0,38.22,0.0,38.22,0.0,0.0,0.0,0.0,38.22,38.22,0.0,0.0,0.0,0.0
73.0,35.396648631575026,38.22,35.396648631575026,38.22,0.0,0.0,0.0,0.0,2.8233513684249703,38.22,35.396648631575026,0.0,0.0,0.0
74.0,68.38107415463585,38.22,68.38107415463585,38.22,0.0,0.0,0.0,0.0,-30.161074154635852,38.22,68.38107415463585,0.0,0.0,0.0
75.0,95.17739260265202,38.22,95.17739260265202,38.22,0.0,0.0,0.0,0.0,-56.957392602652014,38.22,95.17739260265202,0.0,0.0,0.0
76.0,112.05616868546956,38.22,112.05616868546956,38.22,0.0,0.0,0.0,0.0,-73.83616868546956,38.22,112.05616868546956,0.0,0.0,0.0
77.0,121.04348378924716,38.22,121.04348378924716,38.22,0.0,0.0,0.0,0.0,-82.82348378924716,38.22,121.04348378924716,0.0,0.0,0.0
78.0,123.51706488143543,38.22,123.51706488143543,38.22,0.0,0.0,0.0,0.0,-85.29706488143543,38.22,123.51706488143543,0.0,0.0,0.0
79.0,121.04348378924718,38.22,121.04348378924718,38.22,0.0,0.0,0.0,0.0,-82.82348378924718,38.22,121.04348378924718,0.0,0.0,0.0
80.0,112.05616868546957,38.22,112.05616868546957,38.22,0.0,0.0,0.0,0.0,-73.83616868546957,38.22,112.05616868546957,0.0,0.0,0.0
81.0,95.17739260265202,38.22,95.17739260265202,38.22,0.0,0.0,0.0,0.0,-56.957392602652014,38.22,95.17739260265202,0.0,0.0,0.0
82.0,68.38107415463591,38.22,68.38107415463591,38.22,0.0,0.0,0.0,0.0,-30.161074154635905,38.22,68.38107415463591,0.0,0.0,0.0
83.0,35.39664863157507,38.22,35.39664863157507,38.22,0.0,0.0,0.0,0.0,2.8233513684249307,38.22,35.39664863157507,0.0,0.0,0.0
84.0,1.6748532717146523e-14,38.22,1.6748532717146523e-14,38.22,0.0,0.0,0.0,0.0,38.219999999999985,38.22,1.6748532717146523e-14,0.0,0.0,0.0
85.0,0.0,38.22,0.0,38.22,0.0,0.0,0.0,0.0,38.22,38.22,0.0,0.0,0.0,0.0
86.0,0.0,38.22,0.0,38.22,0.0,0.0,0.0,0.0,38.22,38.22,0.0,0.0,0.0,0.0
87.0,0.0,38.22,0.0,38.22,0.0,0.0,0.0,0.0,38.22,38.22,0.0,0.0,0.0,0.0
88.0,0.0,38.22,0.0,38.22,0.0,0.0,0.0,0.0,38.22,38.22,0.0,0.0,0.0,0.0
89.0,0.0,38.22,0.0,38.22,0.0,0.0,0.0,0.0,38.22,38.22,0.0,0.0,0.0,0.0
90.0,0.0,126.27406443036581,0.0,126.27406443036581,0.0,0.0,0.0,0.0,126.27406443036581,126.27406443036581,0.0,0.0,0.0,0.0
91.0,0.0,100.24302503128688,0.0,100.24302503128688,0.0,0.0,0.0,0.0,100.24302503128688,100.24302503128688,0.0,0.0,0.0,0.0
92.0,0.0,119.41807881676661,0.0,119.41807881676661,0.0,0.0,0.0,0.0,119.41807881676661,119.41807881676661,0.0,0.0,0.0,0.0
93.0,0.0,107.49738761704599,0.0,107.49738761704599,0.0,0.0,0.0,0.0,107.49738761704599,107.49738761704599,0.0,0.0,0.0,0.0
94.0,0.0,38.22,0.0,38.22,0.0,0.0,0.0,0.0,38.22,38.22,0.0,0.0,0.0,0.0
95.0,0.0,38.22,0.0,38.22,0.0,0.0,0.0,0.0,38.22,38.22,0.0,0.0,0.0,0.0
96.0,0.0,38.22,0.0,38.22,0.0,0.0,0.0,0.0,38.22,38.22,0.0,0.0,0.0,0.0
97.0,35.64160684979096,38.22,35.64160684979096,38.22,0.0,0.0,0.0,0.0,2.578393150209042,38.22,35.64160684979096,0.0,0.0,0.0
98.0,68.85429709330889,38.22,68.85429709330889,38.22,0.0,0.0,0.0,0.0,-30.634297093308888,38.22,68.85429709330889,0.0,0.0,0.0
99.0,96.75558422354806,38.22,96.75558422354806,38.22,0.0,0.0,0.0,0.0,-58.535584223548064,38.22,96.75558422354806,0.0,0.0,0.0
100.0,116.36027254388274,38.22,116.36027254388274,38.22,0.0,0.0,0.0,0.0,-78.14027254388274,38.22,116.36027254388274,0.0,0.0,0.0
101.0,127.08554611243189,38.22,127.08554611243189,38.22,0.0,0.0,0.0,0.0,-88.86554611243189,38.22,127.08554611243189,0.0,0.0,0.0
102.0,130.327859031766,38.22,130.327859031766,38.22,0.0,0.0,0.0,0.0,-92.10785903176598,38.22,130.327859031766,0.0,0.0,0.0
103.0,127.0855461124319,38.22,127.0855461124319,38.22,0.0,0.0,0.0,0.0,-88.8655461124319,38.22,127.0855461124319,0.0,0.0,0.0
104.0,116.36027254388276,38.22,116.36027254388276,38.22,0.0,0.0,0.0,0.0,-78.14027254388276,38.22,116.36027254388276,0.0,0.0,0.0
105.0,96.75558422354806,38.22,96.75558422354806,38.22,0.0,0.0,0.0,0.0,-58.535584223548064,38.22,96.75558422354806,0.0,0.0,0.0
106.0,68.85429709330894,38.22,68.85429709330894,38.22,0.0,0.0,0.0,0.0,-30.63429709330894,38.22,68.85429709330894,0.0,0.0,0.0
107.0,35.641606849790996,38.22,35.641606849790996,38.22,0.0,0.0,0.0,0.0,2.5783931502090027,38.22,35.641606849790996,0.0,0.0,0.0
108.0,1.686443890857233e-14,38.22,1.686443890857233e-14,38.22,0.0,0.0,0.0,0.0,38.219999999999985,38.22,1.686443890857233e-14,0.0,0.0,0.0
109.0,0.0,38.22,0.0,38.22,0.0,0.0,0.0,0.0,38.22,38.22,0.0,0.0,0.0,0.0
110.0,0.0,38.22,0.0,38.22,0.0,0.0,0.0,0.0,38.22,38.22,0.0,0.0,0.0,0.0
111.0,0.0,38.22,0.0,38.22,0.0,0.0,0.0,0.0,38.22,38.22,0.0,0.0,0.0,0.0
112.0,0.0,38.22,0.0,38.22,0.0,0.0,0.0,0.0,38.22,38.22,0.0,0.0,0.0,0.0
113.0,0.0,38.22,0.0,38.22,0.0,0.0,0.0,0.0,38.22,38.22,0.0,0.0,0.0,0.0
114.0,0.0,110.16014075781064,0.0,110.16014075781064,0.0,0.0,0.0,0.0,110.16014075781064,110.16014075781064,0.0,0.0,0.0,0.0
115.0,0.0,115.11450020612034,0.0,115.11450020612034,0.0,0.0,0.0,0.0,115.11450020612034,115.11450020612034,0.0,0.0,0.0,0.0
116.0,0.0,112.16580235091631,0.0,112.16580235091631,0.0,0.0,0.0,0.0,112.16580235091631,112.16580235091631,0.0,0.0,0.0,0.0
117.0,0.0,103.55634361242814,0.0,103.55634361242814,0.0,0.0,0.0,0.0,103.55634361242814,103.55634361242814,0.0,0.0,0.0,0.0
118.0,0.0,38.22,0.0,38.22,0.0,0.0,0.0,0.0,38.22,38.22,0.0,0.0,0.0,0.0
119.0,0.0,38.22,0.0,38.22,0.0,0.0,0.0,0.0,38.22,38.22,0.0,0.0,0.0,0.0
120.0,0.0,38.22,0.0,38.22,0.0,0.0,0.0,0.0,38.22,38.22,0.0,0.0,0.0,0.0
121.0,38.432413077952326,38.22,38.432413077952326,38.22,0.0,0.0,0.0,0.0,-0.2124130779523244,38.22,38.432413077952326,0.0,0.0,0.0
122.0,74.24572071720777,38.22,74.24572071720777,38.22,0.0,0.0,0.0,0.0,-36.02572071720778,38.22,74.24572071720777,0.0,0.0,0.0
123.0,100.87806445022949,38.22,100.87806445022949,38.22,0.0,0.0,0.0,0.0,-62.65806445022949,38.22,100.87806445022949,0.0,0.0,0.0
124.0,116.94908545183182,38.22,116.94908545183182,38.22,0.0,0.0,0.0,0.0,-78.72908545183182,38.22,116.94908545183182,0.0,0.0,0.0
125.0,124.85673087336507,38.22,124.85673087336507,38.22,0.0,0.0,0.0,0.0,-86.63673087336507,38.22,124.85673087336507,0.0,0.0,0.0
126.0,127.3260129123263,38.22,127.3260129123263,38.22,0.0,0.0,0.0,0.0,-89.1060129123263,38.22,127.3260129123263,0.0,0.0,0.0
127.0,124.85673087336508,38.22,124.85673087336508,38.22,0.0,0.0,0.0,0.0,-86.63673087336508,38.22,124.85673087336508,0.0,0.0,0.0
128.0,116.94908545183183,38.22,116.94908545183183,38.22,0.0,0.0,0.0,0.0,-78.72908545183184,38.22,116.94908545183183,0.0,0.0,0.0
129.0,100.87806445022949,38.22,100.87806445022949,38.22,0.0,0.0,0.0,0.0,-62.65806445022949,38.22,100.87806445022949,0.0,0.0,0.0
130.0,74.24572071720783,38.22,74.24572071720783,38.22,0.0,0.0,0.0,0.0,-36.02572071720784,38.22,74.24572071720783,0.0,0.0,0.0
131.0,38.43241307795237,38.22,38.43241307795237,38.22,0.0,0.0,0.0,0.0,-0.21241307795236664,38.22,38.43241307795237,0.0,0.0,0.0
132.0,1.818495684534337e-14,38.22,1.818495684534337e-14,38.22,0.0,0.0,0.0,0.0,38.21999999999998,38.22,1.818495684534337e-14,0.0,0.0,0.0
133.0,0.0,38.22,0.0,38.22,0.0,0.0,0.0,0.0,38.22,38.22,0.0,0.0,0.0,0.0
134.0,0.0,38.22,0.0,38.22,0.0,0.0,0.0,0.0,38.22,38.22,0.0,0.0,0.0,0.0
135.0,0.0,38.22,0.0,38.22,0.0,0.0,0.0,0.0,38.22,38.22,0.0,0.0,0.0,0.0
136.0,0.0,38.22,0.0,38.22,0.0,0.0,0.0,0.0,38.22,38.22,0.0,0.0,0.0,0.0
137.0,0.0,38.22,0.0,38.22,0.0,0.0,0.0,0.0,38.22,38.22,0.0,0.0,0.0,0.0
138.0,0.0,114.27777570135571,0.0,114.27777570135571,0.0,0.0,0.0,0.0,114.27777570135571,114.27777570135571,0.0,0.0,0.0,0.0
139.0,0.0,100.58184253664639,0.0,100.58184253664639,0.0,0.0,0.0,0.0,100.58184253664639,100.58184253664639,0.0,0.0,0.0,0.0
140.0,0.0,115.92107662266436,0.0,115.92107662266436,0.0,0.0,0.0,0.0,115.92107662266436,115.92107662266436,0.0,0.0,0.0,0.0
141.0,0.0,115.27248187108157,0.0,115.27248187108157,0.0,0.0,0.0,0.0,115.27248187108157,115.27248187108157,0.0,0.0,0.0,0.0
142.0,0.0,38.22,0.0,38.22,0.0,0.0,0.0,0.0,38.22,38.22,0.0,0.0,0.0,0.0
143.0,0.0,38.22,0.0,38.22,0.0,0.0,0.0,0.0,38.22,38.22,0.0,0.0,0.0,0.0
144.0,0.0,38.22,0.0,38.22,0.0,0.0,0.0,0.0,38.22,38.22,0.0,0.0,0.0,0.0
145.0,35.18146572729783,38.22,35.18146572729783,38.22,0.0,0.0,0.0,0.0,3.038534272702173,38.22,35.18146572729783,0.0,0.0,0.0
146.0,67.96537270540138,38.22,67.96537270540138,38.22,0.0,0.0,0.0,0.0,-29.745372705401373,38.22,67.96537270540138,0.0,0.0,0.0
147.0,96.11755185172082,38.22,96.11755185172082,38.22,0.0,0.0,0.0,0.0,-57.89755185172082,38.22,96.11755185172082,0.0,0.0,0.0
148.0,115.69169559217582,38.22,115.69169559217582,38.22,0.0,0.0,0.0,0.0,-77.47169559217582,38.22,115.69169559217582,0.0,0.0,0.0
149.0,126.12712049093659,38.22,126.12712049093659,38.22,0.0,0.0,0.0,0.0,-87.90712049093659,38.22,126.12712049093659,0.0,0.0,0.0
150.0,129.55958932391943,38.22,129.55958932391943,38.22,0.0,0.0,0.0,0.0,-91.33958932391944,38.22,129.55958932391943,0.0,0.0,0.0
151.0,126.1271204909366,38.22,126.1271204909366,38.22,0.0,0.0,0.0,0.0,-87.9071204909366,38.22,126.1271204909366,0.0,0.0,0.0
152.0,115.69169559217583,38.22,115.69169559217583,38.22,0.0,0.0,0.0,0.0,-77.47169559217583,38.22,115.69169559217583,0.0,0.0,0.0
153.0,96.11755185172082,38.22,96.11755185172082,38.22,0.0,0.0,0.0,0.0,-57.89755185172082,38.22,96.11755185172082,0.0,0.0,0.0
154.0,67.96537270540142,38.22,67.96537270540142,38.22,0.0,0.0,0.0,0.0,-29.745372705401426,38.22,67.96537270540142,0.0,0.0,0.0
155.0,35.18146572729786,38.22,35.18146572729786,38.22,0.0,0.0,0.0,0.0,3.0385342727021336,38.22,35.18146572729786,0.0,0.0,0.0
156.0,1.664671522730534e-14,38.22,1.664671522730534e-14,38.22,0.0,0.0,0.0,0.0,38.219999999999985,38.22,1.664671522730534e-14,0.0,0.0,0.0
157.0,0.0,38.22,0.0,38.22,0.0,0.0,0.0,0.0,38.22,38.22,0.0,0.0,0.0,0.0
158.0,0.0,38.22,0.0,38.22,0.0,0.0,0.0,0.0,38.22,38.22,0.0,0.0,0.0,0.0
159.0,0.0,38.22,0.0,38.22,0.0,0.0,0.0,0.0,38.22,38.22,0.0,0.0,0.0,0.0
160.0,0.0,38.22,0.0,38.22,0.0,0.0,0.0,0.0,38.22,38.22,0.0,0.0,0.0,0.0
161.0,0.0,38.22,0.0,38.22,0.0,0.0,0.0,0.0,38.22,38.22,0.0,0.0,0.0,0.0
162.0,0.0,124.12795955100202,0.0,124.12795955100202,0.0,0.0,0.0,0.0,124.12795955100202,124.12795955100202,0.0,0.0,0.0,0.0
163.0,0.0,125.03681389648918,0.0,125.03681389648918,0.0,0.0,0.0,0.0,125.03681389648918,125.03681389648918,0.0,0.0,0.0,0.0
164.0,0.0,104.703195314601,0.0,104.703195314601,0.0,0.0,0.0,0.0,104.703195314601,104.703195314601,0.0,0.0,0.0,0.0
165.0,0.0,111.24506433499893,0.0,111.24506433499893,0.0,0.0,0.0,0.0,111.24506433499893,111.24506433499893,0.0,0.0,0.0,0.0
166.0,0.0,38.22,0.0,38.22,0.0,0.0,0.0,0.0,38.22,38.22,0.0,0.0,0.0,0.0
167.0,0.0,38.22,0.0,38.22,0.0,0.0,0.0,0.0,38.22,38.22,0.0,0.0,0.0,0.0
168.0,0.0,38.22,0.0,38.22,0.0,0.0,0.0,0.0,38.22,38.22,0.0,0.0,0.0,0.0
169.0,33.4703962633229,38.22,33.4703962633229,38.22,0.0,0.0,0.0,0.0,4.749603736677104,38.22,33.4703962633229,0.0,0.0,0.0
170.0,64.65984033374542,38.22,64.65984033374542,38.22,0.0,0.0,0.0,0.0,-26.43984033374542,38.22,64.65984033374542,0.0,0.0,0.0
171.0,91.44282314086166,38.22,91.44282314086166,38.22,0.0,0.0,0.0,0.0,-53.222823140861664,38.22,91.44282314086166,0.0,0.0,0.0
172.0,110.60247100102472,38.22,110.60247100102472,38.22,0.0,0.0,0.0,0.0,-72.38247100102473,38.22,110.60247100102472,0.0,0.0,0.0
173.0,120.59521276446776,38.22,120.59521276446776,38.22,0.0,0.0,0.0,0.0,-82.37521276446776,38.22,120.59521276446776,0.0,0.0,0.0
174.0,123.5794087517765,38.22,123.5794087517765,38.22,0.0,0.0,0.0,0.0,-85.3594087517765,38.22,123.5794087517765,0.0,0.0,0.0
175.0,120.59521276446777,38.22,120.59521276446777,38.22,0.0,0.0,0.0,0.0,-82.37521276446778,38.22,120.59521276446777,0.0,0.0,0.0
176.0,110.60247100102474,38.22,110.60247100102474,38.22,0.0,0.0,0.0,0.0,-72.38247100102474,38.22,110.60247100102474,0.0,0.0,0.0
177.0,91.44282314086166,38.22,91.44282314086166,38.22,0.0,0.0,0.0,0.0,-53.222823140861664,38.22,91.44282314086166,0.0,0.0,0.0
178.0,64.65984033374546,38.22,64.65984033374546,38.22,0.0,0.0,0.0,0.0,-26.43984033374547,38.22,64.65984033374546,0.0,0.0,0.0
179.0,33.47039626332293,38.22,33.47039626332293,38.22,0.0,0.0,0.0,0.0,4.7496037366770665,38.22,33.47039626332293,0.0,0.0,0.0
180.0,1.5837093299620054e-14,38.22,1.5837093299620054e-14,38.22,0.0,0.0,0.0,0.0,38.219999999999985,38.22,1.5837093299620054e-14,0.0,0.0,0.0
181.0,0.0,38.22,0.0,38.22,0.0,0.0,0.0,0.0,38.22,38.22,0.0,0.0,0.0,0.0
182.0,0.0,38.22,0.0,38.22,0.0,0.0,0.0,0.0,38.22,38.22,0.0,0.0,0.0,0.0
183.0,0.0,38.22,0.0,38.22,0.0,0.0,0.0,0.0,38.22,38.22,0.0,0.0,0.0,0.0
184.0,0.0,38.22,0.0,38.22,0.0,0.0,0.0,0.0,38.22,38.22,0.0,0.0,0.0,0.0
185.0,0.0,38.22,0.0,38.22,0.0,0.0,0.0,0.0,38.22,38.22,0.0,0.0,0.0,0.0
186.0,0.0,109.09803831829835,0.0,109.09803831829835,0.0,0.0,0.0,0.0,109.09803831829835,109.09803831829835,0.0,0.0,0.0,0.0
187.0,0.0,110.23902400675195,0.0,110.23902400675195,0.0,0.0,0.0,0.0,110.23902400675195,110.23902400675195,0.0,0.0,0.0,0.0
188.0,0.0,123.42362444198814,0.0,123.42362444198814,0.0,0.0,0.0,0.0,123.42362444198814,123.42362444198814,0.0,0.0,0.0,0.0
189.0,0.0,110.87448831731632,0.0,110.87448831731632,0.0,0.0,0.0,0.0,110.87448831731632,110.87448831731632,0.0,0.0,0.0,0.0
190.0,0.0,38.22,0.0,38.22,0.0,0.0,0.0,0.0,38.22,38.22,0.0,0.0,0.0,0.0
191.0,0.0,38.22,0.0,38.22,0.0,0.0,0.0,0.0,38.22,38.22,0.0,0.0,0.0,0.0
192.0,0.0,38.22,0.0,38.22,0.0,0.0,0.0,0.0,38.22,38.22,0.0,0.0,0.0,0.0
193.0,36.690858747523485,38.22,36.690858747523485,38.22,0.0,0.0,0.0,0.0,1.5291412524765136,38.22,36.690858747523485,0.0,0.0,0.0
194.0,70.88129610591422,38.22,70.88129610591422,38.22,0.0,0.0,0.0,0.0,-32.66129610591422,38.22,70.88129610591422,0.0,0.0,0.0
195.0,98.42487256983755,38.22,98.42487256983755,38.22,0.0,0.0,0.0,0.0,-60.20487256983755,38.22,98.42487256983755,0.0,0.0,0.0
196.0,116.62765493382578,38.22,116.62765493382578,38.22,0.0,0.0,0.0,0.0,-78.40765493382578,38.22,116.62765493382578,0.0,0.0,0.0
197.0,127.38688946429632,38.22,127.38688946429632,38.22,0.0,0.0,0.0,0.0,-89.16688946429632,38.22,127.38688946429632,0.0,0.0,0.0
198.0,129.82954235891813,38.22,129.82954235891813,38.22,0.0,0.0,0.0,0.0,-91.60954235891813,38.22,129.82954235891813,0.0,0.0,0.0
199.0,126.44556192731721,38.22,126.44556192731721,38.22,0.0,0.0,0.0,0.0,-88.22556192731722,38.22,126.44556192731721,0.0,0.0,0.0
200.0,115.78368375289395,38.22,115.78368375289395,38.22,0.0,0.0,0.0,0.0,-77.56368375289395,38.22,115.78368375289395,0.0,0.0,0.0
201.0,97.73577298620516,38.22,97.73577298620516,38.22,0.0,0.0,0.0,0.0,-59.515772986205164,38.22,97.73577298620516,0.0,0.0,0.0
202.0,70.39402911741499,38.22,70.39402911741499,38.22,0.0,0.0,0.0,0.0,-32.17402911741499,38.22,70.39402911741499,0.0,0.0,0.0
203.0,36.438630794176795,38.22,36.438630794176795,38.22,0.0,0.0,0.0,0.0,1.7813692058232036,38.22,36.438630794176795,0.0,0.0,0.0
204.0,1.724156448754556e-14,38.22,1.724156448754556e-14,38.22,0.0,0.0,0.0,0.0,38.219999999999985,38.22,1.724156448754556e-14,0.0,0.0,0.0
205.0,0.0,38.22,0.0,38.22,0.0,0.0,0.0,0.0,38.22,38.22,0.0,0.0,0.0,0.0
206.0,0.0,38.22,0.0,38.22,0.0,0.0,0.0,0.0,38.22,38.22,0.0,0.0,0.0,0.0
207.0,0.0,38.22,0.0,38.22,0.0,0.0,0.0,0.0,38.22,38.22,0.0,0.0,0.0,0.0
208.0,0.0,38.22,0.0,38.22,0.0,0.0,0.0,0.0,38.22,38.22,0.0,0.0,0.0,0.0
209.0,0.0,38.22,0.0,38.22,0.0,0.0,0.0,0.0,38.22,38.22,0.0,0.0,0.0,0.0
210.0,0.0,118.13334837718293,0.0,118.13334837718293,0.0,0.0,0.0,0.0,118.13334837718293,118.13334837718293,0.0,0.0,0.0,0.0
211.0,0.0,113.46469136371081,0.0,113.46469136371081,0.0,0.0,0.0,0.0,113.46469136371081,113.46469136371081,0.0,0.0,0.0,0.0
212.0,0.0,111.44627254377187,0.0,111.44627254377187,0.0,0.0,0.0,0.0,111.44627254377187,111.44627254377187,0.0,0.0,0.0,0.0
213.0,0.0,113.28697348447334,0.0,113.28697348447334,0.0,0.0,0.0,0.0,113.28697348447334,113.28697348447334,0.0,0.0,0.0,0.0
214.0,0.0,38.22,0.0,38.22,0.0,0.0,0.0,0.0,38.22,38.22,0.0,0.0,0.0,0.0
215.0,0.0,38.22,0.0,38.22,0.0,0.0,0.0,0.0,38.22,38.22,0.0,0.0,0.0,0.0
216.0,0.0,38.22,0.0,38.22,0.0,0.0,0.0,0.0,38.22,38.22,0.0,0.0,0.0,0.0
217.0,40.41207042206227,38.22,40.41207042206227,38.22,0.0,0.0,0.0,0.0,-2.192070422062275,38.22,40.41207042206227,0.0,0.0,0.0
218.0,78.07012502896504,38.22,78.07012502896504,38.22,0.0,0.0,0.0,0.0,-39.85012502896504,38.22,78.07012502896504,0.0,0.0,0.0
219.0,107.8611088578454,38.22,107.8611088578454,38.22,0.0,0.0,0.0,0.0,-69.6411088578454,38.22,107.8611088578454,0.0,0.0,0.0
220.0,125.20241529054061,38.22,125.20241529054061,38.22,0.0,0.0,0.0,0.0,-86.98241529054062,38.22,125.20241529054061,0.0,0.0,0.0
221.0,134.45990833210487,38.22,134.45990833210487,38.22,0.0,0.0,0.0,0.0,-96.23990833210486,38.22,134.45990833210487,0.0,0.0,0.0
222.0,137.26550054772144,38.22,137.26550054772144,38.22,0.0,0.0,0.0,0.0,-99.04550054772146,38.22,137.26550054772144,0.0,0.0,0.0
223.0,134.45990833210487,38.22,134.45990833210487,38.22,0.0,0.0,0.0,0.0,-96.23990833210487,38.22,134.45990833210487,0.0,0.0,0.0
224.0,125.20241529054063,38.22,125.20241529054063,38.22,0.0,0.0,0.0,0.0,-86.98241529054063,38.22,125.20241529054063,0.0,0.0,0.0
225.0,107.8611088578454,38.22,107.8611088578454,38.22,0.0,0.0,0.0,0.0,-69.6411088578454,38.22,107.8611088578454,0.0,0.0,0.0
226.0,78.0701250289651,38.22,78.0701250289651,38.22,0.0,0.0,0.0,0.0,-39.850125028965095,38.22,78.0701250289651,0.0,0.0,0.0
227.0,40.41207042206232,38.22,40.41207042206232,38.22,0.0,0.0,0.0,0.0,-2.1920704220623204,38.22,40.41207042206232,0.0,0.0,0.0
228.0,1.912166574515114e-14,38.22,1.912166574515114e-14,38.22,0.0,0.0,0.0,0.0,38.21999999999998,38.22,1.912166574515114e-14,0.0,0.0,0.0
229.0,0.0,38.22,0.0,38.22,0.0,0.0,0.0,0.0,38.22,38.22,0.0,0.0,0.0,0.0
230.0,0.0,38.22,0.0,38.22,0.0,0.0,0.0,0.0,38.22,38.22,0.0,0.0,0.0,0.0
231.0,0.0,38.22,0.0,38.22,0.0,0.0,0.0,0.0,38.22,38.22,0.0,0.0,0.0,0.0
232.0,0.0,38.22,0.0,38.22,0.0,0.0,0.0,0.0,38.22,38.22,0.0,0.0,0.0,0.0
233.0,0.0,38.22,0.0,38.22,0.0,0.0,0.0,0.0,38.22,38.22,0.0,0.0,0.0,0.0
234.0,0.0,113.99164999609722,0.0,113.99164999609722,0.0,0.0,0.0,0.0,113.99164999609722,113.99164999609722,0.0,0.0,0.0,0.0
235.0,0.0,109.52603131842135,0.0,109.52603131842135,0.0,0.0,0.0,0.0,109.52603131842135,109.52603131842135,0.0,0.0,0.0,0.0
236.0,0.0,114.6451430462635,0.0,114.6451430462635,0.0,0.0,0.0,0.0,114.6451430462635,114.6451430462635,0.0,0.0,0.0,0.0
237.0,0.0,120.55596337076861,0.0,120.55596337076861,0.0,0.0,0.0,0.0,120.55596337076861,120.55596337076861,0.0,0.0,0.0,0.0
238.0,0.0,38.22,0.0,38.22,0.0,0.0,0.0,0.0,38.22,38.22,0.0,0.0,0.0,0.0
239.0,0.0,38.22,0.0,38.22,0.0,0.0,0.0,0.0,38.22,38.22,0.0,0.0,0.0,0.0
240.0,0.0,38.22,0.0,38.22,0.0,0.0,0.0,0.0,38.22,38.22,0.0,0.0,0.0,0.0
241.0,36.54131756020093,38.22,36.54131756020093,38.22,0.0,0.0,0.0,0.0,1.67868243979907,38.22,36.54131756020093,0.0,0.0,0.0
242.0,70.59240471605665,38.22,70.59240471605665,38.22,0.0,0.0,0.0,0.0,-32.37240471605664,38.22,70.59240471605665,0.0,0.0,0.0
243.0,99.6635419994056,38.22,99.6635419994056,38.22,0.0,0.0,0.0,0.0,-61.443541999405596,38.22,99.6635419994056,0.0,0.0,0.0
244.0,118.96164851290932,38.22,118.96164851290932,38.22,0.0,0.0,0.0,0.0,-80.74164851290932,38.22,118.96164851290932,0.0,0.0,0.0
245.0,129.08530342904294,38.22,129.08530342904294,38.22,0.0,0.0,0.0,0.0,-90.86530342904295,38.22,129.08530342904294,0.0,0.0,0.0
246.0,132.2728176514242,38.22,132.2728176514242,38.22,0.0,0.0,0.0,0.0,-94.05281765142419,38.22,132.2728176514242,0.0,0.0,0.0
247.0,129.08530342904297,38.22,129.08530342904297,38.22,0.0,0.0,0.0,0.0,-90.86530342904295,38.22,129.08530342904297,0.0,0.0,0.0
248.0,118.96164851290933,38.22,118.96164851290933,38.22,0.0,0.0,0.0,0.0,-80.74164851290934,38.22,118.96164851290933,0.0,0.0,0.0
249.0,99.6635419994056,38.22,99.6635419994056,38.22,0.0,0.0,0.0,0.0,-61.443541999405596,38.22,99.6635419994056,0.0,0.0,0.0
250.0,70.59240471605669,38.22,70.59240471605669,38.22,0.0,0.0,0.0,0.0,-32.3724047160567,38.22,70.59240471605669,0.0,0.0,0.0
251.0,36.54131756020097,38.22,36.54131756020097,38.22,0.0,0.0,0.0,0.0,1.6786824397990292,38.22,36.54131756020097,0.0,0.0,0.0
252.0,1.729015249592666e-14,38.22,1.729015249592666e-14,38.22,0.0,0.0,0.0,0.0,38.219999999999985,38.22,1.729015249592666e-14,0.0,0.0,0.0
253.0,0.0,38.22,0.0,38.22,0.0,0.0,0.0,0.0,38.22,38.22,0.0,0.0,0.0,0.0
254.0,0.0,38.22,0.0,38.22,0.0,0.0,0.0,0.0,38.22,38.22,0.0,0.0,0.0,0.0
255.0,0.0,38.22,0.0,38.22,0.0,0.0,0.0,0.0,38.22,38.22,0.0,0.0,0.0,0.0
256.0,0.0,38.22,0.0,38.22,0.0,0.0,0.0,0.0,38.22,38.22,0.0,0.0,0.0,0.0
257.0,0.0,38.22,0.0,38.22,0.0,0.0,0.0,0.0,38.22,38.22,0.0,0.0,0.0,0.0
258.0,0.0,122.9208893968185,0.0,122.9208893968185,0.0,0.0,0.0,0.0,122.9208893968185,122.9208893968185,0.0,0.0,0.0,0.0
259.0,0.0,119.97631680296874,0.0,119.97631680296874,0.0,0.0,0.0,0.0,119.97631680296874,119.97631680296874,0.0,0.0,0.0,0.0
260.0,0.0,114.15049114770264,0.0,114.15049114770264,0.0,0.0,0.0,0.0,114.15049114770264,114.15049114770264,0.0,0.0,0.0,0.0
261.0,0.0,113.5894890480021,0.0,113.5894890480021,0.0,0.0,0.0,0.0,113.5894890480021,113.5894890480021,0.0,0.0,0.0,0.0
262.0,0.0,38.22,0.0,38.22,0.0,0.0,0.0,0.0,38.22,38.22,0.0,0.0,0.0,0.0
263.0,0.0,38.22,0.0,38.22,0.0,0.0,0.0,0.0,38.22,38.22,0.0,0.0,0.0,0.0
264.0,0.0,38.22,0.0,38.22,0.0,0.0,0.0,0.0,38.22,38.22,0.0,0.0,0.0,0.0
265.0,36.949786641164074,38.22,36.949786641164074,38.22,0.0,0.0,0.0,0.0,1.270213358835925,38.22,36.949786641164074,0.0,0.0,0.0
266.0,71.38150638514236,38.22,71.38150638514236,38.22,0.0,0.0,0.0,0.0,-33.16150638514237,38.22,71.38150638514236,0.0,0.0,0.0
267.0,100.03249812307591,38.22,100.03249812307591,38.22,0.0,0.0,0.0,0.0,-61.812498123075905,38.22,100.03249812307591,0.0,0.0,0.0
268.0,117.87169913555341,38.22,117.87169913555341,38.22,0.0,0.0,0.0,0.0,-79.65169913555341,38.22,117.87169913555341,0.0,0.0,0.0
269.0,126.88051929239334,38.22,126.88051929239334,38.22,0.0,0.0,0.0,0.0,-88.66051929239335,38.22,126.88051929239334,0.0,0.0,0.0
270.0,129.52768879971657,38.22,129.52768879971657,38.22,0.0,0.0,0.0,0.0,-91.30768879971657,38.22,129.52768879971657,0.0,0.0,0.0
271.0,126.88051929239336,38.22,126.88051929239336,38.22,0.0,0.0,0.0,0.0,-88.66051929239336,38.22,126.88051929239336,0.0,0.0,0.0
272.0,117.87169913555343,38.22,117.87169913555343,38.22,0.0,0.0,0.0,0.0,-79.65169913555343,38.22,117.87169913555343,0.0,0.0,0.0
273.0,100.03249812307591,38.22,100.03249812307591,38.22,0.0,0.0,0.0,0.0,-61.812498123075905,38.22,100.03249812307591,0.0,0.0,0.0
274.0,71.38150638514242,38.22,71.38150638514242,38.22,0.0,0.0,0.0,0.0,-33.161506385142424,38.22,71.38150638514242,0.0,0.0,0.0
275.0,36.94978664116412,38.22,36.94978664116412,38.22,0.0,0.0,0.0,0.0,1.2702133588358842,38.22,36.94978664116412,0.0,0.0,0.0
276.0,1.7483426662576193e-14,38.22,1.7483426662576193e-14,38.22,0.0,0.0,0.0,0.0,38.219999999999985,38.22,1.7483426662576193e-14,0.0,0.0,0.0
277.0,0.0,38.22,0.0,38.22,0.0,0.0,0.0,0.0,38.22,38.22,0.0,0.0,0.0,0.0
278.0,0.0,38.22,0.0,38.22,0.0,0.0,0.0,0.0,38.22,38.22,0.0,0.0,0.0,0.0
279.0,0.0,38.22,0.0,38.22,0.0,0.0,0.0,0.0,38.22,38.22,0.0,0.0,0.0,0.0
280.0,0.0,38.22,0.0,38.22,0.0,0.0,0.0,0.0,38.22,38.22,0.0,0.0,0.0,0.0
281.0,0.0,38.22,0.0,38.22,0.0,0.0,0.0,0.0,38.22,38.22,0.0,0.0,0.0,0.0
282.0,0.0,109.93802825652453,0.0,109.93802825652453,0.0,0.0,0.0,0.0,109.93802825652453,109.93802825652453,0.0,0.0,0.0,0.0
283.0,0.0,110.98013318346945,0.0,110.98013318346945,0.0,0.0,0.0,0.0,110.98013318346945,110.98013318346945,0.0,0.0,0.0,0.0
284.0,0.0,103.59719067529294,0.0,103.59719067529294,0.0,0.0,0.0,0.0,103.59719067529294,103.59719067529294,0.0,0.0,0.0,0.0
285.0,0.0,110.25932978666151,0.0,110.25932978666151,0.0,0.0,0.0,0.0,110.25932978666151,110.25932978666151,0.0,0.0,0.0,0.0
286.0,0.0,38.22,0.0,38.22,0.0,0.0,0.0,0.0,38.22,38.22,0.0,0.0,0.0,0.0
287.0,0.0,38.22,0.0,38.22,0.0,0.0,0.0,0.0,38.22,38.22,0.0,0.0,0.0,0.0
288.0,0.0,38.22,0.0,38.22,0.0,0.0,0.0,0.0,38.22,38.22,0.0,0.0,0.0,0.0
289.0,39.86309625912925,38.22,39.86309625912925,38.22,0.0,0.0,0.0,0.0,-1.643096259129253,38.22,39.86309625912925,0.0,0.0,0.0
290.0,77.00958838508018,38.22,77.00958838508018,38.22,0.0,0.0,0.0,0.0,-38.78958838508017,38.22,77.00958838508018,0.0,0.0,0.0
291.0,107.08727242589639,38.22,107.08727242589639,38.22,0.0,0.0,0.0,0.0,-68.86727242589639,38.22,107.08727242589639,0.0,0.0,0.0
292.0,125.23345897617143,38.22,125.23345897617143,38.22,0.0,0.0,0.0,0.0,-87.01345897617144,38.22,125.23345897617143,0.0,0.0,0.0
293.0,135.6633935407973,38.22,135.6633935407973,38.22,0.0,0.0,0.0,0.0,-97.4433935407973,38.22,135.6633935407973,0.0,0.0,0.0
294.0,138.7114374543309,38.22,138.7114374543309,38.22,0.0,0.0,0.0,0.0,-100.4914374543309,38.22,138.7114374543309,0.0,0.0,0.0
295.0,135.6633935407973,38.22,135.6633935407973,38.22,0.0,0.0,0.0,0.0,-97.4433935407973,38.22,135.6633935407973,0.0,0.0,0.0
296.0,125.23345897617143,38.22,125.23345897617143,38.22,0.0,0.0,0.0,0.0,-87.01345897617145,38.22,125.23345897617143,0.0,0.0,0.0
297.0,107.08727242589639,38.22,107.08727242589639,38.22,0.0,0.0,0.0,0.0,-68.86727242589639,38.22,107.08727242589639,0.0,0.0,0.0
298.0,77.00958838508024,38.22,77.00958838508024,38.22,0.0,0.0,0.0,0.0,-38.789588385080236,38.22,77.00958838508024,0.0,0.0,0.0
299.0,39.8630962591293,38.22,39.8630962591293,38.22,0.0,0.0,0.0,0.0,-1.6430962591292977,38.22,39.8630962591293,0.0,0.0,0.0
300.0,1.886190918388873e-14,38.22,1.886190918388873e-14,38.22,0.0,0.0,0.0,0.0,38.21999999999998,38.22,1.886190918388873e-14,0.0,0.0,0.0
301.0,0.0,38.22,0.0,38.22,0.0,0.0,0.0,0.0,38.22,38.22,0.0,0.0,0.0,0.0
302.0,0.0,38.22,0.0,38.22,0.0,0.0,0.0,0.0,38.22,38.22,0.0,0.0,0.0,0.0
303.0,0.0,38.22,0.0,38.22,0.0,0.0,0.0,0.0,38.22,38.22,0.0,0.0,0.0,0.0
304.0,0.0,38.22,0.0,38.22,0.0,0.0,0.0,0.0,38.22,38.22,0.0,0.0,0.0,0.0
305.0,0.0,38.22,0.0,38.22,0.0,0.0,0.0,0.0,38.22,38.22,0.0,0.0,0.0,0.0
306.0,0.0,106.13218334332466,0.0,106.13218334332466,0.0,0.0,0.0,0.0,106.13218334332466,106.13218334332466,0.0,0.0,0.0,0.0
307.0,0.0,119.41857679237772,0.0,119.41857679237772,0.0,0.0,0.0,0.0,119.41857679237772,119.41857679237772,0.0,0.0,0.0,0.0
308.0,0.0,102.51940397527343,0.0,102.51940397527343,0.0,0.0,0.0,0.0,102.51940397527343,102.51940397527343,0.0,0.0,0.0,0.0
309.0,0.0,112.9895911363311,0.0,112.9895911363311,0.0,0.0,0.0,0.0,112.9895911363311,112.9895911363311,0.0,0.0,0.0,0.0
310.0,0.0,38.22,0.0,38.22,0.0,0.0,0.0,0.0,38.22,38.22,0.0,0.0,0.0,0.0
311.0,0.0,38.22,0.0,38.22,0.0,0.0,0.0,0.0,38.22,38.22,0.0,0.0,0.0,0.0
312.0,0.0,38.22,0.0,38.22,0.0,0.0,0.0,0.0,38.22,38.22,0.0,0.0,0.0,0.0
313.0,35.28029412241366,38.22,35.28029412241366,38.22,0.0,0.0,0.0,0.0,2.939705877586344,38.22,35.28029412241366,0.0,0.0,0.0
314.0,68.15629450382754,38.22,68.15629450382754,38.22,0.0,0.0,0.0,0.0,-29.936294503827536,38.22,68.15629450382754,0.0,0.0,0.0
315.0,95.90847515994965,38.22,95.90847515994965,38.22,0.0,0.0,0.0,0.0,-57.68847515994965,38.22,95.90847515994965,0.0,0.0,0.0
316.0,114.14810791642233,38.22,114.14810791642233,38.22,0.0,0.0,0.0,0.0,-75.92810791642233,38.22,114.14810791642233,0.0,0.0,0.0
317.0,123.50837170254307,38.22,123.50837170254307,38.22,0.0,0.0,0.0,0.0,-85.28837170254307,38.22,123.50837170254307,0.0,0.0,0.0
318.0,126.07895111620029,38.22,126.07895111620029,38.22,0.0,0.0,0.0,0.0,-87.85895111620029,38.22,126.07895111620029,0.0,0.0,0.0
319.0,123.50837170254309,38.22,123.50837170254309,38.22,0.0,0.0,0.0,0.0,-85.28837170254309,38.22,123.50837170254309,0.0,0.0,0.0
320.0,114.14810791642233,38.22,114.14810791642233,38.22,0.0,0.0,0.0,0.0,-75.92810791642233,38.22,114.14810791642233,0.0,0.0,0.0
321.0,95.90847515994965,38.22,95.90847515994965,38.22,0.0,0.0,0.0,0.0,-57.68847515994965,38.22,95.90847515994965,0.0,0.0,0.0
322.0,68.15629450382758,38.22,68.15629450382758,38.22,0.0,0.0,0.0,0.0,-29.93629450382759,38.22,68.15629450382758,0.0,0.0,0.0
323.0,35.28029412241369,38.22,35.28029412241369,38.22,0.0,0.0,0.0,0.0,2.939705877586305,38.22,35.28029412241369,0.0,0.0,0.0
324.0,1.669347758117135e-14,38.22,1.669347758117135e-14,38.22,0.0,0.0,0.0,0.0,38.219999999999985,38.22,1.669347758117135e-14,0.0,0.0,0.0
325.0,0.0,38.22,0.0,38.22,0.0,0.0,0.0,0.0,38.22,38.22,0.0,0.0,0.0,0.0
326.0,0.0,38.22,0.0,38.22,0.0,0.0,0.0,0.0,38.22,38.22,0.0,0.0,0.0,0.0
327.0,0.0,38.22,0.0,38.22,0.0,0.0,0.0,0.0,38.22,38.22,0.0,0.0,0.0,0.0
328.0,0.0,38.22,0.0,38.22,0.0,0.0,0.0,0.0,38.22,38.22,0.0,0.0,0.0,0.0
329.0,0.0,38.22,0.0,38.22,0.0,0.0,0.0,0.0,38.22,38.22,0.0,0.0,0.0,0.0
330.0,0.0,119.98911177804435,0.0,119.98911177804435,0.0,0.0,0.0,0.0,119.98911177804435,119.98911177804435,0.0,0.0,0.0,0.0
331.0,0.0,120.95849765648127,0.0,120.95849765648127,0.0,0.0,0.0,0.0,120.95849765648127,120.95849765648127,0.0,0.0,0.0,0.0
332.0,0.0,118.88444310735125,0.0,118.88444310735125,0.0,0.0,0.0,0.0,118.88444310735125,118.88444310735125,0.0,0.0,0.0,0.0
333.0,0.0,108.24834593410114,0.0,108.24834593410114,0.0,0.0,0.0,0.0,108.24834593410114,108.24834593410114,0.0,0.0,0.0,0.0
334.0,0.0,38.22,0.0,38.22,0.0,0.0,0.0,0.0,38.22,38.22,0.0,0.0,0.0,0.0
335.0,0.0,38.22,0.0,38.22,0.0,0.0,0.0,0.0,38.22,38.22,0.0,0.0,0.0,0.0
336.0,0.0,38.22,0.0,38.22,0.0,0.0,0.0,0.0,38.22,38.22,0.0,0.0,0.0,0.0
337.0,37.418289184998365,38.22,37.418289184998365,38.22,0.0,0.0,0.0,0.0,0.8017108150016323,38.22,37.418289184998365,0.0,0.0,0.0
338.0,72.28658379868571,38.22,72.28658379868571,38.22,0.0,0.0,0.0,0.0,-34.066583798685706,38.22,72.28658379868571,0.0,0.0,0.0
339.0,100.49726693300039,38.22,100.49726693300039,38.22,0.0,0.0,0.0,0.0,-62.277266933000384,38.22,100.49726693300039,0.0,0.0,0.0
340.0,118.66805357109939,38.22,118.66805357109939,38.22,0.0,0.0,0.0,0.0,-80.4480535710994,38.22,118.66805357109939,0.0,0.0,0.0
341.0,128.32722596431572,38.22,128.32722596431572,38.22,0.0,0.0,0.0,0.0,-90.1072259643157,38.22,128.32722596431572,0.0,0.0,0.0
342.0,130.90746505867034,38.22,130.90746505867034,38.22,0.0,0.0,0.0,0.0,-92.68746505867033,38.22,130.90746505867034,0.0,0.0,0.0
343.0,128.32722596431572,38.22,128.32722596431572,38.22,0.0,0.0,0.0,0.0,-90.10722596431572,38.22,128.32722596431572,0.0,0.0,0.0
344.0,118.6680535710994,38.22,118.6680535710994,38.22,0.0,0.0,0.0,0.0,-80.44805357109941,38.22,118.6680535710994,0.0,0.0,0.0
345.0,100.49726693300039,38.22,100.49726693300039,38.22,0.0,0.0,0.0,0.0,-62.277266933000384,38.22,100.49726693300039,0.0,0.0,0.0
346.0,72.28658379868575,38.22,72.28658379868575,38.22,0.0,0.0,0.0,0.0,-34.06658379868576,38.22,72.28658379868575,0.0,0.0,0.0
347.0,37.41828918499841,38.22,37.41828918499841,38.22,0.0,0.0,0.0,0.0,0.8017108150015904,38.22,37.41828918499841,0.0,0.0,0.0
348.0,1.7705106694071475e-14,38.22,1.7705106694071475e-14,38.22,0.0,0.0,0.0,0.0,38.219999999999985,38.22,1.7705106694071475e-14,0.0,0.0,0.0
349.0,0.0,38.22,0.0,38.22,0.0,0.0,0.0,0.0,38.22,38.22,0.0,0.0,0.0,0.0
350.0,0.0,38.22,0.0,38.22,0.0,0.0,0.0,0.0,38.22,38.22,0.0,0.0,0.0,0.0
351.0,0.0,38.22,0.0,38.22,0.0,0.0,0.0,0.0,38.22,38.22,0.0,0.0,0.0,0.0
352.0,0.0,38.22,0.0,38.22,0.0,0.0,0.0,0.0,38.22,38.22,0.0,0.0,0.0,0.0
353.0,0.0,38.22,0.0,38.22,0.0,0.0,0.0,0.0,38.22,38.22,0.0,0.0,0.0,0.0
354.0,0.0,109.52109786792973,0.0,109.52109786792973,0.0,0.0,0.0,0.0,109.52109786792973,109.52109786792973,0.0,0.0,0.0,0.0
355.0,0.0,106.75189758312656,0.0,106.75189758312656,0.0,0.0,0.0,0.0,106.75189758312656,106.75189758312656,0.0,0.0,0.0,0.0
356.0,0.0,111.63752609985254,0.0,111.63752609985254,0.0,0.0,0.0,0.0,111.63752609985254,111.63752609985254,0.0,0.0,0.0,0.0
357.0,0.0,118.80767414160604,0.0,118.80767414160604,0.0,0.0,0.0,0.0,118.80767414160604,118.80767414160604,0.0,0.0,0.0,0.0
358.0,0.0,38.22,0.0,38.22,0.0,0.0,0.0,0.0,38.22,38.22,0.0,0.0,0.0,0.0
359.0,0.0,38.22,0.0,38.22,0.0,0.0,0.0,0.0,38.22,38.22,0.0,0.0,0.0,0.0
360.0,0.0,38.22,0.0,38.22,0.0,0.0,0.0,0.0,38.22,38.22,0.0,0.0,0.0,0.0
361.0,34.64603158121936,38.22,34.64603158121936,38.22,0.0,0.0,0.0,0.0,3.573968418780638,38.22,34.64603158121936,0.0,0.0,0.0
362.0,66.93099336545293,38.22,66.93099336545293,38.22,0.0,0.0,0.0,0.0,-28.71099336545293,38.22,66.93099336545293,0.0,0.0,0.0
363.0,92.07803094231247,38.22,92.07803094231247,38.22,0.0,0.0,0.0,0.0,-53.858030942312475,38.22,92.07803094231247,0.0,0.0,0.0
364.0,106.49822030696828,38.22,106.49822030696828,38.22,0.0,0.0,0.0,0.0,-68.27822030696828,38.22,106.49822030696828,0.0,0.0,0.0
365.0,114.53619713871831,38.22,114.53619713871831,38.22,0.0,0.0,0.0,0.0,-76.31619713871831,38.22,114.53619713871831,0.0,0.0,0.0
366.0,117.1232755840775,38.22,117.1232755840775,38.22,0.0,0.0,0.0,0.0,-78.9032755840775,38.22,117.1232755840775,0.0,0.0,0.0
367.0,114.53619713871832,38.22,114.53619713871832,38.22,0.0,0.0,0.0,0.0,-76.31619713871832,38.22,114.53619713871832,0.0,0.0,0.0
368.0,106.49822030696829,38.22,106.49822030696829,38.22,0.0,0.0,0.0,0.0,-68.2782203069683,38.22,106.49822030696829,0.0,0.0,0.0
369.0,92.07803094231247,38.22,92.07803094231247,38.22,0.0,0.0,0.0,0.0,-53.858030942312475,38.22,92.07803094231247,0.0,0.0,0.0
370.0,66.93099336545298,38.22,66.93099336545298,38.22,0.0,0.0,0.0,0.0,-28.710993365452982,38.22,66.93099336545298,0.0,0.0,0.0
371.0,34.6460315812194,38.22,34.6460315812194,38.22,0.0,0.0,0.0,0.0,3.5739684187805993,38.22,34.6460315812194,0.0,0.0,0.0
372.0,1.6393365357750935e-14,38.22,1.6393365357750935e-14,38.22,0.0,0.0,0.0,0.0,38.219999999999985,38.22,1.6393365357750935e-14,0.0,0.0,0.0
373.0,0.0,38.22,0.0,38.22,0.0,0.0,0.0,0.0,38.22,38.22,0.0,0.0,0.0,0.0
374.0,0.0,38.22,0.0,38.22,0.0,0.0,0.0,0.0,38.22,38.22,0.0,0.0,0.0,0.0
375.0,0.0,38.22,0.0,38.22,0.0,0.0,0.0,0.0,38.22,38.22,0.0,0.0,0.0,0.0
376.0,0.0,38.22,0.0,38.22,0.0,0.0,0.0,0.0,38.22,38.22,0.0,0.0,0.0,0.0
377.0,0.0,38.22,0.0,38.22,0.0,0.0,0.0,0.0,38.22,38.22,0.0,0.0,0.0,0.0
378.0,0.0,109.32536188456314,0.0,109.32536188456314,0.0,0.0,0.0,0.0,109.32536188456314,109.32536188456314,0.0,0.0,0.0,0.0
379.0,0.0,113.77338916127988,0.0,113.77338916127988,0.0,0.0,0.0,0.0,113.77338916127988,113.77338916127988,0.0,0.0,0.0,0.0
380.0,0.0,111.92659594625528,0.0,111.92659594625528,0.0,0.0,0.0,0.0,111.92659594625528,111.92659594625528,0.0,0.0,0.0,0.0
381.0,0.0,100.68132224925364,0.0,100.68132224925364,0.0,0.0,0.0,0.0,100.68132224925364,100.68132224925364,0.0,0.0,0.0,0.0
382.0,0.0,38.22,0.0,38.22,0.0,0.0,0.0,0.0,38.22,38.22,0.0,0.0,0.0,0.0
383.0,0.0,38.22,0.0,38.22,0.0,0.0,0.0,0.0,38.22,38.22,0.0,0.0,0.0,0.0
384.0,0.0,38.22,0.0,38.22,0.0,0.0,0.0,0.0,38.22,38.22,0.0,0.0,0.0,0.0
385.0,37.64973993317103,38.22,37.64973993317103,38.22,0.0,0.0,0.0,0.0,0.5702600668289716,38.22,37.64973993317103,0.0,0.0,0.0
386.0,72.7337123090335,38.22,72.7337123090335,38.22,0.0,0.0,0.0,0.0,-34.51371230903351,38.22,72.7337123090335,0.0,0.0,0.0
387.0,101.63704548776184,38.22,101.63704548776184,38.22,0.0,0.0,0.0,0.0,-63.41704548776184,38.22,101.63704548776184,0.0,0.0,0.0
388.0,118.58385949285538,38.22,118.58385949285538,38.22,0.0,0.0,0.0,0.0,-80.3638594928554,38.22,118.58385949285538,0.0,0.0,0.0
389.0,126.79568057046997,38.22,126.79568057046997,38.22,0.0,0.0,0.0,0.0,-88.57568057046997,38.22,126.79568057046997,0.0,0.0,0.0
390.0,129.23700032639317,38.22,129.23700032639317,38.22,0.0,0.0,0.0,0.0,-91.01700032639319,38.22,129.23700032639317,0.0,0.0,0.0
391.0,126.79568057046997,38.22,126.79568057046997,38.22,0.0,0.0,0.0,0.0,-88.57568057046997,38.22,126.79568057046997,0.0,0.0,0.0
392.0,118.5838594928554,38.22,118.5838594928554,38.22,0.0,0.0,0.0,0.0,-80.3638594928554,38.22,118.5838594928554,0.0,0.0,0.0
393.0,101.63704548776184,38.22,101.63704548776184,38.22,0.0,0.0,0.0,0.0,-63.41704548776184,38.22,101.63704548776184,0.0,0.0,0.0
394.0,72.73371230903356,38.22,72.73371230903356,38.22,0.0,0.0,0.0,0.0,-34.513712309033565,38.22,72.73371230903356,0.0,0.0,0.0
395.0,37.64973993317107,38.22,37.64973993317107,38.22,0.0,0.0,0.0,0.0,0.5702600668289287,38.22,37.64973993317107,0.0,0.0,0.0
396.0,1.781462159387247e-14,38.22,1.781462159387247e-14,38.22,0.0,0.0,0.0,0.0,38.219999999999985,38.22,1.781462159387247e-14,0.0,0.0,0.0
397.0,0.0,38.22,0.0,38.22,0.0,0.0,0.0,0.0,38.22,38.22,0.0,0.0,0.0,0.0
398.0,0.0,38.22,0.0,38.22,0.0,0.0,0.0,0.0,38.22,38.22,0.0,0.0,0.0,0.0
399.0,0.0,38.22,0.0,38.22,0.0,0.0,0.0,0.0,38.22,38.22,0.0,0.0,0.0,0.0
400.0,0.0,38.22,0.0,38.22,0.0,0.0,0.0,0.0,38.22,38.22,0.0,0.0,0.0,0.0
401.0,0.0,38.22,0.0,38.22,0.0,0.0,0.0,0.0,38.22,38.22,0.0,0.0,0.0,0.0
402.0,0.0,114.09947646210628,0.0,114.09947646210628,0.0,0.0,0.0,0.0,114.09947646210628,114.09947646210628,0.0,0.0,0.0,0.0
403.0,0.0,107.52725869578616,0.0,107.52725869578616,0.0,0.0,0.0,0.0,107.52725869578616,107.52725869578616,0.0,0.0,0.0,0.0
404.0,0.0,104.0205299048338,0.0,104.0205299048338,0.0,0.0,0.0,0.0,104.0205299048338,104.0205299048338,0.0,0.0,0.0,0.0
405.0,0.0,117.65631747651855,0.0,117.65631747651855,0.0,0.0,0.0,0.0,117.65631747651855,117.65631747651855,0.0,0.0,0.0,0.0
406.0,0.0,38.22,0.0,38.22,0.0,0.0,0.0,0.0,38.22,38.22,0.0,0.0,0.0,0.0
407.0,0.0,38.22,0.0,38.22,0.0,0.0,0.0,0.0,38.22,38.22,0.0,0.0,0.0,0.0
408.0,0.0,38.22,0.0,38.22,0.0,0.0,0.0,0.0,38.22,38.22,0.0,0.0,0.0,0.0
409.0,38.35912287845557,38.22,38.35912287845557,38.22,0.0,0.0,0.0,0.0,-0.13912287845557098,38.22,38.35912287845557,0.0,0.0,0.0
410.0,74.1041349241922,38.22,74.1041349241922,38.22,0.0,0.0,0.0,0.0,-35.884134924192196,38.22,74.1041349241922,0.0,0.0,0.0
411.0,103.69429565080368,38.22,103.69429565080368,38.22,0.0,0.0,0.0,0.0,-65.47429565080368,38.22,103.69429565080368,0.0,0.0,0.0
412.0,121.16054849676705,38.22,121.16054849676705,38.22,0.0,0.0,0.0,0.0,-82.94054849676705,38.22,121.16054849676705,0.0,0.0,0.0
413.0,129.8896854203519,38.22,129.8896854203519,38.22,0.0,0.0,0.0,0.0,-91.6696854203519,38.22,129.8896854203519,0.0,0.0,0.0
414.0,132.50559413135184,38.22,132.50559413135184,38.22,0.0,0.0,0.0,0.0,-94.28559413135184,38.22,132.50559413135184,0.0,0.0,0.0
415.0,129.8896854203519,38.22,129.8896854203519,38.22,0.0,0.0,0.0,0.0,-91.66968542035191,38.22,129.8896854203519,0.0,0.0,0.0
416.0,121.16054849676705,38.22,121.16054849676705,38.22,0.0,0.0,0.0,0.0,-82.94054849676705,38.22,121.16054849676705,0.0,0.0,0.0
417.0,103.69429565080368,38.22,103.69429565080368,38.22,0.0,0.0,0.0,0.0,-65.47429565080368,38.22,103.69429565080368,0.0,0.0,0.0
418.0,74.10413492419225,38.22,74.10413492419225,38.22,0.0,0.0,0.0,0.0,-35.88413492419225,38.22,74.10413492419225,0.0,0.0,0.0
419.0,38.359122878455615,38.22,38.359122878455615,38.22,0.0,0.0,0.0,0.0,-0.13912287845561355,38.22,38.359122878455615,0.0,0.0,0.0
420.0,1.8150278327699116e-14,38.22,1.8150278327699116e-14,38.22,0.0,0.0,0.0,0.0,38.219999999999985,38.22,1.8150278327699116e-14,0.0,0.0,0.0
421.0,0.0,38.22,0.0,38.22,0.0,0.0,0.0,0.0,38.22,38.22,0.0,0.0,0.0,0.0
422.0,0.0,38.22,0.0,38.22,0.0,0.0,0.0,0.0,38.22,38.22,0.0,0.0,0.0,0.0
423.0,0.0,38.22,0.0,38.22,0.0,0.0,0.0,0.0,38.22,38.22,0.0,0.0,0.0,0.0
424.0,0.0,38.22,0.0,38.22,0.0,0.0,0.0,0.0,38.22,38.22,0.0,0.0,0.0,0.0
425.0,0.0,38.22,0.0,38.22,0.0,0.0,0.0,0.0,38.22,38.22,0.0,0.0,0.0,0.0
426.0,0.0,124.48752562995051,0.0,124.48752562995051,0.0,0.0,0.0,0.0,124.48752562995051,124.48752562995051,0.0,0.0,0.0,0.0
427.0,0.0,120.17001896822059,0.0,120.17001896822059,0.0,0.0,0.0,0.0,120.17001896822059,120.17001896822059,0.0,0.0,0.0,0.0
428.0,0.0,109.08038165021485,0.0,109.08038165021485,0.0,0.0,0.0,0.0,109.08038165021485,109.08038165021485,0.0,0.0,0.0,0.0
429.0,0.0,117.30725838370202,0.0,117.30725838370202,0.0,0.0,0.0,0.0,117.30725838370202,117.30725838370202,0.0,0.0,0.0,0.0
430.0,0.0,38.22,0.0,38.22,0.0,0.0,0.0,0.0,38.22,38.22,0.0,0.0,0.0,0.0
431.0,0.0,38.22,0.0,38.22,0.0,0.0,0.0,0.0,38.22,38.22,0.0,0.0,0.0,0.0
432.0,0.0,38.22,0.0,38.22,0.0,0.0,0.0,0.0,38.22,38.22,0.0,0.0,0.0,0.0
433.0,35.57755389815173,38.22,35.57755389815173,38.22,0.0,0.0,0.0,0.0,2.6424461018482712,38.22,35.57755389815173,0.0,0.0,0.0
434.0,68.73055629283213,38.22,68.73055629283213,38.22,0.0,0.0,0.0,0.0,-30.510556292832135,38.22,68.73055629283213,0.0,0.0,0.0
435.0,95.03808082179215,38.22,95.03808082179215,38.22,0.0,0.0,0.0,0.0,-56.81808082179216,38.22,95.03808082179215,0.0,0.0,0.0
436.0,112.87506790612127,38.22,112.87506790612127,38.22,0.0,0.0,0.0,0.0,-74.65506790612127,38.22,112.87506790612127,0.0,0.0,0.0
437.0,123.67281080494544,38.22,123.67281080494544,38.22,0.0,0.0,0.0,0.0,-85.45281080494544,38.22,123.67281080494544,0.0,0.0,0.0
438.0,127.13751774436655,38.22,127.13751774436655,38.22,0.0,0.0,0.0,0.0,-88.91751774436655,38.22,127.13751774436655,0.0,0.0,0.0
439.0,123.67281080494546,38.22,123.67281080494546,38.22,0.0,0.0,0.0,0.0,-85.45281080494546,38.22,123.67281080494546,0.0,0.0,0.0
440.0,112.87506790612129,38.22,112.87506790612129,38.22,0.0,0.0,0.0,0.0,-74.65506790612129,38.22,112.87506790612129,0.0,0.0,0.0
441.0,95.03808082179215,38.22,95.03808082179215,38.22,0.0,0.0,0.0,0.0,-56.81808082179216,38.22,95.03808082179215,0.0,0.0,0.0
442.0,68.73055629283219,38.22,68.73055629283219,38.22,0.0,0.0,0.0,0.0,-30.510556292832188,38.22,68.73055629283219,0.0,0.0,0.0
443.0,35.57755389815177,38.22,35.57755389815177,38.22,0.0,0.0,0.0,0.0,2.6424461018482317,38.22,35.57755389815177,0.0,0.0,0.0
444.0,1.6834131153526772e-14,38.22,1.6834131153526772e-14,38.22,0.0,0.0,0.0,0.0,38.219999999999985,38.22,1.6834131153526772e-14,0.0,0.0,0.0
445.0,0.0,38.22,0.0,38.22,0.0,0.0,0.0,0.0,38.22,38.22,0.0,0.0,0.0,0.0
446.0,0.0,38.22,0.0,38.22,0.0,0.0,0.0,0.0,38.22,38.22,0.0,0.0,0.0,0.0
447.0,0.0,38.22,0.0,38.22,0.0,0.0,0.0,0.0,38.22,38.22,0.0,0.0,0.0,0.0
448.0,0.0,38.22,0.0,38.22,0.0,0.0,0.0,0.0,38.22,38.22,0.0,0.0,0.0,0.0
449.0,0.0,38.22,0.0,38.22,0.0,0.0,0.0,0.0,38.22,38.22,0.0,0.0,0.0,0.0
450.0,0.0,107.18165787279948,0.0,107.18165787279948,0.0,0.0,0.0,0.0,107.18165787279948,107.18165787279948,0.0,0.0,0.0,0.0
451.0,0.0,105.63898722149375,0.0,105.63898722149375,0.0,0.0,0.0,0.0,105.63898722149375,105.63898722149375,0.0,0.0,0.0,0.0
452.0,0.0,109.15233674025133,0.0,109.15233674025133,0.0,0.0,0.0,0.0,109.15233674025133,109.15233674025133,0.0,0.0,0.0,0.0
453.0,0.0,107.89641261244681,0.0,107.89641261244681,0.0,0.0,0.0,0.0,107.89641261244681,107.89641261244681,0.0,0.0,0.0,0.0
454.0,0.0,38.22,0.0,38.22,0.0,0.0,0.0,0.0,38.22,38.22,0.0,0.0,0.0,0.0
455.0,0.0,38.22,0.0,38.22,0.0,0.0,0.0,0.0,38.22,38.22,0.0,0.0,0.0,0.0
456.0,0.0,38.22,0.0,38.22,0.0,0.0,0.0,0.0,38.22,38.22,0.0,0.0,0.0,0.0
457.0,43.352676403356156,38.22,43.352676403356156,38.22,0.0,0.0,0.0,0.0,-5.13267640335616,38.22,43.352676403356156,0.0,0.0,0.0
458.0,83.75093955350877,38.22,83.75093955350877,38.22,0.0,0.0,0.0,0.0,-45.53093955350878,38.22,83.75093955350877,0.0,0.0,0.0
459.0,114.85578162058927,38.22,114.85578162058927,38.22,0.0,0.0,0.0,0.0,-76.63578162058927,38.22,114.85578162058927,0.0,0.0,0.0
460.0,132.62811803495387,38.22,132.62811803495387,38.22,0.0,0.0,0.0,0.0,-94.40811803495386,38.22,132.62811803495387,0.0,0.0,0.0
461.0,141.3705372149316,38.22,141.3705372149316,38.22,0.0,0.0,0.0,0.0,-103.15053721493159,38.22,141.3705372149316,0.0,0.0,0.0
462.0,143.99723504170504,38.22,143.99723504170504,38.22,0.0,0.0,0.0,0.0,-105.77723504170505,38.22,143.99723504170504,0.0,0.0,0.0
463.0,141.3705372149316,38.22,141.3705372149316,38.22,0.0,0.0,0.0,0.0,-103.1505372149316,38.22,141.3705372149316,0.0,0.0,0.0
464.0,132.62811803495387,38.22,132.62811803495387,38.22,0.0,0.0,0.0,0.0,-94.40811803495387,38.22,132.62811803495387,0.0,0.0,0.0
465.0,114.85578162058927,38.22,114.85578162058927,38.22,0.0,0.0,0.0,0.0,-76.63578162058927,38.22,114.85578162058927,0.0,0.0,0.0
466.0,83.75093955350884,38.22,83.75093955350884,38.22,0.0,0.0,0.0,0.0,-45.530939553508844,38.22,83.75093955350884,0.0,0.0,0.0
467.0,43.352676403356206,38.22,43.352676403356206,38.22,0.0,0.0,0.0,0.0,-5.132676403356208,38.22,43.352676403356206,0.0,0.0,0.0
468.0,2.05130640099576e-14,38.22,2.05130640099576e-14,38.22,0.0,0.0,0.0,0.0,38.21999999999998,38.22,2.05130640099576e-14,0.0,0.0,0.0
469.0,0.0,38.22,0.0,38.22,0.0,0.0,0.0,0.0,38.22,38.22,0.0,0.0,0.0,0.0
470.0,0.0,38.22,0.0,38.22,0.0,0.0,0.0,0.0,38.22,38.22,0.0,0.0,0.0,0.0
471.0,0.0,38.22,0.0,38.22,0.0,0.0,0.0,0.0,38.22,38.22,0.0,0.0,0.0,0.0
472.0,0.0,38.22,0.0,38.22,0.0,0.0,0.0,0.0,38.22,38.22,0.0,0.0,0.0,0.0
473.0,0.0,38.22,0.0,38.22,0.0,0.0,0.0,0.0,38.22,38.22,0.0,0.0,0.0,0.0
474.0,0.0,109.81616342650403,0.0,109.81616342650403,0.0,0.0,0.0,0.0,109.81616342650403,109.81616342650403,0.0,0.0,0.0,0.0
475.0,0.0,109.68608565361806,0.0,109.68608565361806,0.0,0.0,0.0,0.0,109.68608565361806,109.68608565361806,0.0,0.0,0.0,0.0
476.0,0.0,108.33221114993187,0.0,108.33221114993187,0.0,0.0,0.0,0.0,108.33221114993187,108.33221114993187,0.0,0.0,0.0,0.0
477.0,0.0,110.25673033047174,0.0,110.25673033047174,0.0,0.0,0.0,0.0,110.25673033047174,110.25673033047174,0.0,0.0,0.0,0.0
478.0,0.0,38.22,0.0,38.22,0.0,0.0,0.0,0.0,38.22,38.22,0.0,0.0,0.0,0.0
479.0,0.0,38.22,0.0,38.22,0.0,0.0,0.0,0.0,38.22,38.22,0.0,0.0,0.0,0.0
480.0,0.0,38.22,0.0,38.22,0.0,0.0,0.0,0.0,38.22,38.22,0.0,0.0,0.0,0.0
481.0,33.85142129732963,38.22,33.85142129732963,38.22,0.0,0.0,0.0,0.0,4.368578702670371,38.22,33.85142129732963,0.0,0.0,0.0
482.0,65.39592417536497,38.22,65.39592417536497,38.22,0.0,0.0,0.0,0.0,-27.175924175364965,38.22,65.39592417536497,0.0,0.0,0.0
483.0,90.63426276761408,38.22,90.63426276761408,38.22,0.0,0.0,0.0,0.0,-52.41426276761408,38.22,90.63426276761408,0.0,0.0,0.0
484.0,104.55692977134495,38.22,104.55692977134495,38.22,0.0,0.0,0.0,0.0,-66.33692977134496,38.22,104.55692977134495,0.0,0.0,0.0
485.0,112.17796034055897,38.22,112.17796034055897,38.22,0.0,0.0,0.0,0.0,-73.95796034055897,38.22,112.17796034055897,0.0,0.0,0.0
486.0,114.58301836952403,38.22,114.58301836952403,38.22,0.0,0.0,0.0,0.0,-76.36301836952403,38.22,114.58301836952403,0.0,0.0,0.0
487.0,112.17796034055898,38.22,112.17796034055898,38.22,0.0,0.0,0.0,0.0,-73.95796034055898,38.22,112.17796034055898,0.0,0.0,0.0
488.0,104.55692977134495,38.22,104.55692977134495,38.22,0.0,0.0,0.0,0.0,-66.33692977134497,38.22,104.55692977134495,0.0,0.0,0.0
489.0,90.63426276761408,38.22,90.63426276761408,38.22,0.0,0.0,0.0,0.0,-52.41426276761408,38.22,90.63426276761408,0.0,0.0,0.0
490.0,65.39592417536501,38.22,65.39592417536501,38.22,0.0,0.0,0.0,0.0,-27.175924175365015,38.22,65.39592417536501,0.0,0.0,0.0
491.0,33.851421297329665,38.22,33.851421297329665,38.22,0.0,0.0,0.0,0.0,4.368578702670334,38.22,33.851421297329665,0.0,0.0,0.0
492.0,1.6017381843728746e-14,38.22,1.6017381843728746e-14,38.22,0.0,0.0,0.0,0.0,38.219999999999985,38.22,1.6017381843728746e-14,0.0,0.0,0.0
493.0,0.0,38.22,0.0,38.22,0.0,0.0,0.0,0.0,38.22,38.22,0.0,0.0,0.0,0.0
494.0,0.0,38.22,0.0,38.22,0.0,0.0,0.0,0.0,38.22,38.22,0.0,0.0,0.0,0.0
495.0,0.0,38.22,0.0,38.22,0.0,0.0,0.0,0.0,38.22,38.22,0.0,0.0,0.0,0.0
496.0,0.0,38.22,0.0,38.22,0.0,0.0,0.0,0.0,38.22,38.22,0.0,0.0,0.0,0.0
497.0,0.0,38.22,0.0,38.22,0.0,0.0,0.0,0.0,38.22,38.22,0.0,0.0,0.0,0.0
498.0,0.0,117.24680811921276,0.0,117.24680811921276,0.0,0.0,0.0,0.0,117.24680811921276,117.24680811921276,0.0,0.0,0.0,0.0
499.0,0.0,101.17764063605176,0.0,101.17764063605176,0.0,0.0,0.0,0.0,101.17764063605176,101.17764063605176,0.0,0.0,0.0,0.0
500.0,0.0,102.11831846023571,0.0,102.11831846023571,0.0,0.0,0.0,0.0,102.11831846023571,102.11831846023571,0.0,0.0,0.0,0.0
501.0,0.0,120.80644860583712,0.0,120.80644860583712,0.0,0.0,0.0,0.0,120.80644860583712,120.80644860583712,0.0,0.0,0.0,0.0
502.0,0.0,38.22,0.0,38.22,0.0,0.0,0.0,0.0,38.22,38.22,0.0,0.0,0.0,0.0
503.0,0.0,38.22,0.0,38.22,0.0,0.0,0.0,0.0,38.22,38.22,0.0,0.0,0.0,0.0
504.0,0.0,38.22,0.0,38.22,0.0,0.0,0.0,0.0,38.22,38.22,0.0,0.0,0.0,0.0
505.0,34.97748793608393,38.22,34.97748793608393,38.22,0.0,0.0,0.0,0.0,3.242512063916069,38.22,34.97748793608393,0.0,0.0,0.0
506.0,67.57131787235556,38.22,67.57131787235556,38.22,0.0,0.0,0.0,0.0,-29.351317872355573,38.22,67.57131787235556,0.0,0.0,0.0
507.0,94.52310731876777,38.22,94.52310731876777,38.22,0.0,0.0,0.0,0.0,-56.303107318767765,38.22,94.52310731876777,0.0,0.0,0.0
508.0,111.85059017228346,38.22,111.85059017228346,38.22,0.0,0.0,0.0,0.0,-73.63059017228346,38.22,111.85059017228346,0.0,0.0,0.0
509.0,121.35379971416765,38.22,121.35379971416765,38.22,0.0,0.0,0.0,0.0,-83.13379971416765,38.22,121.35379971416765,0.0,0.0,0.0
510.0,124.2236510299304,38.22,124.2236510299304,38.22,0.0,0.0,0.0,0.0,-86.00365102993041,38.22,124.2236510299304,0.0,0.0,0.0
511.0,121.35379971416766,38.22,121.35379971416766,38.22,0.0,0.0,0.0,0.0,-83.13379971416767,38.22,121.35379971416766,0.0,0.0,0.0
512.0,111.85059017228347,38.22,111.85059017228347,38.22,0.0,0.0,0.0,0.0,-73.63059017228346,38.22,111.85059017228347,0.0,0.0,0.0
513.0,94.52310731876777,38.22,94.52310731876777,38.22,0.0,0.0,0.0,0.0,-56.303107318767765,38.22,94.52310731876777,0.0,0.0,0.0
514.0,67.57131787235562,38.22,67.57131787235562,38.22,0.0,0.0,0.0,0.0,-29.351317872355626,38.22,67.57131787235562,0.0,0.0,0.0
515.0,34.97748793608397,38.22,34.97748793608397,38.22,0.0,0.0,0.0,0.0,3.2425120639160303,38.22,34.97748793608397,0.0,0.0,0.0
516.0,1.655019962930972e-14,38.22,1.655019962930972e-14,38.22,0.0,0.0,0.0,0.0,38.219999999999985,38.22,1.655019962930972e-14,0.0,0.0,0.0
517.0,0.0,38.22,0.0,38.22,0.0,0.0,0.0,0.0,38.22,38.22,0.0,0.0,0.0,0.0
518.0,0.0,38.22,0.0,38.22,0.0,0.0,0.0,0.0,38.22,38.22,0.0,0.0,0.0,0.0
519.0,0.0,38.22,0.0,38.22,0.0,0.0,0.0,0.0,38.22,38.22,0.0,0.0,0.0,0.0
520.0,0.0,38.22,0.0,38.22,0.0,0.0,0.0,0.0,38.22,38.22,0.0,0.0,0.0,0.0
521.0,0.0,38.22,0.0,38.22,0.0,0.0,0.0,0.0,38.22,38.22,0.0,0.0,0.0,0.0
522.0,0.0,107.59069323106314,0.0,107.59069323106314,0.0,0.0,0.0,0.0,107.59069323106314,107.59069323106314,0.0,0.0,0.0,0.0
523.0,0.0,122.3902702737007,0.0,122.3902702737007,0.0,0.0,0.0,0.0,122.3902702737007,122.3902702737007,0.0,0.0,0.0,0.0
524.0,0.0,109.49012294261843,0.0,109.49012294261843,0.0,0.0,0.0,0.0,109.49012294261843,109.49012294261843,0.0,0.0,0.0,0.0
525.0,0.0,112.16395411182388,0.0,112.16395411182388,0.0,0.0,0.0,0.0,112.16395411182388,112.16395411182388,0.0,0.0,0.0,0.0
526.0,0.0,38.22,0.0,38.22,0.0,0.0,0.0,0.0,38.22,38.22,0.0,0.0,0.0,0.0
527.0,0.0,38.22,0.0,38.22,0.0,0.0,0.0,0.0,38.22,38.22,0.0,0.0,0.0,0.0
528.0,0.0,38.22,0.0,38.22,0.0,0.0,0.0,0.0,38.22,38.22,0.0,0.0,0.0,0.0
529.0,37.97249248567263,38.22,37.97249248567263,38.22,0.0,0.0,0.0,0.0,0.24750751432736529,38.22,37.97249248567263,0.0,0.0,0.0
530.0,73.35722236095755,38.22,73.35722236095755,38.22,0.0,0.0,0.0,0.0,-35.137222360957544,38.22,73.35722236095755,0.0,0.0,0.0
531.0,102.24640048739914,38.22,102.24640048739914,38.22,0.0,0.0,0.0,0.0,-64.02640048739914,38.22,102.24640048739914,0.0,0.0,0.0
532.0,119.88083846870362,38.22,119.88083846870362,38.22,0.0,0.0,0.0,0.0,-81.66083846870362,38.22,119.88083846870362,0.0,0.0,0.0
533.0,128.83632337676357,38.22,128.83632337676357,38.22,0.0,0.0,0.0,0.0,-90.61632337676356,38.22,128.83632337676357,0.0,0.0,0.0
534.0,131.48327315607455,38.22,131.48327315607455,38.22,0.0,0.0,0.0,0.0,-93.26327315607456,38.22,131.48327315607455,0.0,0.0,0.0
535.0,128.83632337676357,38.22,128.83632337676357,38.22,0.0,0.0,0.0,0.0,-90.61632337676357,38.22,128.83632337676357,0.0,0.0,0.0
536.0,119.88083846870363,38.22,119.88083846870363,38.22,0.0,0.0,0.0,0.0,-81.66083846870363,38.22,119.88083846870363,0.0,0.0,0.0
537.0,102.24640048739914,38.22,102.24640048739914,38.22,0.0,0.0,0.0,0.0,-64.02640048739914,38.22,102.24640048739914,0.0,0.0,0.0
538.0,72.569840787118,38.22,72.569840787118,38.22,0.0,0.0,0.0,0.0,-34.349840787118,38.22,72.569840787118,0.0,0.0,0.0
539.0,37.5649137915277,38.22,37.5649137915277,38.22,0.0,0.0,0.0,0.0,0.6550862084722961,38.22,37.5649137915277,0.0,0.0,0.0
540.0,1.7774484646915407e-14,38.22,1.7774484646915407e-14,38.22,0.0,0.0,0.0,0.0,38.219999999999985,38.22,1.7774484646915407e-14,0.0,0.0,0.0
541.0,0.0,38.22,0.0,38.22,0.0,0.0,0.0,0.0,38.22,38.22,0.0,0.0,0.0,0.0
542.0,0.0,38.22,0.0,38.22,0.0,0.0,0.0,0.0,38.22,38.22,0.0,0.0,0.0,0.0
543.0,0.0,38.22,0.0,38.22,0.0,0.0,0.0,0.0,38.22,38.22,0.0,0.0,0.0,0.0
544.0,0.0,38.22,0.0,38.22,0.0,0.0,0.0,0.0,38.22,38.22,0.0,0.0,0.0,0.0
545.0,0.0,38.22,0.0,38.22,0.0,0.0,0.0,0.0,38.22,38.22,0.0,0.0,0.0,0.0
546.0,0.0,107.82087794252635,0.0,107.82087794252635,0.0,0.0,0.0,0.0,107.82087794252635,107.82087794252635,0.0,0.0,0.0,0.0
547.0,0.0,108.25779831648597,0.0,108.25779831648597,0.0,0.0,0.0,0.0,108.25779831648597,108.25779831648597,0.0,0.0,0.0,0.0
548.0,0.0,101.37723040491814,0.0,101.37723040491814,0.0,0.0,0.0,0.0,101.37723040491814,101.37723040491814,0.0,0.0,0.0,0.0
549.0,0.0,98.11580768323836,0.0,98.11580768323836,0.0,0.0,0.0,0.0,98.11580768323836,98.11580768323836,0.0,0.0,0.0,0.0
550.0,0.0,38.22,0.0,38.22,0.0,0.0,0.0,0.0,38.22,38.22,0.0,0.0,0.0,0.0
551.0,0.0,38.22,0.0,38.22,0.0,0.0,0.0,0.0,38.22,38.22,0.0,0.0,0.0,0.0
552.0,0.0,38.22,0.0,38.22,0.0,0.0,0.0,0.0,38.22,38.22,0.0,0.0,0.0,0.0
553.0,37.00599882610344,38.22,37.00599882610344,38.22,0.0,0.0,0.0,0.0,1.214001173896555,38.22,37.00599882610344,0.0,0.0,0.0
554.0,71.49009998751252,38.22,71.49009998751252,38.22,0.0,0.0,0.0,0.0,-33.270099987512516,38.22,71.49009998751252,0.0,0.0,0.0
555.0,100.51383506982211,38.22,100.51383506982211,38.22,0.0,0.0,0.0,0.0,-62.29383506982211,38.22,100.51383506982211,0.0,0.0,0.0
556.0,117.03006382889562,38.22,117.03006382889562,38.22,0.0,0.0,0.0,0.0,-78.81006382889564,38.22,117.03006382889562,0.0,0.0,0.0
557.0,125.36024944097781,38.22,125.36024944097781,38.22,0.0,0.0,0.0,0.0,-87.14024944097781,38.22,125.36024944097781,0.0,0.0,0.0
558.0,128.05987887305056,38.22,128.05987887305056,38.22,0.0,0.0,0.0,0.0,-89.83987887305058,38.22,128.05987887305056,0.0,0.0,0.0
559.0,125.36024944097782,38.22,125.36024944097782,38.22,0.0,0.0,0.0,0.0,-87.14024944097783,38.22,125.36024944097782,0.0,0.0,0.0
560.0,117.03006382889563,38.22,117.03006382889563,38.22,0.0,0.0,0.0,0.0,-78.81006382889564,38.22,117.03006382889563,0.0,0.0,0.0
561.0,100.51383506982211,38.22,100.51383506982211,38.22,0.0,0.0,0.0,0.0,-62.29383506982211,38.22,100.51383506982211,0.0,0.0,0.0
562.0,71.49009998751256,38.22,71.49009998751256,38.22,0.0,0.0,0.0,0.0,-33.27009998751257,38.22,71.49009998751256,0.0,0.0,0.0
563.0,37.005998826103486,38.22,37.005998826103486,38.22,0.0,0.0,0.0,0.0,1.214001173896514,38.22,37.005998826103486,0.0,0.0,0.0
564.0,1.751002442408629e-14,38.22,1.751002442408629e-14,38.22,0.0,0.0,0.0,0.0,38.219999999999985,38.22,1.751002442408629e-14,0.0,0.0,0.0
565.0,0.0,38.22,0.0,38.22,0.0,0.0,0.0,0.0,38.22,38.22,0.0,0.0,0.0,0.0
566.0,0.0,38.22,0.0,38.22,0.0,0.0,0.0,0.0,38.22,38.22,0.0,0.0,0.0,0.0
567.0,0.0,38.22,0.0,38.22,0.0,0.0,0.0,0.0,38.22,38.22,0.0,0.0,0.0,0.0
568.0,0.0,38.22,0.0,38.22,0.0,0.0,0.0,0.0,38.22,38.22,0.0,0.0,0.0,0.0
569.0,0.0,38.22,0.0,38.22,0.0,0.0,0.0,0.0,38.22,38.22,0.0,0.0,0.0,0.0
570.0,0.0,115.57248783716399,0.0,115.57248783716399,0.0,0.0,0.0,0.0,115.57248783716399,115.57248783716399,0.0,0.0,0.0,0.0
571.0,0.0,114.27909784793195,0.0,114.27909784793195,0.0,0.0,0.0,0.0,114.27909784793195,114.27909784793195,0.0,0.0,0.0,0.0
572.0,0.0,111.9772816856259,0.0,111.9772816856259,0.0,0.0,0.0,0.0,111.9772816856259,111.9772816856259,0.0,0.0,0.0,0.0
573.0,0.0,111.38360221494763,0.0,111.38360221494763,0.0,0.0,0.0,0.0,111.38360221494763,111.38360221494763,0.0,0.0,0.0,0.0
574.0,0.0,38.22,0.0,38.22,0.0,0.0,0.0,0.0,38.22,38.22,0.0,0.0,0.0,0.0
575.0,0.0,38.22,0.0,38.22,0.0,0.0,0.0,0.0,38.22,38.22,0.0,0.0,0.0,0.0
576.0,0.0,38.22,0.0,38.22,0.0,0.0,0.0,0.0,38.22,38.22,0.0,0.0,0.0,0.0
577.0,36.233463784783446,38.22,36.233463784783446,38.22,0.0,0.0,0.0,0.0,1.9865362152165538,38.22,36.233463784783446,0.0,0.0,0.0
578.0,69.99767689126395,38.22,69.99767689126395,38.22,0.0,0.0,0.0,0.0,-31.77767689126396,38.22,69.99767689126395,0.0,0.0,0.0
579.0,97.69949159820865,38.22,97.69949159820865,38.22,0.0,0.0,0.0,0.0,-59.479491598208654,38.22,97.69949159820865,0.0,0.0,0.0
580.0,115.42815301325287,38.22,115.42815301325287,38.22,0.0,0.0,0.0,0.0,-77.20815301325288,38.22,115.42815301325287,0.0,0.0,0.0
581.0,124.88696255258952,38.22,124.88696255258952,38.22,0.0,0.0,0.0,0.0,-86.66696255258952,38.22,124.88696255258952,0.0,0.0,0.0
582.0,127.71642456074224,38.22,127.71642456074224,38.22,0.0,0.0,0.0,0.0,-89.49642456074224,38.22,127.71642456074224,0.0,0.0,0.0
583.0,124.88696255258954,38.22,124.88696255258954,38.22,0.0,0.0,0.0,0.0,-86.66696255258954,38.22,124.88696255258954,0.0,0.0,0.0
584.0,115.42815301325288,38.22,115.42815301325288,38.22,0.0,0.0,0.0,0.0,-77.20815301325288,38.22,115.42815301325288,0.0,0.0,0.0
585.0,97.69949159820865,38.22,97.69949159820865,38.22,0.0,0.0,0.0,0.0,-59.479491598208654,38.22,97.69949159820865,0.0,0.0,0.0
586.0,69.997676891264,38.22,69.997676891264,38.22,0.0,0.0,0.0,0.0,-31.77767689126401,38.22,69.997676891264,0.0,0.0,0.0
587.0,36.23346378478349,38.22,36.23346378478349,38.22,0.0,0.0,0.0,0.0,1.9865362152165145,38.22,36.23346378478349,0.0,0.0,0.0
588.0,1.7144486190527415e-14,38.22,1.7144486190527415e-14,38.22,0.0,0.0,0.0,0.0,38.219999999999985,38.22,1.7144486190527415e-14,0.0,0.0,0.0
589.0,0.0,38.22,0.0,38.22,0.0,0.0,0.0,0.0,38.22,38.22,0.0,0.0,0.0,0.0
590.0,0.0,38.22,0.0,38.22,0.0,0.0,0.0,0.0,38.22,38.22,0.0,0.0,0.0,0.0
591.0,0.0,38.22,0.0,38.22,0.0,0.0,0.0,0.0,38.22,38.22,0.0,0.0,0.0,0.0
592.0,0.0,38.22,0.0,38.22,0.0,0.0,0.0,0.0,38.22,38.22,0.0,0.0,0.0,0.0
593.0,0.0,38.22,0.0,38.22,0.0,0.0,0.0,0.0,38.22,38.22,0.0,0.0,0.0,0.0
594.0,0.0,113.19733414899181,0.0,113.19733414899181,0.0,0.0,0.0,0.0,113.19733414899181,113.19733414899181,0.0,0.0,0.0,0.0
595.0,0.0,113.06380109738863,0.0,113.06380109738863,0.0,0.0,0.0,0.0,113.06380109738863,113.06380109738863,0.0,0.0,0.0,0.0
596.0,0.0,122.26290930853352,0.0,122.26290930853352,0.0,0.0,0.0,0.0,122.26290930853352,122.26290930853352,0.0,0.0,0.0,0.0
597.0,0.0,120.06559760517159,0.0,120.06559760517159,0.0,0.0,0.0,0.0,120.06559760517159,120.06559760517159,0.0,0.0,0.0,0.0
598.0,0.0,38.22,0.0,38.22,0.0,0.0,0.0,0.0,38.22,38.22,0.0,0.0,0.0,0.0
599.0,0.0,38.22,0.0,38.22,0.0,0.0,0.0,0.0,38.22,38.22,0.0,0.0,0.0,0.0
600.0,0.0,38.22,0.0,38.22,0.0,0.0,0.0,0.0,38.22,38.22,0.0,0.0,0.0,0.0
601.0,34.37268023486508,38.22,34.37268023486508,38.22,0.0,0.0,0.0,0.0,3.8473197651349214,38.22,34.37268023486508,0.0,0.0,0.0
602.0,64.24870198056107,38.22,64.24870198056107,38.22,0.0,0.0,0.0,0.0,-26.02870198056106,38.22,64.24870198056107,0.0,0.0,0.0
603.0,93.02601079518507,38.22,93.02601079518507,38.22,0.0,0.0,0.0,0.0,-54.806010795185074,38.22,93.02601079518507,0.0,0.0,0.0
604.0,111.01445133951947,38.22,111.01445133951947,38.22,0.0,0.0,0.0,0.0,-72.79445133951947,38.22,111.01445133951947,0.0,0.0,0.0
605.0,120.9634445732157,38.22,120.9634445732157,38.22,0.0,0.0,0.0,0.0,-82.7434445732157,38.22,120.9634445732157,0.0,0.0,0.0
606.0,123.82370250356104,38.22,123.82370250356104,38.22,0.0,0.0,0.0,0.0,-85.60370250356104,38.22,123.82370250356104,0.0,0.0,0.0
607.0,120.96344457321571,38.22,120.96344457321571,38.22,0.0,0.0,0.0,0.0,-82.7434445732157,38.22,120.96344457321571,0.0,0.0,0.0
608.0,111.01445133951948,38.22,111.01445133951948,38.22,0.0,0.0,0.0,0.0,-72.79445133951948,38.22,111.01445133951948,0.0,0.0,0.0
609.0,93.02601079518507,38.22,93.02601079518507,38.22,0.0,0.0,0.0,0.0,-54.806010795185074,38.22,93.02601079518507,0.0,0.0,0.0
610.0,65.90350722681342,38.22,65.90350722681342,38.22,0.0,0.0,0.0,0.0,-27.68350722681342,38.22,65.90350722681342,0.0,0.0,0.0
611.0,34.11416561870186,38.22,34.11416561870186,38.22,0.0,0.0,0.0,0.0,4.105834381298136,38.22,34.11416561870186,0.0,0.0,0.0
612.0,1.6141703835580294e-14,38.22,1.6141703835580294e-14,38.22,0.0,0.0,0.0,0.0,38.219999999999985,38.22,1.6141703835580294e-14,0.0,0.0,0.0
613.0,0.0,38.22,0.0,38.22,0.0,0.0,0.0,0.0,38.22,38.22,0.0,0.0,0.0,0.0
614.0,0.0,38.22,0.0,38.22,0.0,0.0,0.0,0.0,38.22,38.22,0.0,0.0,0.0,0.0
615.0,0.0,38.22,0.0,38.22,0.0,0.0,0.0,0.0,38.22,38.22,0.0,0.0,0.0,0.0
616.0,0.0,38.22,0.0,38.22,0.0,0.0,0.0,0.0,38.22,38.22,0.0,0.0,0.0,0.0
617.0,0.0,38.22,0.0,38.22,0.0,0.0,0.0,0.0,38.22,38.22,0.0,0.0,0.0,0.0
618.0,0.0,114.13424384970507,0.0,114.13424384970507,0.0,0.0,0.0,0.0,114.13424384970507,114.13424384970507,0.0,0.0,0.0,0.0
619.0,0.0,115.40230646878577,0.0,115.40230646878577,0.0,0.0,0.0,0.0,115.40230646878577,115.40230646878577,0.0,0.0,0.0,0.0
620.0,0.0,106.59502741765941,0.0,106.59502741765941,0.0,0.0,0.0,0.0,106.59502741765941,106.59502741765941,0.0,0.0,0.0,0.0
621.0,0.0,122.00923725690845,0.0,122.00923725690845,0.0,0.0,0.0,0.0,122.00923725690845,122.00923725690845,0.0,0.0,0.0,0.0
622.0,0.0,38.22,0.0,38.22,0.0,0.0,0.0,0.0,38.22,38.22,0.0,0.0,0.0,0.0
623.0,0.0,38.22,0.0,38.22,0.0,0.0,0.0,0.0,38.22,38.22,0.0,0.0,0.0,0.0
624.0,0.0,38.22,0.0,38.22,0.0,0.0,0.0,0.0,38.22,38.22,0.0,0.0,0.0,0.0
625.0,36.11469043280706,38.22,36.11469043280706,38.22,0.0,0.0,0.0,0.0,2.105309567192938,38.22,36.11469043280706,0.0,0.0,0.0
626.0,69.76822439496614,38.22,69.76822439496614,38.22,0.0,0.0,0.0,0.0,-31.548224394966137,38.22,69.76822439496614,0.0,0.0,0.0
627.0,96.56880743525522,38.22,96.56880743525522,38.22,0.0,0.0,0.0,0.0,-58.348807435255225,38.22,96.56880743525522,0.0,0.0,0.0
628.0,114.99391120986996,38.22,114.99391120986996,38.22,0.0,0.0,0.0,0.0,-76.77391120986996,38.22,114.99391120986996,0.0,0.0,0.0
629.0,124.05372498355374,38.22,124.05372498355374,38.22,0.0,0.0,0.0,0.0,-85.83372498355374,38.22,124.05372498355374,0.0,0.0,0.0
630.0,126.80364060262264,38.22,126.80364060262264,38.22,0.0,0.0,0.0,0.0,-88.58364060262264,38.22,126.80364060262264,0.0,0.0,0.0
631.0,124.05372498355374,38.22,124.05372498355374,38.22,0.0,0.0,0.0,0.0,-85.83372498355374,38.22,124.05372498355374,0.0,0.0,0.0
632.0,114.99391120986998,38.22,114.99391120986998,38.22,0.0,0.0,0.0,0.0,-76.77391120986998,38.22,114.99391120986998,0.0,0.0,0.0
633.0,99.5976311625967,38.22,99.5976311625967,38.22,0.0,0.0,0.0,0.0,-61.3776311625967,38.22,99.5976311625967,0.0,0.0,0.0
634.0,71.90992619158806,38.22,71.90992619158806,38.22,0.0,0.0,0.0,0.0,-33.689926191588064,38.22,71.90992619158806,0.0,0.0,0.0
635.0,37.223316860599155,38.22,37.223316860599155,38.22,0.0,0.0,0.0,0.0,0.9966831394008442,38.22,37.223316860599155,0.0,0.0,0.0
636.0,1.7612852187490137e-14,38.22,1.7612852187490137e-14,38.22,0.0,0.0,0.0,0.0,38.219999999999985,38.22,1.7612852187490137e-14,0.0,0.0,0.0
637.0,0.0,38.22,0.0,38.22,0.0,0.0,0.0,0.0,38.22,38.22,0.0,0.0,0.0,0.0
638.0,0.0,38.22,0.0,38.22,0.0,0.0,0.0,0.0,38.22,38.22,0.0,0.0,0.0,0.0
639.0,0.0,38.22,0.0,38.22,0.0,0.0,0.0,0.0,38.22,38.22,0.0,0.0,0.0,0.0
640.0,0.0,38.22,0.0,38.22,0.0,0.0,0.0,0.0,38.22,38.22,0.0,0.0,0.0,0.0
641.0,0.0,38.22,0.0,38.22,0.0,0.0,0.0,0.0,38.22,38.22,0.0,0.0,0.0,0.0
642.0,0.0,117.45556537817853,0.0,117.45556537817853,0.0,0.0,0.0,0.0,117.45556537817853,117.45556537817853,0.0,0.0,0.0,0.0
643.0,0.0,102.02631550354194,0.0,102.02631550354194,0.0,0.0,0.0,0.0,102.02631550354194,102.02631550354194,0.0,0.0,0.0,0.0
644.0,0.0,113.14346097880966,0.0,113.14346097880966,0.0,0.0,0.0,0.0,113.14346097880966,113.14346097880966,0.0,0.0,0.0,0.0
645.0,0.0,104.52036409181225,0.0,104.52036409181225,0.0,0.0,0.0,0.0,104.52036409181225,104.52036409181225,0.0,0.0,0.0,0.0
646.0,0.0,38.22,0.0,38.22,0.0,0.0,0.0,0.0,38.22,38.22,0.0,0.0,0.0,0.0
647.0,0.0,38.22,0.0,38.22,0.0,0.0,0.0,0.0,38.22,38.22,0.0,0.0,0.0,0.0
648.0,0.0,38.22,0.0,38.22,0.0,0.0,0.0,0.0,38.22,38.22,0.0,0.0,0.0,0.0
649.0,37.867461585547325,38.22,37.867461585547325,38.22,0.0,0.0,0.0,0.0,0.3525384144526755,38.22,37.867461585547325,0.0,0.0,0.0
650.0,73.1543182429787,38.22,73.1543182429787,38.22,0.0,0.0,0.0,0.0,-34.9343182429787,38.22,73.1543182429787,0.0,0.0,0.0
651.0,99.94425552809977,38.22,99.94425552809977,38.22,0.0,0.0,0.0,0.0,-61.72425552809977,38.22,99.94425552809977,0.0,0.0,0.0
652.0,114.55635550391891,38.22,114.55635550391891,38.22,0.0,0.0,0.0,0.0,-76.33635550391891,38.22,114.55635550391891,0.0,0.0,0.0
653.0,122.42726671675676,38.22,122.42726671675676,38.22,0.0,0.0,0.0,0.0,-84.20726671675676,38.22,122.42726671675676,0.0,0.0,0.0
654.0,124.7705669616058,38.22,124.7705669616058,38.22,0.0,0.0,0.0,0.0,-86.5505669616058,38.22,124.7705669616058,0.0,0.0,0.0
655.0,122.42726671675678,38.22,122.42726671675678,38.22,0.0,0.0,0.0,0.0,-84.20726671675678,38.22,122.42726671675678,0.0,0.0,0.0
656.0,114.55635550391892,38.22,114.55635550391892,38.22,0.0,0.0,0.0,0.0,-76.33635550391892,38.22,114.55635550391892,0.0,0.0,0.0
657.0,99.94425552809977,38.22,99.94425552809977,38.22,0.0,0.0,0.0,0.0,-61.72425552809977,38.22,99.94425552809977,0.0,0.0,0.0
658.0,73.15431824297876,38.22,73.15431824297876,38.22,0.0,0.0,0.0,0.0,-34.934318242978755,38.22,73.15431824297876,0.0,0.0,0.0
659.0,37.86746158554737,38.22,37.86746158554737,38.22,0.0,0.0,0.0,0.0,0.3525384144526328,38.22,37.86746158554737,0.0,0.0,0.0
660.0,1.791764033601414e-14,38.22,1.791764033601414e-14,38.22,0.0,0.0,0.0,0.0,38.21999999999998,38.22,1.791764033601414e-14,0.0,0.0,0.0
661.0,0.0,38.22,0.0,38.22,0.0,0.0,0.0,0.0,38.22,38.22,0.0,0.0,0.0,0.0
662.0,0.0,38.22,0.0,38.22,0.0,0.0,0.0,0.0,38.22,38.22,0.0,0.0,0.0,0.0
663.0,0.0,38.22,0.0,38.22,0.0,0.0,0.0,0.0,38.22,38.22,0.0,0.0,0.0,0.0
664.0,0.0,38.22,0.0,38.22,0.0,0.0,0.0,0.0,38.22,38.22,0.0,0.0,0.0,0.0
665.0,0.0,38.22,0.0,38.22,0.0,0.0,0.0,0.0,38.22,38.22,0.0,0.0,0.0,0.0
666.0,0.0,118.55595435856594,0.0,118.55595435856594,0.0,0.0,0.0,0.0,118.55595435856594,118.55595435856594,0.0,0.0,0.0,0.0
667.0,0.0,123.09800483619604,0.0,123.09800483619604,0.0,0.0,0.0,0.0,123.09800483619604,123.09800483619604,0.0,0.0,0.0,0.0
668.0,0.0,108.45034516593317,0.0,108.45034516593317,0.0,0.0,0.0,0.0,108.45034516593317,108.45034516593317,0.0,0.0,0.0,0.0
669.0,0.0,111.23713122206729,0.0,111.23713122206729,0.0,0.0,0.0,0.0,111.23713122206729,111.23713122206729,0.0,0.0,0.0,0.0
670.0,0.0,38.22,0.0,38.22,0.0,0.0,0.0,0.0,38.22,38.22,0.0,0.0,0.0,0.0
671.0,0.0,38.22,0.0,38.22,0.0,0.0,0.0,0.0,38.22,38.22,0.0,0.0,0.0,0.0
672.0,0.0,38.22,0.0,38.22,0.0,0.0,0.0,0.0,38.22,38.22,0.0,0.0,0.0,0.0
673.0,40.23157835159217,38.22,40.23157835159217,38.22,0.0,0.0,0.0,0.0,-2.0115783515921697,38.22,40.23157835159217,0.0,0.0,0.0
674.0,77.72144112435011,38.22,77.72144112435011,38.22,0.0,0.0,0.0,0.0,-39.50144112435011,38.22,77.72144112435011,0.0,0.0,0.0
675.0,106.09500291659077,38.22,106.09500291659077,38.22,0.0,0.0,0.0,0.0,-67.87500291659077,38.22,106.09500291659077,0.0,0.0,0.0
676.0,122.12594448856686,38.22,122.12594448856686,38.22,0.0,0.0,0.0,0.0,-83.90594448856686,38.22,122.12594448856686,0.0,0.0,0.0
677.0,130.67911088933772,38.22,130.67911088933772,38.22,0.0,0.0,0.0,0.0,-92.45911088933772,38.22,130.67911088933772,0.0,0.0,0.0
678.0,133.20516032217733,38.22,133.20516032217733,38.22,0.0,0.0,0.0,0.0,-94.98516032217734,38.22,133.20516032217733,0.0,0.0,0.0
679.0,130.67911088933775,38.22,130.67911088933775,38.22,0.0,0.0,0.0,0.0,-92.45911088933774,38.22,130.67911088933775,0.0,0.0,0.0
680.0,122.12594448856687,38.22,122.12594448856687,38.22,0.0,0.0,0.0,0.0,-83.90594448856687,38.22,122.12594448856687,0.0,0.0,0.0
681.0,105.67303562704006,38.22,105.67303562704006,38.22,0.0,0.0,0.0,0.0,-67.45303562704007,38.22,105.67303562704006,0.0,0.0,0.0
682.0,77.42306519246996,38.22,77.42306519246996,38.22,0.0,0.0,0.0,0.0,-39.20306519246996,38.22,77.42306519246996,0.0,0.0,0.0
683.0,40.07712760405059,38.22,40.07712760405059,38.22,0.0,0.0,0.0,0.0,-1.8571276040505913,38.22,40.07712760405059,0.0,0.0,0.0
684.0,1.8963181793627027e-14,38.22,1.8963181793627027e-14,38.22,0.0,0.0,0.0,0.0,38.21999999999998,38.22,1.8963181793627027e-14,0.0,0.0,0.0
685.0,0.0,38.22,0.0,38.22,0.0,0.0,0.0,0.0,38.22,38.22,0.0,0.0,0.0,0.0
686.0,0.0,38.22,0.0,38.22,0.0,0.0,0.0,0.0,38.22,38.22,0.0,0.0,0.0,0.0
687.0,0.0,38.22,0.0,38.22,0.0,0.0,0.0,0.0,38.22,38.22,0.0,0.0,0.0,0.0
688.0,0.0,38.22,0.0,38.22,0.0,0.0,0.0,0.0,38.22,38.22,0.0,0.0,0.0,0.0
689.0,0.0,38.22,0.0,38.22,0.0,0.0,0.0,0.0,38.22,38.22,0.0,0.0,0.0,0.0
690.0,0.0,106.93545114970767,0.0,106.93545114970767,0.0,0.0,0.0,0.0,106.93545114970767,106.93545114970767,0.0,0.0,0.0,0.0
691.0,0.0,114.94893732236223,0.0,114.94893732236223,0.0,0.0,0.0,0.0,114.94893732236223,114.94893732236223,0.0,0.0,0.0,0.0
692.0,0.0,105.85347873307502,0.0,105.85347873307502,0.0,0.0,0.0,0.0,105.85347873307502,105.85347873307502,0.0,0.0,0.0,0.0
693.0,0.0,108.93374043397212,0.0,108.93374043397212,0.0,0.0,0.0,0.0,108.93374043397212,108.93374043397212,0.0,0.0,0.0,0.0
694.0,0.0,38.22,0.0,38.22,0.0,0.0,0.0,0.0,38.22,38.22,0.0,0.0,0.0,0.0
695.0,0.0,38.22,0.0,38.22,0.0,0.0,0.0,0.0,38.22,38.22,0.0,0.0,0.0,0.0
696.0,0.0,38.22,0.0,38.22,0.0,0.0,0.0,0.0,38.22,38.22,0.0,0.0,0.0,0.0
697.0,36.819754078047836,38.22,36.819754078047836,38.22,0.0,0.0,0.0,0.0,1.400245921952162,38.22,36.819754078047836,0.0,0.0,0.0
698.0,71.13030276319729,38.22,71.13030276319729,38.22,0.0,0.0,0.0,0.0,-32.91030276319729,38.22,71.13030276319729,0.0,0.0,0.0
699.0,96.77874345843375,38.22,96.77874345843375,38.22,0.0,0.0,0.0,0.0,-58.558743458433746,38.22,96.77874345843375,0.0,0.0,0.0
700.0,112.07527100381294,38.22,112.07527100381294,38.22,0.0,0.0,0.0,0.0,-73.85527100381294,38.22,112.07527100381294,0.0,0.0,0.0
701.0,120.33991608798365,38.22,120.33991608798365,38.22,0.0,0.0,0.0,0.0,-82.11991608798365,38.22,120.33991608798365,0.0,0.0,0.0
702.0,122.7506872971133,38.22,122.7506872971133,38.22,0.0,0.0,0.0,0.0,-84.5306872971133,38.22,122.7506872971133,0.0,0.0,0.0
703.0,120.33991608798365,38.22,120.33991608798365,38.22,0.0,0.0,0.0,0.0,-82.11991608798365,38.22,120.33991608798365,0.0,0.0,0.0
704.0,112.07527100381294,38.22,112.07527100381294,38.22,0.0,0.0,0.0,0.0,-73.85527100381296,38.22,112.07527100381294,0.0,0.0,0.0
705.0,96.77874345843375,38.22,96.77874345843375,38.22,0.0,0.0,0.0,0.0,-58.558743458433746,38.22,96.77874345843375,0.0,0.0,0.0
706.0,72.52770359573165,38.22,72.52770359573165,38.22,0.0,0.0,0.0,0.0,-34.307703595731645,38.22,72.52770359573165,0.0,0.0,0.0
707.0,35.83005635977068,38.22,35.83005635977068,38.22,0.0,0.0,0.0,0.0,2.3899436402293217,38.22,35.83005635977068,0.0,0.0,0.0
708.0,1.6953607033393315e-14,38.22,1.6953607033393315e-14,38.22,0.0,0.0,0.0,0.0,38.219999999999985,38.22,1.6953607033393315e-14,0.0,0.0,0.0
709.0,0.0,38.22,0.0,38.22,0.0,0.0,0.0,0.0,38.22,38.22,0.0,0.0,0.0,0.0
710.0,0.0,38.22,0.0,38.22,0.0,0.0,0.0,0.0,38.22,38.22,0.0,0.0,0.0,0.0
711.0,0.0,38.22,0.0,38.22,0.0,0.0,0.0,0.0,38.22,38.22,0.0,0.0,0.0,0.0
712.0,0.0,38.22,0.0,38.22,0.0,0.0,0.0,0.0,38.22,38.22,0.0,0.0,0.0,0.0
713.0,0.0,38.22,0.0,38.22,0.0,0.0,0.0,0.0,38.22,38.22,0.0,0.0,0.0,0.0
714.0,0.0,110.19519406835778,0.0,110.19519406835778,0.0,0.0,0.0,0.0,110.19519406835778,110.19519406835778,0.0,0.0,0.0,0.0
715.0,0.0,114.16009607510232,0.0,114.16009607510232,0.0,0.0,0.0,0.0,114.16009607510232,114.16009607510232,0.0,0.0,0.0,0.0
716.0,0.0,112.06571114843052,0.0,112.06571114843052,0.0,0.0,0.0,0.0,112.06571114843052,112.06571114843052,0.0,0.0,0.0,0.0
717.0,0.0,100.99430346125281,0.0,100.99430346125281,0.0,0.0,0.0,0.0,100.99430346125281,100.99430346125281,0.0,0.0,0.0,0.0
718.0,0.0,38.22,0.0,38.22,0.0,0.0,0.0,0.0,38.22,38.22,0.0,0.0,0.0,0.0
719.0,0.0,38.22,0.0,38.22,0.0,0.0,0.0,0.0,38.22,38.22,0.0,0.0,0.0,0.0
