datetime,temperature,relative_humidity,ghi,dhi,dni,solar_zenith_angle,cloud_type,wind_speed,actual_power_mw,predicted_power_mw,actual_power_kw,predicted_power_kw
2006-01-01 00:00:00,14.9,85.04,31,31,0,81.16,8,4.4,0.0,0.0,0.0,0.0
2006-01-01 00:30:00,14.8,85.59,11,11,0,86.37,8,4.3,0.0,0.0,0.0,0.0
2006-01-01 01:00:00,14.7,87.83,0,0,0,92.13,8,4.1000000000000005,0.0,0.060402835239080854,0.0,60.40283523908086
2006-01-01 01:30:00,14.7,87.83,0,0,0,97.88,7,4.0,0.0,0.08388447939616261,0.0,83.88447939616262
2006-01-01 02:00:00,14.7,88.97,0,0,0,103.79,4,3.8,0.0,0.4274492310459632,0.0,427.44923104596324
2006-01-01 02:30:00,14.6,89.54,0,0,0,109.82,8,3.6,0.0,0.1331559691724178,0.0,133.1559691724178
2006-01-01 03:00:00,14.6,90.5,0,0,0,115.95,8,3.5,0.0,0.25466687283760003,0.0,254.66687283760004
2006-01-01 03:30:00,14.5,91.09,0,0,0,122.16,7,3.4000000000000004,0.0,0.27613179287759704,0.0,276.13179287759704
2006-01-01 04:00:00,14.4,92.19,0,0,0,128.42000000000002,8,3.3000000000000003,0.0,0.3294569800272129,0.0,329.4569800272129
2006-01-01 04:30:00,14.4,92.19,0,0,0,134.72,7,3.3000000000000003,0.0,0.32951551893701514,0.0,329.51551893701514
2006-01-01 05:00:00,14.4,92.57,0,0,0,141.02,7,3.3000000000000003,0.0,0.4282261411369832,0.0,428.2261411369832
2006-01-01 05:30:00,14.4,92.57,0,0,0,147.29,7,3.3000000000000003,0.0,0.36157748072911455,0.0,361.57748072911454
2006-01-01 06:00:00,14.5,92.78,0,0,0,153.48,8,3.3000000000000003,0.0,3.27771057740357,0.0,3277.7105774035704
2006-01-01 06:30:00,14.5,92.78,0,0,0,159.46,7,3.2,0.0,3.298747374368657,0.0,3298.747374368657
2006-01-01 07:00:00,14.6,92.81,0,0,0,164.94,1,3.1,0.0,3.8244484437087767,0.0,3824.4484437087767
2006-01-01 07:30:00,14.6,92.81,0,0,0,169.12,1,2.9000000000000004,0.9166666666666666,3.8151694664914473,916.6666666666666,3815.169466491447
2006-01-01 08:00:00,14.6,93.38,0,0,0,170.12,0,2.8000000000000003,2.9166666666666665,4.055939890430828,2916.6666666666665,4055.939890430828
2006-01-01 08:30:00,14.7,92.78,0,0,0,167.19,0,2.5,4.8999999999999995,4.136883437035496,4899.999999999999,4136.883437035496
2006-01-01 09:00:00,14.7,93.06,0,0,0,162.18,0,2.2,5.433333333333334,4.407957907218702,5433.333333333334,4407.957907218702
2006-01-01 09:30:00,14.7,93.06,0,0,0,156.38,0,2.0,5.25,4.504764038593162,5250.0,4504.764038593162
2006-01-01 10:00:00,14.7,92.66,0,0,0,150.27,0,1.8,4.8999999999999995,4.765948985896728,4899.999999999999,4765.948985896728
2006-01-01 10:30:00,14.7,92.57,0,0,0,144.03,3,1.7000000000000002,2.6333333333333333,4.648247062590717,2633.3333333333335,4648.247062590717
2006-01-01 11:00:00,14.6,92.0,0,0,0,137.73,1,1.5,4.383333333333334,5.043900042746275,4383.333333333334,5043.900042746275
2006-01-01 11:30:00,14.6,92.0,0,0,0,131.43,0,1.4,4.45,5.195470420223105,4450.0,5195.470420223104
2006-01-01 12:00:00,14.6,90.89,0,0,0,125.14,4,1.3,3.8000000000000003,5.168705371213646,3800.0000000000005,5168.705371213646
2006-01-01 12:30:00,14.5,91.48,0,0,0,118.9,4,1.1,3.016666666666667,5.273061571831004,3016.666666666667,5273.061571831004
2006-01-01 13:00:00,14.4,90.64,0,0,0,112.73,7,0.9,2.6166666666666667,5.330611785165733,2616.6666666666665,5330.611785165733
2006-01-01 13:30:00,14.3,91.32,0,0,0,106.64,7,0.8,1.9666666666666668,5.416326933535963,1966.6666666666667,5416.326933535963
2006-01-01 14:00:00,14.2,90.49,0,0,0,100.67,7,0.8,1.8666666666666665,5.637734912007362,1866.6666666666665,5637.734912007362
2006-01-01 14:30:00,14.2,90.49,0,0,0,94.84,7,0.9,2.733333333333333,5.6821297419119485,2733.333333333333,5682.129741911948
2006-01-01 15:00:00,14.2,90.68,14,12,122,88.81,0,1.1,1.3,6.1565215246204845,1300.0,6156.521524620484
2006-01-01 15:30:00,14.5,88.95,54,53,12,83.61,7,1.4,0.5666666666666667,5.107489331314405,566.6666666666666,5107.489331314406
2006-01-01 16:00:00,14.8,88.27,166,47,594,78.48,0,1.6,0.19999999999999998,4.9929794113643755,199.99999999999997,4992.979411364376
2006-01-01 16:30:00,15.2,86.12,254,57,699,73.65,0,1.6,0.0,4.386576309706602,0.0,4386.576309706603
2006-01-01 17:00:00,15.6,83.18,338,63,774,69.19,0,1.6,0.0,4.035237470761087,0.0,4035.2374707610875
2006-01-01 17:30:00,16.0,81.09,355,151,487,65.21000000000001,8,1.7000000000000002,0.0,3.215563652223001,0.0,3215.563652223001
2006-01-01 18:00:00,16.400000000000002,76.43,331,236,201,61.79,7,1.8,0.0,2.9261403923872775,0.0,2926.1403923872776
2006-01-01 18:30:00,16.7,74.92,298,274,47,59.04,4,2.0,0.0,2.9108287632498557,0.0,2910.828763249856
2006-01-01 19:00:00,17.1,69.32000000000001,337,263,136,57.06,8,2.2,0.0,0.0,0.0,0.0
2006-01-01 19:30:00,17.6,67.18,403,259,257,55.93,7,2.5,0.0,0.0,0.0,0.0
2006-01-01 20:00:00,18.0,62.13,294,255,69,55.7,8,2.7,0.0,0.34862562357995386,0.0,348.62562357995387
2006-01-01 20:30:00,18.4,60.6,270,236,61,56.39,8,2.9000000000000004,0.0,0.550222495865808,0.0,550.222495865808
2006-01-01 21:00:00,18.7,56.85,262,251,21,57.95,4,3.1,0.0,0.6550504844483327,0.0,655.0504844483327
2006-01-01 21:30:00,18.6,57.15,401,224,358,60.33,7,3.2,0.0,0.004810493434195706,0.0,4.810493434195706
2006-01-01 22:00:00,18.5,57.55,262,215,105,63.43,8,3.3000000000000003,0.0,0.8064242959904786,0.0,806.4242959904786
2006-01-01 22:30:00,18.0,59.38,312,157,398,67.14,8,3.4000000000000004,0.0,0.8862339260296681,0.0,886.233926029668
2006-01-01 23:00:00,17.6,62.98,293,60,729,71.37,1,3.5,0.0,1.9619289805709395,0.0,1961.9289805709395
2006-01-01 23:30:00,16.900000000000002,65.88,67,66,5,76.03,8,3.4000000000000004,0.0,2.9327954178879967,0.0,2932.795417887997
2006-01-02 00:00:00,16.1,74.03,81,79,11,81.02,4,3.3000000000000003,0.0,0.0,0.0,0.0
2006-01-02 00:30:00,15.6,76.43,14,14,0,86.24,4,3.4000000000000004,0.0,0.08124245343993453,0.0,81.24245343993452
2006-01-02 01:00:00,15.1,83.71000000000001,0,0,0,92.0,0,3.5,0.0,0.6815946760503071,0.0,681.5946760503072
2006-01-02 01:30:00,15.1,83.71000000000001,0,0,0,97.74,4,3.7,0.0,0.31732196118116485,0.0,317.32196118116485
2006-01-02 02:00:00,15.0,87.52,0,0,0,103.65,4,4.0,0.0,0.3870499844783437,0.0,387.04998447834373
2006-01-02 02:30:00,14.9,88.08,0,0,0,109.68,0,4.1000000000000005,0.0,0.5761763624780432,0.0,576.1763624780432
2006-01-02 03:00:00,14.9,90.04,0,0,0,115.81,0,4.3,0.0,0.6508475697853611,0.0,650.8475697853611
2006-01-02 03:30:00,14.9,90.04,0,0,0,122.02,0,4.3,0.0,0.584836695601491,0.0,584.836695601491
2006-01-02 04:00:00,14.9,91.31,0,0,0,128.28,0,4.4,0.0,0.6716383205095362,0.0,671.6383205095362
2006-01-02 04:30:00,15.0,90.72,0,0,0,134.58,0,4.6000000000000005,0.0,0.5666443336681797,0.0,566.6443336681797
2006-01-02 05:00:00,15.1,92.0,0,0,0,140.89,0,4.800000000000001,0.0,0.6359990671964344,0.0,635.9990671964345
2006-01-02 05:30:00,15.2,91.42,0,0,0,147.16,0,4.7,0.0,0.5841130730311919,0.0,584.1130730311919
2006-01-02 06:00:00,15.4,92.58,0,0,0,153.34,0,4.7,0.0,3.573576956837387,0.0,3573.576956837387
2006-01-02 06:30:00,15.5,91.99,0,0,0,159.32,0,4.7,0.0,3.507137959578607,0.0,3507.137959578607
2006-01-02 07:00:00,15.5,93.42,0,0,0,164.8,0,4.6000000000000005,0.0,3.6383267481690598,0.0,3638.3267481690596
2006-01-02 07:30:00,15.6,92.82,0,0,0,168.99,1,4.5,0.3833333333333333,3.541406774041624,383.3333333333333,3541.406774041624
2006-01-02 08:00:00,15.6,93.35,0,0,0,170.06,0,4.5,2.0500000000000003,3.763620762596754,2050.0000000000005,3763.620762596754
2006-01-02 08:30:00,15.7,92.75,0,0,0,167.19,0,4.5,3.1,3.7911963283955488,3100.0,3791.196328395549
2006-01-02 09:00:00,15.7,93.25,0,0,0,162.21,0,4.6000000000000005,3.4499999999999997,3.9929408889668707,3449.9999999999995,3992.9408889668707
2006-01-02 09:30:00,15.8,92.56,0,0,0,156.43,3,4.7,1.8499999999999999,3.8322639329731416,1849.9999999999998,3832.2639329731414
2006-01-02 10:00:00,15.8,92.93,0,0,0,150.33,4,4.800000000000001,3.0500000000000003,3.978121979193649,3050.0000000000005,3978.121979193649
2006-01-02 10:30:00,15.8,92.93,0,0,0,144.09,7,4.9,5.783333333333332,3.825796737673217,5783.333333333332,3825.796737673217
2006-01-02 11:00:00,15.8,92.62,0,0,0,137.79,7,5.0,2.85,4.036801291611063,2850.0,4036.801291611063
2006-01-02 11:30:00,15.8,92.52,0,0,0,131.49,7,5.2,2.183333333333333,4.068026332253947,2183.333333333333,4068.0263322539467
2006-01-02 12:00:00,15.7,91.51,0,0,0,125.2,1,5.5,1.0666666666666667,4.6412019075691635,1066.6666666666667,4641.201907569163
2006-01-02 12:30:00,15.6,92.1,0,0,0,118.96,0,5.7,0.6,4.742277274507025,600.0,4742.277274507025
2006-01-02 13:00:00,15.5,91.0,0,0,0,112.78,8,5.9,0.5333333333333333,4.392964867749994,533.3333333333334,4392.964867749994
2006-01-02 13:30:00,15.5,91.0,0,0,0,106.7,4,6.0,0.3333333333333333,4.708121509973255,333.3333333333333,4708.121509973255
2006-01-02 14:00:00,15.4,90.75,0,0,0,100.72,4,6.1000000000000005,0.26666666666666666,4.915475543591288,266.6666666666667,4915.475543591288
2006-01-02 14:30:00,15.5,90.17,0,0,0,94.88,3,6.4,0.08333333333333333,4.989035235290297,83.33333333333333,4989.035235290297
2006-01-02 15:00:00,15.6,89.83,3,3,0,88.84,3,6.6000000000000005,0.08333333333333333,5.134695565523701,83.33333333333333,5134.695565523702
2006-01-02 15:30:00,15.7,89.26,80,31,438,83.64,1,7.1000000000000005,0.0,4.490974456933757,0.0,4490.974456933757
2006-01-02 16:00:00,15.9,88.42,18,18,0,78.5,3,7.5,0.0,5.027605470986508,0.0,5027.6054709865075
2006-01-02 16:30:00,16.1,87.39,39,39,0,73.66,3,8.1,0.0,4.675676731530702,0.0,4675.6767315307015
2006-01-02 17:00:00,16.3,85.31,43,43,0,69.19,4,8.700000000000001,0.0,4.664544252648357,0.0,4664.544252648357
2006-01-02 17:30:00,16.400000000000002,84.77,105,105,0,65.19,3,9.0,0.0,3.874094158739815,0.0,3874.094158739815
2006-01-02 18:00:00,16.6,82.3,125,125,0,61.76,3,9.3,0.0,3.7609164677315086,0.0,3760.9164677315084
2006-01-02 18:30:00,16.5,82.83,205,203,3,59.0,4,9.4,0.0,2.7088744109988636,0.0,2708.874410998864
2006-01-02 19:00:00,16.5,82.44,96,95,1,57.0,7,9.5,0.0,1.2706577712364122,0.0,1270.6577712364121
2006-01-02 19:30:00,16.5,82.44,88,87,1,55.85,7,9.4,0.0,1.4073283884996055,0.0,1407.3283884996056
2006-01-02 20:00:00,16.400000000000002,84.75,182,177,9,55.61,7,9.2,0.0,0.47617451668216204,0.0,476.17451668216205
2006-01-02 20:30:00,16.400000000000002,84.75,56,56,0,56.28,7,8.9,0.0,2.0588231327703053,0.0,2058.823132770305
2006-01-02 21:00:00,16.400000000000002,86.13,77,77,0,57.83,4,8.5,0.0,2.1800201283122753,0.0,2180.020128312275
2006-01-02 21:30:00,16.400000000000002,86.13,138,135,5,60.2,7,8.1,0.0,1.2898538106891617,0.0,1289.8538106891617
2006-01-02 22:00:00,16.400000000000002,85.92,149,145,9,63.29,7,7.7,0.0,1.3291272895786137,0.0,1329.1272895786137
2006-01-02 22:30:00,16.3,86.55,249,202,119,67.0,7,7.5,0.0,0.3079734155927516,0.0,307.9734155927516
2006-01-02 23:00:00,16.2,84.21000000000001,197,168,92,71.23,7,7.2,0.0,0.963207536187296,0.0,963.207536187296
2006-01-02 23:30:00,15.8,86.46000000000001,103,99,13,75.89,8,6.9,0.0,1.9642640383139331,0.0,1964.264038313933
2006-01-03 00:00:00,15.4,83.09,47,47,2,80.88,7,6.7,0.0,0.0,0.0,0.0
2006-01-03 00:30:00,15.0,85.33,24,24,1,86.10000000000001,7,6.300000000000001,0.0,0.0,0.0,0.0
2006-01-03 01:00:00,14.6,81.85000000000001,0,0,0,91.85,8,6.0,0.0,0.0,0.0,0.0
2006-01-03 01:30:00,14.3,83.53,0,0,0,97.6,8,5.6000000000000005,0.0,0.0,0.0,0.0
2006-01-03 02:00:00,14.0,81.29,0,0,0,103.51,7,5.2,0.0,0.0,0.0,0.0
2006-01-03 02:30:00,13.8,82.43,0,0,0,109.54,0,4.800000000000001,0.0,0.41471943413948,0.0,414.71943413948
2006-01-03 03:00:00,13.6,81.37,0,0,0,115.67,0,4.4,0.0,0.5758568786035159,0.0,575.8568786035158
2006-01-03 03:30:00,13.5,81.9,0,0,0,121.88,0,4.2,0.0,0.5475190078476941,0.0,547.5190078476942
2006-01-03 04:00:00,13.4,81.5,0,0,0,128.15,0,4.0,0.0,0.6765049739142575,0.0,676.5049739142574
2006-01-03 04:30:00,13.4,81.5,0,0,0,134.45,0,3.8,0.0,0.6446908834489726,0.0,644.6908834489726
2006-01-03 05:00:00,13.3,81.97,0,0,0,140.75,0,3.7,0.0,0.7609059583311322,0.0,760.9059583311322
2006-01-03 05:30:00,13.3,81.97,0,0,0,147.02,0,3.6,0.0,0.7118340294505547,0.0,711.8340294505548
2006-01-03 06:00:00,13.3,82.64,0,0,0,153.21,1,3.5,0.0,3.6476510631500867,0.0,3647.651063150087
2006-01-03 06:30:00,13.3,82.64,0,0,0,159.18,0,3.5,0.0,3.6512174262918817,0.0,3651.2174262918816
2006-01-03 07:00:00,13.3,82.91,0,0,0,164.66,0,3.4000000000000004,0.0,3.775573236942483,0.0,3775.573236942483
2006-01-03 07:30:00,13.3,82.91,0,0,0,168.86,0,3.4000000000000004,0.5166666666666667,3.730928201262571,516.6666666666667,3730.9282012625713
2006-01-03 08:00:00,13.3,82.91,0,0,0,169.98,0,3.4000000000000004,2.9166666666666665,3.8824626448093076,2916.6666666666665,3882.4626448093077
2006-01-03 08:30:00,13.2,83.45,0,0,0,167.18,0,3.4000000000000004,5.066666666666666,3.914804447284954,5066.666666666666,3914.804447284954
2006-01-03 09:00:00,13.2,83.02,0,0,0,162.24,0,3.4000000000000004,3.85,4.128222385219239,3850.0,4128.222385219239
2006-01-03 09:30:00,13.1,83.48,0,0,0,156.47,0,3.4000000000000004,4.25,4.191663365924903,4250.0,4191.663365924903
2006-01-03 10:00:00,13.0,82.24,0,0,0,150.38,0,3.4000000000000004,1.8166666666666667,4.411931812572455,1816.6666666666667,4411.931812572455
2006-01-03 10:30:00,12.9,82.77,0,0,0,144.15,0,3.3000000000000003,3.966666666666667,4.498251554065082,3966.666666666667,4498.251554065082
2006-01-03 11:00:00,12.8,81.78,0,0,0,137.85,0,3.3000000000000003,7.616666666666667,4.722224877052632,7616.666666666667,4722.224877052632
2006-01-03 11:30:00,12.7,82.32000000000001,0,0,0,131.55,0,3.1,8.516666666666667,4.8269243389827885,8516.666666666668,4826.924338982789
2006-01-03 12:00:00,12.6,81.31,0,0,0,125.26,0,2.9000000000000004,8.5,5.085827017356442,8500.0,5085.8270173564415
2006-01-03 12:30:00,12.5,81.93,0,0,0,119.02,0,2.6,8.183333333333334,5.2079366644478124,8183.333333333334,5207.936664447812
2006-01-03 13:00:00,12.4,81.07000000000001,0,0,0,112.84,0,2.3000000000000003,7.716666666666666,5.48413037433836,7716.666666666666,5484.13037433836
2006-01-03 13:30:00,12.3,81.68,0,0,0,106.74,0,2.1,6.966666666666666,5.587116217064201,6966.666666666666,5587.116217064201
2006-01-03 14:00:00,12.2,80.35000000000001,0,0,0,100.76,0,1.9,6.2,5.840838707182179,6200.0,5840.838707182179
2006-01-03 14:30:00,12.4,79.38,0,0,0,94.92,0,1.9,5.166666666666667,5.898407630411288,5166.666666666667,5898.407630411289
2006-01-03 15:00:00,12.6,78.98,14,12,79,88.86,0,1.8,4.0,5.947764999494192,4000.0,5947.764999494192
2006-01-03 15:30:00,13.0,76.95,49,49,1,83.65,3,1.9,2.6333333333333333,5.237610991715267,2633.3333333333335,5237.610991715267
2006-01-03 16:00:00,13.5,75.65,169,53,583,78.51,1,2.0,0.9500000000000001,4.71949331926813,950.0000000000001,4719.49331926813
2006-01-03 16:30:00,13.8,74.26,230,134,343,73.66,7,2.2,0.0,3.512358682212918,0.0,3512.358682212918
2006-01-03 17:00:00,14.2,71.21000000000001,214,191,64,69.18,6,2.3000000000000003,0.0,3.4260439633499393,0.0,3426.0439633499395
2006-01-03 17:30:00,14.8,68.51,318,221,231,65.17,7,2.6,0.0,2.6294128800579246,0.0,2629.4128800579247
2006-01-03 18:00:00,15.3,64.77,494,73,890,61.72,0,2.9000000000000004,0.0,3.0086769801898017,0.0,3008.6769801898017
2006-01-03 18:30:00,15.9,62.34,546,75,913,58.94,0,3.3000000000000003,0.0,2.711363226598335,0.0,2711.363226598335
2006-01-03 19:00:00,16.6,56.95,523,164,657,56.93,7,3.6,0.0,0.0,0.0,0.0
2006-01-03 19:30:00,17.0,55.47,605,76,941,55.76,1,3.8,0.0,0.0,0.0,0.0
2006-01-03 20:00:00,17.400000000000002,52.06,610,75,944,55.51,0,4.0,0.0,0.0,0.0,0.0
2006-01-03 20:30:00,17.6,51.41,598,74,940,56.17,0,4.1000000000000005,0.0,0.0,0.0,0.0
2006-01-03 21:00:00,17.7,49.74,570,73,929,57.71,0,4.1000000000000005,0.0,0.07932273905037546,0.0,79.32273905037546
2006-01-03 21:30:00,17.7,49.74,526,71,912,60.07,0,4.2,0.0,0.2468722301650712,0.0,246.87223016507122
2006-01-03 22:00:00,17.6,49.05,468,68,886,63.16,0,4.2,0.0,0.6696828395265062,0.0,669.6828395265062
2006-01-03 22:30:00,17.3,49.99,397,64,849,66.86,0,4.0,0.0,1.0632320316196053,0.0,1063.2320316196053
2006-01-03 23:00:00,16.900000000000002,50.81,315,59,793,71.09,0,3.7,0.0,1.7346020137526001,0.0,1734.6020137526002
2006-01-03 23:30:00,15.9,54.14,225,51,707,75.74,0,3.2,0.0,2.3940046440308382,0.0,2394.0046440308383
2006-01-04 00:00:00,14.9,61.76,133,40,582,80.74,0,2.7,0.0,0.0,0.0,0.0
2006-01-04 00:30:00,14.1,65.02,49,23,362,85.96000000000001,0,2.6,0.0,0.1066425118562,0.0,106.6425118562
2006-01-04 01:00:00,13.4,66.03,0,0,0,91.71,0,2.5,0.0,0.7460594134892959,0.0,746.0594134892959
2006-01-04 01:30:00,13.1,67.4,0,0,0,97.46,0,2.9000000000000004,0.0,0.6208940190913623,0.0,620.8940190913623
2006-01-04 02:00:00,12.8,69.68,0,0,0,103.37,0,3.2,0.0,0.6804047327352858,0.0,680.4047327352857
2006-01-04 02:30:00,12.6,70.60000000000001,0,0,0,109.4,0,3.4000000000000004,0.0,0.5853681651643969,0.0,585.3681651643969
2006-01-04 03:00:00,12.5,72.16,0,0,0,115.54,0,3.7,0.0,0.6393977202655587,0.0,639.3977202655587
2006-01-04 03:30:00,12.3,73.11,0,0,0,121.75,0,3.5,0.0,0.6129314350785606,0.0,612.9314350785606
2006-01-04 04:00:00,12.2,72.75,0,0,0,128.01,0,3.4000000000000004,0.0,0.7246825872507927,0.0,724.6825872507927
2006-01-04 04:30:00,12.1,73.23,0,0,0,134.31,0,3.2,0.0,0.6950935122477719,0.0,695.093512247772
2006-01-04 05:00:00,12.1,71.28,0,0,0,140.61,0,3.1,0.0,0.7976560051130888,0.0,797.6560051130888
2006-01-04 05:30:00,12.0,71.75,0,0,0,146.88,0,2.9000000000000004,0.0,0.7683269182398274,0.0,768.3269182398274
2006-01-04 06:00:00,12.0,69.60000000000001,0,0,0,153.07,0,2.8000000000000003,0.0,3.754558839377321,0.0,3754.558839377321
2006-01-04 06:30:00,11.9,70.06,0,0,0,159.04,3,2.8000000000000003,0.0,3.4921280382982207,0.0,3492.128038298221
2006-01-04 07:00:00,11.9,68.58,0,0,0,164.52,7,2.8000000000000003,0.0,3.3204943758108336,0.0,3320.494375810834
2006-01-04 07:30:00,11.9,68.58,0,0,0,168.72,0,2.8000000000000003,0.8666666666666667,3.745031987138611,866.6666666666667,3745.031987138611
2006-01-04 08:00:00,11.9,67.49,0,0,0,169.89,3,2.8000000000000003,3.1166666666666667,3.688536021812168,3116.6666666666665,3688.536021812168
2006-01-04 08:30:00,11.9,67.49,0,0,0,167.17000000000002,7,2.8000000000000003,4.466666666666667,3.4493446275814312,4466.666666666667,3449.3446275814313
2006-01-04 09:00:00,11.9,66.08,0,0,0,162.26,1,2.7,5.416666666666667,4.0764042702494985,5416.666666666667,4076.4042702494985
2006-01-04 09:30:00,11.9,66.08,0,0,0,156.51,1,2.7,6.166666666666667,4.137525450049378,6166.666666666667,4137.525450049378
2006-01-04 10:00:00,11.9,64.56,0,0,0,150.43,1,2.7,6.8999999999999995,4.356640683175469,6899.999999999999,4356.640683175468
2006-01-04 10:30:00,12.2,63.24,0,0,0,144.20000000000002,3,2.7,7.316666666666666,4.282843781308086,7316.666666666666,4282.843781308086
2006-01-04 11:00:00,12.5,60.54,0,0,0,137.91,7,2.7,7.466666666666666,4.230943379650942,7466.666666666666,4230.943379650942
2006-01-04 11:30:00,12.7,59.75,0,0,0,131.6,7,2.8000000000000003,7.400000000000001,4.276991853121071,7400.000000000001,4276.9918531210715
2006-01-04 12:00:00,13.0,56.620000000000005,0,0,0,125.31,7,2.8000000000000003,7.183333333333334,4.490662906946284,7183.333333333334,4490.662906946283
2006-01-04 12:30:00,13.0,56.620000000000005,0,0,0,119.06,1,2.9000000000000004,6.8999999999999995,4.94167879499688,6899.999999999999,4941.67879499688
2006-01-04 13:00:00,13.0,55.46,0,0,0,112.88,7,3.0,6.733333333333333,4.744244298418302,6733.333333333333,4744.244298418302
2006-01-04 13:30:00,13.1,55.16,0,0,0,106.78,7,3.0,6.383333333333333,4.807921172076231,6383.333333333333,4807.9211720762305
2006-01-04 14:00:00,13.2,55.620000000000005,0,0,0,100.8,1,3.1,5.633333333333333,5.422818861381852,5633.333333333333,5422.818861381852
2006-01-04 14:30:00,13.8,53.5,0,0,0,94.95,1,3.2,4.766666666666667,5.458552972571098,4766.666666666667,5458.5529725710985
2006-01-04 15:00:00,14.5,53.55,14,11,176,88.88,0,3.3000000000000003,3.4499999999999997,5.566792594904367,3449.9999999999995,5566.792594904367
2006-01-04 15:30:00,15.8,49.27,82,30,473,83.67,0,3.6,2.0500000000000003,4.922596317218041,2050.0000000000005,4922.596317218041
2006-01-04 16:00:00,17.1,46.12,170,43,639,78.52,0,3.9,0.7833333333333333,4.376137625045034,783.3333333333334,4376.137625045034
2006-01-04 16:30:00,18.1,43.36,260,52,740,73.65,0,3.8,0.0,3.7978324493142575,0.0,3797.8324493142572
2006-01-04 17:00:00,19.1,42.23,344,58,804,69.16,0,3.7,0.0,3.499397849523725,0.0,3499.3978495237247
2006-01-04 17:30:00,20.0,39.9,419,62,849,65.14,0,3.6,0.0,3.1346777214574173,0.0,3134.677721457417
2006-01-04 18:00:00,20.9,38.18,484,65,882,61.68,0,3.5,0.0,3.02521160290563,0.0,3025.21160290563
2006-01-04 18:30:00,21.6,36.58,535,68,903,58.88,0,3.3000000000000003,0.0,2.851466027790771,0.0,2851.466027790771
2006-01-04 19:00:00,22.200000000000003,35.21,573,69,921,56.85,0,3.2,0.0,0.014714690895623495,0.0,14.714690895623495
2006-01-04 19:30:00,22.5,34.58,594,70,928,55.67,0,3.1,0.0,0.0,0.0,0.0
2006-01-04 20:00:00,22.9,33.46,598,71,928,55.4,0,3.1,0.0,0.1132315127176482,0.0,113.2315127176482
2006-01-04 20:30:00,23.0,33.26,587,71,924,56.04,0,3.2,0.0,0.1317630603064388,0.0,131.7630603064388
2006-01-04 21:00:00,23.1,32.94,559,71,912,57.58,0,3.2,0.0,0.39055565506032086,0.0,390.5556550603209
2006-01-04 21:30:00,23.0,33.14,517,68,895,59.93,0,3.3000000000000003,0.0,0.5428555523905505,0.0,542.8555523905505
2006-01-04 22:00:00,22.8,33.94,460,66,866,63.01,0,3.4000000000000004,0.0,0.928177200179988,0.0,928.177200179988
2006-01-04 22:30:00,22.4,34.77,390,62,829,66.72,0,3.3000000000000003,0.0,1.2792986340171308,0.0,1279.2986340171308
2006-01-04 23:00:00,21.9,36.98,310,58,770,70.94,0,3.3000000000000003,0.0,1.865814995771007,0.0,1865.814995771007
2006-01-04 23:30:00,20.8,39.54,222,51,690,75.60000000000001,1,3.2,0.0,2.374599701951541,0.0,2374.5997019515407
2006-01-05 00:00:00,19.700000000000003,43.55,121,76,279,80.59,7,3.1,0.0,0.0,0.0,0.0
2006-01-05 00:30:00,19.1,45.2,35,34,6,85.82000000000001,7,3.3000000000000003,0.0,0.0,0.0,0.0
2006-01-05 01:00:00,18.6,45.34,0,0,0,91.56,7,3.6,0.0,0.0,0.0,0.0
2006-01-05 01:30:00,18.4,45.91,0,0,0,97.32,7,3.8,0.0,0.0,0.0,0.0
2006-01-05 02:00:00,18.1,46.1,0,0,0,103.22,7,4.0,0.0,0.0,0.0,0.0
2006-01-05 02:30:00,17.900000000000002,46.68,0,0,0,109.26,3,3.9,0.0,0.1889221358954125,0.0,188.9221358954125
2006-01-05 03:00:00,17.7,47.42,0,0,0,115.39,3,3.8,0.0,0.3079322825807911,0.0,307.9322825807911
2006-01-05 03:30:00,17.6,47.72,0,0,0,121.61,3,3.8,0.0,0.24297983647486388,0.0,242.97983647486387
2006-01-05 04:00:00,17.400000000000002,48.26,0,0,0,127.87,0,3.7,0.0,0.5605082906524543,0.0,560.5082906524543
2006-01-05 04:30:00,17.400000000000002,48.26,0,0,0,134.17000000000002,1,3.7,0.0,0.4265146447029162,0.0,426.5146447029162
2006-01-05 05:00:00,17.3,48.23,0,0,0,140.47,0,3.7,0.0,0.5892338313754497,0.0,589.2338313754498
2006-01-05 05:30:00,17.3,48.23,0,0,0,146.74,1,3.7,0.0,0.4555590785379111,0.0,455.5590785379111
2006-01-05 06:00:00,17.2,48.26,0,0,0,152.92000000000002,3,3.8,0.0,3.284930511908563,0.0,3284.930511908563
2006-01-05 06:30:00,17.2,48.26,0,0,0,158.89,1,3.8,0.0,3.3555229674800278,0.0,3355.5229674800275
2006-01-05 07:00:00,17.2,48.16,0,0,0,164.37,3,3.9,0.31666666666666665,3.308493645873823,316.66666666666663,3308.4936458738234
2006-01-05 07:30:00,17.2,48.16,0,0,0,168.58,7,3.9,1.9000000000000001,2.9956379427712316,1900.0000000000002,2995.637942771232
2006-01-05 08:00:00,17.2,48.02,0,0,0,169.8,3,3.9,3.1333333333333333,3.413389109245288,3133.3333333333335,3413.3891092452877
2006-01-05 08:30:00,17.1,48.32,0,0,0,167.14,1,3.7,4.2,3.612034672205098,4200.0,3612.034672205098
2006-01-05 09:00:00,17.1,48.63,0,0,0,162.27,3,3.5,5.1000000000000005,3.7301687730923954,5100.000000000001,3730.1687730923954
2006-01-05 09:30:00,17.0,48.94,0,0,0,156.55,3,3.3000000000000003,5.933333333333334,3.827348153599041,5933.333333333334,3827.348153599041
2006-01-05 10:00:00,17.0,48.03,0,0,0,150.47,3,3.1,6.633333333333333,4.085210053696361,6633.333333333333,4085.2100536963612
2006-01-05 10:30:00,16.900000000000002,48.29,0,0,0,144.25,3,2.9000000000000004,7.116666666666667,4.187409794491796,7116.666666666667,4187.409794491796
2006-01-05 11:00:00,16.900000000000002,46.65,0,0,0,137.96,0,2.8000000000000003,7.433333333333334,4.626705428431302,7433.333333333334,4626.705428431303
2006-01-05 11:30:00,16.8,46.94,0,0,0,131.65,1,2.7,7.6499999999999995,4.645435739552493,7649.999999999999,4645.435739552493
2006-01-05 12:00:00,16.7,46.4,0,0,0,125.36,3,2.5,7.45,4.773054767232093,7450.0,4773.054767232093
2006-01-05 12:30:00,16.7,46.4,0,0,0,119.11,0,2.5,7.2,5.0405691095209715,7200.0,5040.569109520971
2006-01-05 13:00:00,16.6,46.04,0,0,0,112.92,0,2.4000000000000004,7.183333333333334,5.284660903172943,7183.333333333334,5284.660903172943
2006-01-05 13:30:00,16.6,46.04,0,0,0,106.82,0,2.4000000000000004,6.633333333333333,5.349502502612815,6633.333333333333,5349.502502612815
2006-01-05 14:00:00,16.5,45.91,0,0,0,100.83,0,2.4000000000000004,5.416666666666667,5.57524642524902,5416.666666666667,5575.24642524902
2006-01-05 14:30:00,17.0,44.48,0,0,0,94.98,0,2.7,4.0,5.57928909347299,4000.0,5579.28909347299
2006-01-05 15:00:00,17.5,43.28,15,11,210,88.9,0,2.9000000000000004,3.4499999999999997,5.592668692460187,3449.9999999999995,5592.668692460186
2006-01-05 15:30:00,18.6,40.4,86,29,516,83.68,0,3.3000000000000003,2.3666666666666667,4.932172625135139,2366.6666666666665,4932.172625135138
2006-01-05 16:00:00,19.700000000000003,37.51,177,42,679,78.52,0,3.7,0.75,4.357003764374884,750.0,4357.003764374884
2006-01-05 16:30:00,20.5,35.7,269,50,778,73.64,0,3.9,0.0,3.7341048401433916,0.0,3734.104840143392
2006-01-05 17:00:00,21.3,33.38,356,56,841,69.14,0,4.1000000000000005,0.0,3.363436671098961,0.0,3363.436671098961
2006-01-05 17:30:00,22.1,31.8,434,61,886,65.1,0,4.4,0.0,2.9150472474809312,0.0,2915.047247480931
2006-01-05 18:00:00,22.9,29.1,500,64,916,61.620000000000005,0,4.6000000000000005,0.0,2.7483897501512993,0.0,2748.3897501512993
2006-01-05 18:30:00,23.4,28.21,552,66,938,58.81,0,4.6000000000000005,0.0,2.5474910415661625,0.0,2547.4910415661625
2006-01-05 19:00:00,23.9,26.38,589,69,948,56.77,0,4.5,0.0,0.0,0.0,0.0
2006-01-05 19:30:00,24.200000000000003,25.89,611,70,956,55.57,0,4.4,0.0,0.0,0.0,0.0
2006-01-05 20:00:00,24.5,24.61,616,73,953,55.28,0,4.3,0.0,0.0,0.0,0.0
2006-01-05 20:30:00,24.6,24.44,604,72,949,55.92,0,4.3,0.0,0.0,0.0,0.0
2006-01-05 21:00:00,24.8,23.85,573,80,917,57.44,1,4.3,0.0,0.07179484593053465,0.0,71.79484593053465
2006-01-05 21:30:00,24.700000000000003,23.99,508,221,571,59.79,3,4.3,0.0,0.0,0.0,0.0
2006-01-05 22:00:00,24.6,24.26,356,261,207,62.86,3,4.3,0.0,0.0,0.0,0.0
2006-01-05 22:30:00,24.0,25.14,305,224,205,66.57000000000001,3,4.1000000000000005,0.0,0.31779658595892424,0.0,317.79658595892425
2006-01-05 23:00:00,23.5,27.43,292,157,411,70.79,3,3.8,0.0,1.0231156190340487,0.0,1023.1156190340487
2006-01-05 23:30:00,22.3,29.49,229,58,679,75.44,0,3.5,0.0,2.221381919866602,0.0,2221.381919866602
2006-01-06 00:00:00,21.1,33.78,138,43,570,80.44,0,3.2,0.0,0.0,0.0,0.0
2006-01-06 00:30:00,20.3,35.52,52,26,343,85.68,0,3.3000000000000003,0.0,0.0,0.0,0.0
2006-01-06 01:00:00,19.4,37.53,0,0,0,91.41,0,3.3000000000000003,0.0,0.47690071412229984,0.0,476.90071412229986
2006-01-06 01:30:00,19.1,38.24,0,0,0,97.17,0,3.4000000000000004,0.0,0.4004714877743949,0.0,400.4714877743949
2006-01-06 02:00:00,18.8,38.34,0,0,0,103.08,0,3.5,0.0,0.4822943783445599,0.0,482.2943783445599
2006-01-06 02:30:00,18.5,39.07,0,0,0,109.11,0,3.5,0.0,0.42068965548043225,0.0,420.68965548043224
2006-01-06 03:00:00,18.3,39.29,0,0,0,115.25,0,3.5,0.0,0.5189537138580349,0.0,518.9537138580349
2006-01-06 03:30:00,18.1,39.78,0,0,0,121.46,0,3.5,0.0,0.45462433643340927,0.0,454.62433643340927
2006-01-06 04:00:00,18.0,39.71,0,0,0,127.73,0,3.5,0.0,0.5504007038593126,0.0,550.4007038593126
2006-01-06 04:30:00,17.900000000000002,39.96,0,0,0,134.03,0,3.4000000000000004,0.0,0.5018800827374783,0.0,501.8800827374783
2006-01-06 05:00:00,17.8,39.63,0,0,0,140.33,0,3.4000000000000004,0.0,0.5958060275131387,0.0,595.8060275131387
2006-01-06 05:30:00,17.6,40.09,0,0,0,146.6,0,3.4000000000000004,0.0,0.5306621489177938,0.0,530.6621489177938
2006-01-06 06:00:00,17.5,40.02,0,0,0,152.78,1,3.3000000000000003,0.0,3.4616240879502973,0.0,3461.6240879502975
2006-01-06 06:30:00,17.400000000000002,40.27,0,0,0,158.74,0,3.3000000000000003,0.0,3.4661669496668344,0.0,3466.166949666834
2006-01-06 07:00:00,17.3,39.76,0,0,0,164.21,0,3.3000000000000003,0.0,3.5678553141941567,0.0,3567.8553141941566
2006-01-06 07:30:00,17.2,40.01,0,0,0,168.43,0,3.5,0.7000000000000001,3.488714420922404,700.0000000000001,3488.714420922404
2006-01-06 08:00:00,17.1,39.06,0,0,0,169.70000000000002,0,3.6,2.9166666666666665,3.614879270383782,2916.6666666666665,3614.879270383782
2006-01-06 08:30:00,17.1,39.06,0,0,0,167.11,0,3.7,4.216666666666666,3.624833644192436,4216.666666666666,3624.833644192436
2006-01-06 09:00:00,17.0,38.73,0,0,0,162.28,0,3.8,5.233333333333333,3.8194922019925728,5233.333333333333,3819.492201992573
2006-01-06 09:30:00,16.900000000000002,38.94,0,0,0,156.58,0,3.9,6.083333333333333,3.8631397426869434,6083.333333333333,3863.1397426869435
2006-01-06 10:00:00,16.8,38.55,0,0,0,150.51,0,3.9,6.283333333333334,4.088202517416905,6283.333333333334,4088.202517416905
2006-01-06 10:30:00,16.7,38.8,0,0,0,144.29,0,4.0,6.316666666666666,4.137613158648225,6316.666666666666,4137.613158648225
2006-01-06 11:00:00,16.6,38.77,0,0,0,138.0,0,4.1000000000000005,6.266666666666667,4.349558330699534,6266.666666666667,4349.558330699533
2006-01-06 11:30:00,16.7,38.52,0,0,0,131.69,0,4.3,6.316666666666666,4.380608517998077,6316.666666666666,4380.608517998077
2006-01-06 12:00:00,16.7,37.95,0,0,0,125.4,0,4.5,6.166666666666667,4.572398513166389,6166.666666666667,4572.398513166389
2006-01-06 12:30:00,16.6,38.19,0,0,0,119.15,0,4.6000000000000005,5.983333333333333,4.622069142527469,5983.333333333333,4622.069142527469
2006-01-06 13:00:00,16.5,38.72,0,0,0,112.96,0,4.7,5.6000000000000005,4.836250016544225,5600.000000000001,4836.250016544225
2006-01-06 13:30:00,16.3,39.22,0,0,0,106.85,0,4.800000000000001,5.183333333333334,4.88536158390229,5183.333333333334,4885.36158390229
2006-01-06 14:00:00,16.2,39.69,0,0,0,100.86,0,4.9,4.466666666666667,5.097063073945611,4466.666666666667,5097.063073945611
2006-01-06 14:30:00,16.5,38.94,0,0,0,94.99,0,5.1000000000000005,3.6166666666666667,5.121695760526677,3616.6666666666665,5121.695760526677
2006-01-06 15:00:00,16.8,38.23,15,11,183,88.92,0,5.2,2.733333333333333,5.150229592804542,2733.333333333333,5150.229592804541
2006-01-06 15:30:00,17.7,36.12,88,32,512,83.69,0,5.300000000000001,1.6500000000000001,4.508088551770381,1650.0000000000002,4508.088551770381
2006-01-06 16:00:00,18.6,34.65,181,45,683,78.51,0,5.4,0.8333333333333334,3.9749764126865452,833.3333333333334,3974.9764126865452
2006-01-06 16:30:00,19.700000000000003,32.37,276,54,786,73.62,0,5.2,0.0,3.3941418616493775,0.0,3394.1418616493775
2006-01-06 17:00:00,20.700000000000003,31.94,365,60,855,69.11,0,5.0,0.0,3.0961325460122957,0.0,3096.1325460122957
2006-01-06 17:30:00,21.6,30.23,445,65,900,65.06,0,5.0,0.0,2.690310691099155,0.0,2690.310691099155
2006-01-06 18:00:00,22.5,28.36,513,66,939,61.57,0,5.0,0.0,2.572021492659883,0.0,2572.021492659883
2006-01-06 18:30:00,23.1,27.33,567,69,960,58.74,0,4.800000000000001,0.0,2.3915612483908673,0.0,2391.561248390867
2006-01-06 19:00:00,23.700000000000003,25.79,605,72,971,56.67,0,4.6000000000000005,0.0,0.0,0.0,0.0
2006-01-06 19:30:00,24.1,25.15,627,73,979,55.46,0,4.3,0.0,0.0,0.0,0.0
2006-01-06 20:00:00,24.6,23.16,632,75,976,55.16,0,4.1000000000000005,0.0,0.0,0.0,0.0
2006-01-06 20:30:00,24.8,22.86,621,74,973,55.78,0,3.8,0.0,0.0,0.0,0.0
2006-01-06 21:00:00,25.0,21.47,593,73,962,57.3,0,3.6,0.0,0.11656432734562427,0.0,116.56432734562428
2006-01-06 21:30:00,24.9,21.59,549,71,946,59.64,0,3.3000000000000003,0.0,0.33461216993936604,0.0,334.612169939366
2006-01-06 22:00:00,24.700000000000003,22.02,490,69,918,62.71,0,3.1,0.0,0.7714041444292068,0.0,771.4041444292068
2006-01-06 22:30:00,24.0,22.96,418,65,882,66.41,0,2.6,0.0,1.1851334103691489,0.0,1185.1334103691488
2006-01-06 23:00:00,23.3,27.64,331,60,818,70.63,0,2.1,0.0,1.9088239490548249,0.0,1908.8239490548249
2006-01-06 23:30:00,21.700000000000003,30.45,240,52,739,75.29,0,1.8,0.0,2.49470272859757,0.0,2494.70272859757
2006-01-07 00:00:00,20.0,38.76,145,42,615,80.29,0,1.5,0.0,0.0,0.0,0.0
2006-01-07 00:30:00,19.0,41.24,57,26,397,85.53,0,1.6,0.0,0.10815361317936878,0.0,108.15361317936878
2006-01-07 01:00:00,18.0,44.04,0,0,0,91.26,0,1.6,0.0,0.8072128274909118,0.0,807.2128274909119
2006-01-07 01:30:00,17.6,45.16,0,0,0,97.02,0,1.7000000000000002,0.0,0.7325962817295901,0.0,732.5962817295901
2006-01-07 02:00:00,17.1,47.99,0,0,0,102.93,0,1.8,0.0,0.8292953850807812,0.0,829.2953850807811
2006-01-07 02:30:00,16.900000000000002,48.6,0,0,0,108.97,0,1.9,0.0,0.7499031968837417,0.0,749.9031968837418
2006-01-07 03:00:00,16.6,50.69,0,0,0,115.1,3,1.9,0.0,0.6576080836699723,0.0,657.6080836699723
2006-01-07 03:30:00,16.5,51.02,0,0,0,121.32,7,2.0,0.0,0.30715125126479426,0.0,307.15125126479427
2006-01-07 04:00:00,16.400000000000002,52.16,0,0,0,127.59,3,2.1,0.0,0.6605827597331377,0.0,660.5827597331378
2006-01-07 04:30:00,16.3,52.49,0,0,0,133.89,4,2.2,0.0,0.5103538229849713,0.0,510.3538229849713
2006-01-07 05:00:00,16.1,54.06,0,0,0,140.19,1,2.3000000000000003,0.0,0.7983708364627085,0.0,798.3708364627084
2006-01-07 05:30:00,16.0,54.41,0,0,0,146.46,4,2.4000000000000004,0.0,0.5145264179316815,0.0,514.5264179316815
2006-01-07 06:00:00,15.9,55.95,0,0,0,152.63,3,2.5,0.0,3.5539770786135976,0.0,3553.9770786135978
2006-01-07 06:30:00,15.8,56.31,0,0,0,158.59,8,2.5,0.0,3.157011340556756,0.0,3157.011340556756
2006-01-07 07:00:00,15.8,58.2,0,0,0,164.05,3,2.5,0.0,3.6086760843593115,0.0,3608.6760843593115
2006-01-07 07:30:00,15.6,58.94,0,0,0,168.27,7,2.5,0.7166666666666667,3.2988682048679663,716.6666666666666,3298.868204867966
2006-01-07 08:00:00,15.5,61.23,0,0,0,169.58,7,2.4000000000000004,2.983333333333333,3.4788465408137204,2983.333333333333,3478.8465408137204
2006-01-07 08:30:00,15.4,61.620000000000005,0,0,0,167.06,7,2.3000000000000003,4.516666666666667,3.5249051643710625,4516.666666666667,3524.9051643710627
2006-01-07 09:00:00,15.3,64.21000000000001,0,0,0,162.28,1,2.2,5.7,4.173542506097911,5700.0,4173.542506097911
2006-01-07 09:30:00,15.1,65.04,0,0,0,156.6,0,2.1,6.016666666666667,4.322206692082162,6016.666666666667,4322.206692082162
2006-01-07 10:00:00,14.9,67.4,0,0,0,150.54,0,2.1,6.316666666666666,4.562759615538891,6316.666666666666,4562.759615538891
2006-01-07 10:30:00,14.7,68.27,0,0,0,144.33,4,1.9,5.8,4.3997394691430305,5800.0,4399.739469143031
2006-01-07 11:00:00,14.5,70.64,0,0,0,138.04,8,1.8,6.8500000000000005,4.392268506582607,6850.000000000001,4392.268506582606
2006-01-07 11:30:00,14.3,71.56,0,0,0,131.73,0,1.7000000000000002,7.916666666666667,5.017342239766693,7916.666666666667,5017.342239766693
2006-01-07 12:00:00,14.0,74.21000000000001,0,0,0,125.44,3,1.6,7.8999999999999995,5.077944285453402,7899.999999999999,5077.944285453402
2006-01-07 12:30:00,14.0,74.21000000000001,0,0,0,119.19,0,1.4,7.633333333333333,5.380612090796864,7633.333333333333,5380.612090796864
2006-01-07 13:00:00,13.9,76.16,0,0,0,112.99,7,1.2000000000000002,7.216666666666666,5.186811317569898,7216.666666666666,5186.811317569898
2006-01-07 13:30:00,13.7,77.15,0,0,0,106.88,8,1.1,6.75,5.206936599682642,6750.0,5206.936599682642
2006-01-07 14:00:00,13.6,78.29,0,0,0,100.88,7,1.0,5.933333333333334,5.524870576724302,5933.333333333334,5524.870576724302
2006-01-07 14:30:00,14.1,75.8,0,0,0,95.01,1,1.1,4.833333333333333,5.960191929871424,4833.333333333333,5960.191929871425
2006-01-07 15:00:00,14.5,75.83,13,11,108,88.92,0,1.1,3.8666666666666667,6.083597194061836,3866.6666666666665,6083.5971940618365
2006-01-07 15:30:00,15.6,70.67,80,34,416,83.68,0,1.5,2.6166666666666667,5.394115707411436,2616.6666666666665,5394.115707411436
2006-01-07 16:00:00,16.7,64.97,167,51,584,78.5,0,2.0,0.9,4.771788148872923,900.0,4771.788148872923
2006-01-07 16:30:00,17.400000000000002,62.16,259,62,699,73.60000000000001,0,2.1,0.0,4.1237543222867705,0.0,4123.754322286771
2006-01-07 17:00:00,18.0,58.13,346,72,765,69.07000000000001,0,2.2,0.0,3.713136287915683,0.0,3713.1362879156827
2006-01-07 17:30:00,18.5,56.34,423,78,815,65.01,0,2.4000000000000004,0.0,3.2603834106544802,0.0,3260.38341065448
2006-01-07 18:00:00,19.0,53.45,491,84,854,61.5,0,2.6,0.0,3.03885238441625,0.0,3038.8523844162496
2006-01-07 18:30:00,19.200000000000003,52.79,544,87,878,58.65,0,2.7,0.0,2.790830656073254,0.0,2790.830656073254
2006-01-07 19:00:00,19.4,52.07,582,94,886,56.57,0,2.8000000000000003,0.0,0.0,0.0,0.0
2006-01-07 19:30:00,19.4,52.01,604,95,895,55.35,0,2.9000000000000004,0.0,0.0,0.0,0.0
2006-01-07 20:00:00,19.4,51.96,608,98,890,55.03,1,2.9000000000000004,0.0,0.0,0.0,0.0
2006-01-07 20:30:00,19.3,52.28,536,213,572,55.64,7,2.9000000000000004,0.0,0.0,0.0,0.0
2006-01-07 21:00:00,19.200000000000003,52.72,567,99,863,57.15,0,2.9000000000000004,0.0,0.19555320862175085,0.0,195.55320862175085
2006-01-07 21:30:00,19.0,53.38,525,96,844,59.48,0,2.9000000000000004,0.0,0.37078003880096766,0.0,370.78003880096765
2006-01-07 22:00:00,18.8,54.25,464,99,792,62.55,1,2.9000000000000004,0.0,0.7688186282066107,0.0,768.8186282066107
2006-01-07 22:30:00,18.4,55.620000000000005,305,241,161,66.25,3,2.7,0.0,0.5112562951058197,0.0,511.25629510581973
2006-01-07 23:00:00,18.0,57.67,239,199,119,70.47,2,2.6,0.0,1.3415754671929476,0.0,1341.5754671929476
2006-01-07 23:30:00,16.900000000000002,61.8,222,72,582,75.13,1,2.2,0.0,2.460561093458199,0.0,2460.561093458199
2006-01-08 00:00:00,15.9,70.47,133,53,466,80.13,0,1.9,0.0,0.0,0.0,0.0
2006-01-08 00:30:00,15.2,73.69,50,30,254,85.37,0,1.8,0.0,0.24116769823353534,0.0,241.16769823353533
2006-01-08 01:00:00,14.6,76.9,0,0,0,91.11,0,1.8,0.0,0.9467331963384358,0.0,946.7331963384357
2006-01-08 01:30:00,14.3,78.4,0,0,0,96.86,0,1.7000000000000002,0.0,0.9102172243460813,0.0,910.2172243460814
2006-01-08 02:00:00,14.0,80.45,0,0,0,102.78,0,1.6,0.0,1.0385737518036486,0.0,1038.5737518036487
2006-01-08 02:30:00,13.8,81.5,0,0,0,108.82,0,1.5,0.0,0.9969268458797564,0.0,996.9268458797565
2006-01-08 03:00:00,13.7,83.28,0,0,0,114.96,0,1.3,0.0,1.1401359682266579,0.0,1140.135968226658
2006-01-08 03:30:00,13.7,83.28,0,0,0,121.17,0,1.2000000000000002,0.0,1.0917018255700794,0.0,1091.7018255700793
2006-01-08 04:00:00,13.6,84.25,0,0,0,127.44,0,1.1,0.0,1.2111810426762448,0.0,1211.1810426762447
2006-01-08 04:30:00,13.6,84.25,0,0,0,133.74,0,1.0,0.0,1.1617902206836683,0.0,1161.7902206836684
2006-01-08 05:00:00,13.6,84.52,0,0,0,140.04,0,0.9,0.0,1.2774296196062866,0.0,1277.4296196062867
2006-01-08 05:30:00,13.6,84.52,0,0,0,146.31,0,0.9,0.0,1.210780959198418,0.0,1210.780959198418
2006-01-08 06:00:00,13.6,84.57000000000001,0,0,0,152.48,0,0.9,0.0,4.192607840309441,0.0,4192.607840309442
2006-01-08 06:30:00,13.6,84.49,0,0,0,158.43,0,0.9,0.0,4.128889466571645,0.0,4128.889466571645
2006-01-08 07:00:00,13.5,84.5,0,0,0,163.89,0,0.9,0.05000000000000001,4.2337471878794535,50.00000000000001,4233.747187879453
2006-01-08 07:30:00,13.4,85.05,0,0,0,168.11,0,0.9,1.2333333333333334,4.191526907129486,1233.3333333333335,4191.526907129486
2006-01-08 08:00:00,13.3,84.39,0,0,0,169.46,0,1.0,2.6166666666666667,4.318549619443829,2616.6666666666665,4318.549619443828
2006-01-08 08:30:00,13.2,84.94,0,0,0,167.01,0,1.1,2.216666666666667,4.32965317573443,2216.666666666667,4329.65317573443
2006-01-08 09:00:00,13.0,84.26,0,0,0,162.27,0,1.2000000000000002,4.883333333333334,4.520690956134905,4883.333333333334,4520.690956134905
2006-01-08 09:30:00,12.8,85.37,0,0,0,156.61,0,1.3,5.733333333333333,4.568612330729625,5733.333333333333,4568.612330729625
2006-01-08 10:00:00,12.6,84.10000000000001,0,0,0,150.57,0,1.5,4.8500000000000005,4.752416687170616,4850.000000000001,4752.416687170616
2006-01-08 10:30:00,12.5,84.65,0,0,0,144.36,0,1.5,5.733333333333333,4.82106491169243,5733.333333333333,4821.06491169243
2006-01-08 11:00:00,12.4,82.27,0,0,0,138.08,0,1.5,6.866666666666667,5.036637846740607,6866.666666666667,5036.6378467406075
2006-01-08 11:30:00,12.4,82.27,0,0,0,131.77,0,1.5,5.8500000000000005,5.103711697964476,5850.000000000001,5103.711697964476
2006-01-08 12:00:00,12.4,78.99,0,0,0,125.47,0,1.5,6.3999999999999995,5.314798203704305,6399.999999999999,5314.798203704305
2006-01-08 12:30:00,12.4,78.99,0,0,0,119.22,0,1.5,8.1,5.381234268704173,8100.0,5381.234268704173
2006-01-08 13:00:00,12.3,76.24,0,0,0,113.02,0,1.5,6.433333333333334,5.593777337777469,6433.333333333334,5593.777337777469
2006-01-08 13:30:00,12.3,76.24,0,0,0,106.9,0,1.5,6.983333333333333,5.65883153262534,6983.333333333333,5658.8315326253405
2006-01-08 14:00:00,12.3,72.57000000000001,0,0,0,100.89,0,1.5,6.6000000000000005,5.864538110641812,6600.000000000001,5864.538110641812
2006-01-08 14:30:00,12.6,71.16,0,0,0,95.02,0,1.5,5.7,5.9204365314496155,5700.0,5920.436531449615
2006-01-08 15:00:00,12.9,68.97,12,10,113,88.92,0,1.5,3.983333333333333,5.978689878258098,3983.333333333333,5978.689878258098
2006-01-08 15:30:00,14.0,64.21000000000001,81,34,419,83.67,0,1.6,2.216666666666667,5.315850594406112,2216.666666666667,5315.850594406112
2006-01-08 16:00:00,15.1,58.68,170,52,588,78.48,0,1.8,0.6,4.719336840719771,600.0,4719.336840719771
2006-01-08 16:30:00,16.0,55.45,262,64,701,73.57000000000001,0,1.8,0.0,4.077068470906349,0.0,4077.0684709063494
2006-01-08 17:00:00,16.8,50.3,349,75,766,69.03,0,1.8,0.0,3.6701280254795,0.0,3670.1280254794997
2006-01-08 17:30:00,17.7,47.52,428,81,818,64.95,0,1.7000000000000002,0.0,3.2588577185084038,0.0,3258.8577185084037
2006-01-08 18:00:00,18.6,44.31,489,95,823,61.43,0,1.7000000000000002,0.0,3.0616797286541484,0.0,3061.679728654148
2006-01-08 18:30:00,19.200000000000003,42.64,543,100,849,58.56,0,1.7000000000000002,0.0,2.8162379734198315,0.0,2816.2379734198316
2006-01-08 19:00:00,19.8,39.46,579,105,857,56.47,0,1.8,0.0,0.0,0.0,0.0
2006-01-08 19:30:00,20.1,38.74,601,107,867,55.23,1,1.9,0.0,0.0,0.0,0.0
2006-01-08 20:00:00,20.4,37.77,608,107,871,54.89,0,2.1,0.0,0.0,0.0,0.0
2006-01-08 20:30:00,20.5,37.54,597,106,867,55.49,0,2.2,0.0,0.0,0.0,0.0
2006-01-08 21:00:00,20.6,37.67,565,111,833,56.99,0,2.3000000000000003,0.0,0.18163650820748467,0.0,181.63650820748467
2006-01-08 21:30:00,20.5,37.9,522,108,812,59.32,0,2.3000000000000003,0.0,0.36043342191616,0.0,360.43342191616
2006-01-08 22:00:00,20.3,38.89,465,102,783,62.38,0,2.3000000000000003,0.0,0.7982514854891141,0.0,798.2514854891141
2006-01-08 22:30:00,19.8,40.1,395,95,739,66.08,0,2.1,0.0,1.19249654982946,0.0,1192.49654982946
2006-01-08 23:00:00,19.3,44.83,316,83,690,70.3,0,2.0,0.0,1.870197054635335,0.0,1870.197054635335
2006-01-08 23:30:00,18.0,48.620000000000005,227,71,600,74.96000000000001,0,1.9,0.0,2.464936396512467,0.0,2464.936396512467
2006-01-09 00:00:00,16.6,59.32,137,52,488,79.97,0,1.8,0.0,0.0,0.0,0.0
2006-01-09 00:30:00,15.8,62.41,53,30,274,85.21000000000001,0,1.9,0.0,0.1431308638570079,0.0,143.1308638570079
2006-01-09 01:00:00,14.9,65.47,0,0,0,90.95,0,1.9,0.0,0.8653361044304895,0.0,865.3361044304895
2006-01-09 01:30:00,14.4,67.61,0,0,0,96.71,0,1.9,0.0,0.8137021746996893,0.0,813.7021746996893
2006-01-09 02:00:00,14.0,69.39,0,0,0,102.62,0,1.8,0.0,0.9399721416555131,0.0,939.9721416555132
2006-01-09 02:30:00,13.8,70.29,0,0,0,108.67,0,1.7000000000000002,0.0,0.8973353632940195,0.0,897.3353632940195
2006-01-09 03:00:00,13.6,68.83,0,0,0,114.81,0,1.7000000000000002,0.0,0.9857033846552858,0.0,985.7033846552858
2006-01-09 03:30:00,13.5,69.34,0,0,0,121.03,0,1.6,0.0,0.9395646747036925,0.0,939.5646747036925
2006-01-09 04:00:00,13.5,66.52,0,0,0,127.3,0,1.5,0.0,1.0373213272261208,0.0,1037.3213272261207
2006-01-09 04:30:00,13.4,66.95,0,0,0,133.6,0,1.6,0.0,0.9547075327300252,0.0,954.7075327300252
2006-01-09 05:00:00,13.3,65.02,0,0,0,139.9,0,1.6,0.0,1.0392086803472698,0.0,1039.2086803472698
2006-01-09 05:30:00,13.3,65.02,0,0,0,146.16,0,1.7000000000000002,0.0,0.9550895861161097,0.0,955.0895861161097
2006-01-09 06:00:00,13.2,63.15,0,0,0,152.33,0,1.9,0.0,3.8898508238971905,0.0,3889.8508238971904
2006-01-09 06:30:00,13.2,63.15,0,0,0,158.28,0,2.1,0.0,3.7914502269627324,0.0,3791.4502269627324
2006-01-09 07:00:00,13.1,61.35,0,0,0,163.73,0,2.2,0.0,3.8681757126617895,0.0,3868.1757126617895
2006-01-09 07:30:00,13.2,60.95,0,0,0,167.95000000000002,0,2.5,0.8833333333333333,3.76883411138766,883.3333333333333,3768.83411138766
2006-01-09 08:00:00,13.2,58.7,0,0,0,169.34,0,2.8000000000000003,2.983333333333333,3.8515147013405047,2983.333333333333,3851.514701340505
2006-01-09 08:30:00,13.3,58.32,0,0,0,166.95000000000002,0,3.0,4.383333333333334,3.840130423902008,4383.333333333334,3840.130423902008
2006-01-09 09:00:00,13.4,56.13,0,0,0,162.26,0,3.2,5.6000000000000005,4.005972602992719,5600.000000000001,4005.9726029927187
2006-01-09 09:30:00,13.5,55.76,0,0,0,156.62,0,3.4000000000000004,6.566666666666666,4.029193984336394,6566.666666666666,4029.193984336394
2006-01-09 10:00:00,13.6,54.24,0,0,0,150.59,0,3.5,7.166666666666667,4.230803421100456,7166.666666666667,4230.803421100456
2006-01-09 10:30:00,13.7,53.89,0,0,0,144.39,0,3.7,7.633333333333333,4.260095283832598,7633.333333333333,4260.095283832598
2006-01-09 11:00:00,13.9,52.25,0,0,0,138.1,0,3.9,7.933333333333334,4.446787293271742,7933.333333333334,4446.787293271742
2006-01-09 11:30:00,14.0,51.91,0,0,0,131.8,1,4.1000000000000005,7.8500000000000005,4.410174945596454,7850.000000000001,4410.174945596454
2006-01-09 12:00:00,14.1,50.25,0,0,0,125.5,1,4.2,7.75,4.613829750617146,7750.0,4613.829750617147
2006-01-09 12:30:00,14.2,49.93,0,0,0,119.24,0,4.3,7.5,4.728538938476971,7500.0,4728.538938476971
2006-01-09 13:00:00,14.2,48.09,0,0,0,113.04,0,4.4,7.1499999999999995,4.929468053092085,7149.999999999999,4929.468053092085
2006-01-09 13:30:00,14.2,48.09,0,0,0,106.92,1,4.6000000000000005,6.7,4.8923426924557045,6700.0,4892.342692455704
2006-01-09 14:00:00,14.2,45.9,0,0,0,100.9,0,4.800000000000001,5.966666666666666,5.138746134922796,5966.666666666666,5138.746134922796
2006-01-09 14:30:00,14.8,44.2,0,0,0,95.02,1,5.0,5.1000000000000005,5.0926703245211655,5100.000000000001,5092.670324521166
2006-01-09 15:00:00,15.3,41.48,12,10,100,88.92,1,5.2,4.0,5.115212771939477,4000.0,5115.2127719394775
2006-01-09 15:30:00,16.1,39.41,80,35,408,83.66,1,5.1000000000000005,2.4499999999999997,4.5186716957279,2449.9999999999995,4518.6716957278995
2006-01-09 16:00:00,17.0,37.68,170,51,594,78.46000000000001,0,5.0,0.6833333333333332,4.067513276125282,683.3333333333333,4067.5132761252817
2006-01-09 16:30:00,17.8,35.83,263,63,706,73.53,0,5.1000000000000005,0.0,3.415127600191946,0.0,3415.127600191946
2006-01-09 17:00:00,18.5,34.86,352,71,782,68.98,0,5.1000000000000005,0.0,3.048541038826212,0.0,3048.541038826212
2006-01-09 17:30:00,19.200000000000003,33.34,431,78,833,64.88,0,5.1000000000000005,0.0,2.622269967746832,0.0,2622.269967746832
2006-01-09 18:00:00,19.9,30.99,498,83,865,61.34,0,5.1000000000000005,0.0,2.4632206099525975,0.0,2463.2206099525974
2006-01-09 18:30:00,20.3,30.24,552,87,890,58.47,0,4.9,0.0,2.2647721315683818,0.0,2264.7721315683816
2006-01-09 19:00:00,20.700000000000003,28.8,594,91,908,56.35,0,4.7,0.0,0.0,0.0,0.0
2006-01-09 19:30:00,21.0,28.27,617,92,917,55.1,0,4.4,0.0,0.0,0.0,0.0
2006-01-09 20:00:00,21.200000000000003,27.3,622,95,913,54.75,0,4.2,0.0,0.0,0.0,0.0
2006-01-09 20:30:00,21.4,26.97,612,94,909,55.34,0,4.0,0.0,0.0,0.0,0.0
2006-01-09 21:00:00,21.5,26.12,584,93,898,56.83,0,3.8,0.0,0.0,0.0,0.0
2006-01-09 21:30:00,21.5,26.12,541,90,880,59.15,0,3.6,0.0,0.12578061605885038,0.0,125.78061605885038
2006-01-09 22:00:00,21.5,25.47,482,88,844,62.21,0,3.5,0.0,0.5520940974140158,0.0,552.0940974140158
2006-01-09 22:30:00,21.200000000000003,25.94,410,83,803,65.91,0,3.2,0.0,0.9543587562941203,0.0,954.3587562941202
2006-01-09 23:00:00,20.9,27.06,327,76,738,70.13,0,2.9000000000000004,0.0,1.6280665404326347,0.0,1628.0665404326346
2006-01-09 23:30:00,19.6,29.31,237,66,651,74.79,0,2.6,0.0,2.230611947073632,0.0,2230.611947073632
2006-01-10 00:00:00,18.2,35.17,143,53,506,79.8,0,2.2,0.0,0.0,0.0,0.0
2006-01-10 00:30:00,17.3,37.21,56,32,287,85.05,0,2.4000000000000004,0.0,0.0,0.0,0.0
2006-01-10 01:00:00,16.400000000000002,40.01,0,0,0,90.19,0,2.6,0.0,0.609441879739048,0.0,609.441879739048
2006-01-10 01:30:00,16.1,40.77,0,0,0,96.55,0,2.9000000000000004,0.0,0.4917758530077727,0.0,491.7758530077727
2006-01-10 02:00:00,15.8,41.91,0,0,0,102.47,0,3.2,0.0,0.5444651009723251,0.0,544.4651009723251
2006-01-10 02:30:00,15.5,42.72,0,0,0,108.51,0,3.4000000000000004,0.0,0.44807185720753506,0.0,448.07185720753506
2006-01-10 03:00:00,15.2,43.38,0,0,0,114.66,0,3.6,0.0,0.5130655503598593,0.0,513.0655503598593
2006-01-10 03:30:00,15.0,43.94,0,0,0,120.88,0,3.6,0.0,0.44904221010691425,0.0,449.04221010691424
2006-01-10 04:00:00,14.7,44.12,0,0,0,127.15,0,3.6,0.0,0.5450863547182994,0.0,545.0863547182994
2006-01-10 04:30:00,14.5,44.69,0,0,0,133.45,0,3.6,0.0,0.4802715378155964,0.0,480.2715378155964
2006-01-10 05:00:00,14.3,44.44,0,0,0,139.75,0,3.5,0.0,0.5916430302912088,0.0,591.6430302912088
2006-01-10 05:30:00,14.1,45.02,0,0,0,146.01,0,3.4000000000000004,0.0,0.5448890407140363,0.0,544.8890407140364
2006-01-10 06:00:00,13.9,45.27,0,0,0,152.18,0,3.3000000000000003,0.0,3.5442659056266326,0.0,3544.2659056266325
2006-01-10 06:30:00,13.8,45.56,0,0,0,158.12,0,3.2,0.0,3.4998076217777507,0.0,3499.8076217777507
2006-01-10 07:00:00,13.6,46.19,0,0,0,163.56,0,3.0,0.25,3.6430810867617662,250.0,3643.081086761766
2006-01-10 07:30:00,13.5,46.49,0,0,0,167.77,0,2.9000000000000004,1.95,3.6170712106870884,1950.0,3617.0712106870883
2006-01-10 08:00:00,13.3,46.89,0,0,0,169.20000000000002,0,2.8000000000000003,3.1,3.784038508856206,3100.0,3784.0385088562057
2006-01-10 08:30:00,13.2,47.19,0,0,0,166.88,0,2.7,4.3500000000000005,3.8274410334933915,4350.000000000001,3827.4410334933914
2006-01-10 09:00:00,13.1,47.57,0,0,0,162.24,0,2.5,5.383333333333333,4.076992383238453,5383.333333333333,4076.992383238453
2006-01-10 09:30:00,13.0,47.83,0,0,0,156.62,0,2.4000000000000004,6.183333333333334,4.15523753026661,6183.333333333334,4155.23753026661
2006-01-10 10:00:00,12.9,48.33,0,0,0,150.61,0,2.3000000000000003,6.816666666666666,4.402481793719232,6816.666666666666,4402.481793719233
2006-01-10 10:30:00,12.8,48.64,0,0,0,144.41,1,2.2,7.0,4.420160640060907,7000.0,4420.160640060906
2006-01-10 11:00:00,12.8,48.44,0,0,0,138.13,0,2.1,7.3,4.733780108879648,7300.0,4733.780108879648
2006-01-10 11:30:00,12.7,48.76,0,0,0,131.82,1,2.1,7.8500000000000005,4.7351104034202685,7850.000000000001,4735.110403420268
2006-01-10 12:00:00,12.6,48.61,0,0,0,125.52,0,2.0,8.2,5.048634568872949,8200.0,5048.634568872949
2006-01-10 12:30:00,12.6,48.61,0,0,0,119.26,1,2.0,8.133333333333333,5.048150839147148,8133.333333333333,5048.150839147148
2006-01-10 13:00:00,12.5,48.39,0,0,0,113.05,1,2.0,7.783333333333334,5.275703166431189,7783.333333333334,5275.703166431189
2006-01-10 13:30:00,12.5,48.39,0,0,0,106.93,1,1.9,7.116666666666667,5.358334092806352,7116.666666666667,5358.334092806352
2006-01-10 14:00:00,12.4,47.19,0,0,0,100.91,1,1.9,6.1499999999999995,5.578094075454866,6149.999999999999,5578.094075454866
2006-01-10 14:30:00,13.0,45.38,0,0,0,95.02,1,1.9,5.1000000000000005,5.633656163436848,5100.000000000001,5633.656163436848
2006-01-10 15:00:00,13.6,44.18,10,9,35,88.9,1,2.0,4.083333333333333,5.69780677852676,4083.333333333333,5697.80677852676
2006-01-10 15:30:00,15.0,40.37,72,41,276,83.64,1,2.4000000000000004,2.6833333333333336,4.9884478109161545,2683.3333333333335,4988.447810916155
2006-01-10 16:00:00,16.3,37.2,160,65,470,78.43,0,2.9000000000000004,0.85,4.379347848171566,850.0,4379.347848171566
2006-01-10 16:30:00,17.2,35.14,251,82,594,73.49,0,2.8000000000000003,0.0,3.7354533862693327,0.0,3735.4533862693324
2006-01-10 17:00:00,18.0,33.660000000000004,340,93,686,68.92,0,2.8000000000000003,0.0,3.342534273239086,0.0,3342.5342732390864
2006-01-10 17:30:00,18.8,32.02,418,101,744,64.81,0,2.6,0.0,2.9487593632584037,0.0,2948.759363258404
2006-01-10 18:00:00,19.6,28.43,499,89,854,61.26,0,2.3000000000000003,0.0,2.8826923205341766,0.0,2882.6923205341764
2006-01-10 18:30:00,20.3,27.2,553,92,880,58.36,0,1.9,0.0,2.7343183811666663,0.0,2734.3183811666663
2006-01-10 19:00:00,21.0,21.94,592,95,894,56.23,0,1.6,0.0,0.0,0.0,0.0
2006-01-10 19:30:00,21.3,21.54,615,97,903,54.96,0,1.3,0.0,0.0,0.0,0.0
2006-01-10 20:00:00,21.700000000000003,20.65,621,99,901,54.6,0,1.0,0.0,0.059279934195800355,0.0,59.27993419580035
2006-01-10 20:30:00,21.700000000000003,20.65,610,98,897,55.18,0,1.0,0.0,0.10283007697257895,0.0,102.83007697257895
2006-01-10 21:00:00,21.6,23.38,583,96,885,56.66,0,0.9,0.0,0.4006544476520606,0.0,400.6544476520606
2006-01-10 21:30:00,21.4,23.64,540,93,867,58.98,0,1.0,0.0,0.5545498677211205,0.0,554.5498677211204
2006-01-10 22:00:00,21.200000000000003,25.27,482,90,835,62.04,0,1.1,0.0,0.9552224575866841,0.0,955.2224575866841
2006-01-10 22:30:00,20.6,26.22,411,84,794,65.73,0,1.1,0.0,1.3018423826396948,0.0,1301.8423826396947
2006-01-10 23:00:00,20.1,31.28,328,77,733,69.96000000000001,0,1.2000000000000002,0.0,1.9256068586500392,0.0,1925.6068586500392
2006-01-10 23:30:00,18.8,33.9,238,66,648,74.62,0,1.1,0.0,2.5048089535592704,0.0,2504.8089535592703
2006-01-11 00:00:00,17.6,42.14,145,52,517,79.63,0,1.1,0.0,0.0,0.0,0.0
2006-01-11 00:30:00,16.900000000000002,44.04,58,31,307,84.89,0,1.2000000000000002,0.0,0.1291982186382854,0.0,129.1982186382854
2006-01-11 01:00:00,16.3,43.43,0,0,0,90.05,0,1.2000000000000002,0.0,0.8765473692179797,0.0,876.5473692179797
2006-01-11 01:30:00,16.0,44.27,0,0,0,96.39,0,1.4,0.0,0.7771419092799168,0.0,777.1419092799168
2006-01-11 02:00:00,15.7,44.6,0,0,0,102.31,0,1.5,0.0,0.860213316737604,0.0,860.213316737604
2006-01-11 02:30:00,15.4,45.46,0,0,0,108.36,0,1.6,0.0,0.7815850317073065,0.0,781.5850317073065
2006-01-11 03:00:00,15.2,46.15,0,0,0,114.51,0,1.6,0.0,0.8825113265461939,0.0,882.5113265461939
2006-01-11 03:30:00,15.1,46.45,0,0,0,120.73,0,1.6,0.0,0.8175588804402671,0.0,817.5588804402671
2006-01-11 04:00:00,15.0,47.93,0,0,0,127.0,0,1.5,0.0,0.9400422516406772,0.0,940.0422516406773
2006-01-11 04:30:00,14.8,48.55,0,0,0,133.3,0,1.4,0.0,0.893098691176466,0.0,893.098691176466
2006-01-11 05:00:00,14.7,50.44,0,0,0,139.6,0,1.3,0.0,1.0176782735367202,0.0,1017.6782735367202
2006-01-11 05:30:00,14.5,51.1,0,0,0,145.86,0,1.2000000000000002,0.0,0.9713955238174685,0.0,971.3955238174685
2006-01-11 06:00:00,14.4,52.69,0,0,0,152.02,0,1.1,0.0,3.9793743777394974,0.0,3979.3743777394975
2006-01-11 06:30:00,14.2,53.370000000000005,0,0,0,157.96,0,1.1,0.0,3.919034232985428,0.0,3919.0342329854284
2006-01-11 07:00:00,14.1,54.48,0,0,0,163.39,0,1.1,0.0,4.0306903954516455,0.0,4030.6903954516456
2006-01-11 07:30:00,13.9,55.19,0,0,0,167.6,0,1.0,0.85,4.006493199963551,850.0,4006.4931999635514
2006-01-11 08:00:00,13.8,55.47,0,0,0,169.05,0,1.0,3.033333333333333,4.155566735095757,3033.333333333333,4155.566735095757
2006-01-11 08:30:00,13.6,56.2,0,0,0,166.8,0,1.0,4.5,4.182578934828716,4500.0,4182.578934828716
2006-01-11 09:00:00,13.4,55.85,0,0,0,162.21,0,1.0,5.55,4.391542845610408,5550.0,4391.542845610407
2006-01-11 09:30:00,13.3,56.21,0,0,0,156.62,0,1.0,6.333333333333333,4.452481417821675,6333.333333333333,4452.481417821675
